岗位代码,批次,城市,招聘单位,工作部门,岗位职责,岗位等级,招聘人数,考生类别,学历要求,学位要求,专业要求(大专),专业要求(本科),专业要求(研究生),年龄,放宽年龄(硕士),工作经历,资格证书,职称要求,政治面貌,考试方式,专项招聘对象,户籍要求,其他条件,链接,主管部门,经费来源,其他说明,考试形式和比例,其他条件原文,咨询电话,工作要求（不影响报考）
1001-001,2026-shengshu,南京,南京中国近代史遗址博物馆管理建设办公室,展览研究,从事展览研究、纸质文物修复装裱工作,其他专技类,1,2026年毕业生,本科以上,,,文物与博物馆、文物修复与保护、博物馆学、文物鉴赏与修复,文物与博物馆、文物修复与保护、博物馆学、文物鉴赏与修复,,,,,,,笔试+面试,,,,,省政协办公厅,全额拨款,进编,面试50%,取得相应学位,"025-83273222
刘张平",
1001-002,2026-shengshu,南京,南京中国近代史遗址博物馆管理建设办公室,旅游管理,从事景区、博物馆旅游管理工作,管理类,1,2026年毕业生,本科以上,,,旅游管理、旅游管理与服务教育、旅游规划与设计、文化产业管理,旅游管理、旅游管理与服务教育、旅游规划与设计、文化产业管理,,,,,,,笔试+面试,,,,,省政协办公厅,全额拨款,进编,面试50%,取得相应学位,"025-83273222
刘张平",
1001-003,2026-shengshu,南京,南京中国近代史遗址博物馆管理建设办公室,安全生产,从事安全生产、安全管理工作,其他专技类,1,社会人员,本科以上,,,安全技术及工程、安全科学与工程、安全工程、安全防范工程、消防工程、应急管理、应急技术与管理、智慧应急,安全技术及工程、安全科学与工程、安全工程、安全防范工程、消防工程、应急管理、应急技术与管理、智慧应急,,,3年以上相关工作经历,,,,笔试+面试,,,,,省政协办公厅,全额拨款,进编，经常值班,面试50%,取得相应学位；3年以上相关工作经历,"025-83273222
刘张平",
1002-004,2026-shengshu,江苏,机关服务中心,行政事务,从事有关活动组织协调及服务保障工作,管理类,1,社会人员,本科以上,,,汉语言文学、秘书学、思想政治教育、行政管理,汉语言文学、秘书学、思想政治教育、行政管理,,,3年以上相关工作经历,,,,笔试+面试,,,,,省政协办公厅,全额拨款,进编,面试50%,取得相应学位；3年以上相关工作经历,"025-83273222
刘张平",
1002-005,2026-shengshu,江苏,机关服务中心,网络管理,从事网络技术保障及应用管理工作,其他专技类,1,社会人员,本科以上,,,网络工程、网络与信息安全、计算机科学与技术、计算机应用,网络工程、网络与信息安全、计算机科学与技术、计算机应用,,,3年以上相关工作经历,,,,笔试+面试,,,,,省政协办公厅,全额拨款,进编,面试50%,取得相应学位；3年以上相关工作经历,"025-83273222
刘张平",
1003-006,2026-shengshu,江苏,江苏省检察官学院,综合管理,从事人事管理及其他综合事务,管理类,1,社会人员,本科以上,,,中文文秘类、法律类、公共管理类,中文文秘类、法律类、公共管理类,,,具有2年及以上人事（人力资源）管理相关工作经历,,,,笔试+面试,,,,,省人民检察院,差额拨款,进编，工作地点为江苏省句容市,面试25%，专业测试25%,取得相应学位；具有2年及以上人事（人力资源）管理相关工作经历,"0511-80780082
025-83798262
于老师",
1004-007,2026-shengshu,江苏,省习近平新时代中国特色社会主义思想研究中心办公室,理论研究,从事党的创新理论研究阐释工作,其他专技类,1,不限,博士研究生,,,,哲学、经济学、法学、政治学、马克思主义理论、中共党史党建学、中国语言文学、历史学,,,,,,中共党员,笔试+面试,,,以第一作者发表CSSCI来源期刊论文,,省委宣传部,全额拨款,,面试50%,取得相应学位；中共党员；以第一作者发表CSSCI来源期刊论文,025-88802944，金根,
1005-008,2026-shengshu,江苏,省新闻工作者协会,新闻研究及对外交流,文字材料撰写、新闻行业发展研究、国际传播交流相关工作等,管理类,1,社会人员,本科以上,,,中文文秘类,中文文秘类,38周岁以下,,,,具有新闻系列中级及以上专业技术职称,中共党员,笔试+面试,,,,,省委宣传部,全额拨款,,面试50%,38周岁以下；中共党员；具有相应学位；具有新闻系列中级及以上专业技术职称。,025-58682820， 温庆航,
1006-009,2026-shengshu,江苏,省新闻出版学校,室内设计专业教师,承担SketchUp、AutoCAD等专业课程教学,其他专技类,1,不限,硕士研究生以上,,,,艺术设计、设计艺术学、设计学、工业设计工程,,,,,,,笔试+面试,,,,,省委宣传部,全额拨款,,面试50%,,"025-52416522，
姜苏",
1006-010,2026-shengshu,江苏,省新闻出版学校,广告艺术设计专业教师,承担界面设计、VI设计等专业课程教学,其他专技类,1,不限,硕士研究生以上,,,,艺术设计、广播电视、戏剧与影视、设计艺术学,,,,,,,笔试+面试,,,,,省委宣传部,全额拨款,,面试50%,,"025-52416522，
姜苏",
1006-011,2026-shengshu,江苏,省新闻出版学校,视觉传达设计专业教师,承担音视频剪辑、影视后期特效制作等专业课程教学,其他专技类,1,2026年毕业生,硕士研究生以上,,,,艺术设计、广播电视、设计艺术学、设计学,,,,,,,笔试+面试,,,,,省委宣传部,全额拨款,,面试50%,,"025-52416522，
姜苏",
1006-012,2026-shengshu,江苏,省新闻出版学校,语文教师,承担语文学科教学与科研工作,其他专技类,1,2026年毕业生,硕士研究生以上,,,,学科教学（语文）、中国古代文学、汉语言文字学、中国文学与文化,,,,具有中职（或高中、高校）教师资格证书,,,笔试+面试,,,,,省委宣传部,全额拨款,,面试50%,具有中职（或高中、高校）教师资格证书,"025-52416522，
姜苏",
1006-013,2026-shengshu,江苏,省新闻出版学校,数字图文信息处理技术专业教师,承担平面设计、印前工艺等专业课程教学,其他专技类,1,2026年毕业生,硕士研究生以上,,,,艺术设计、设计艺术学、设计学、工业设计工程,,,,,,,笔试+面试,,,,,省委宣传部,全额拨款,,面试50%,,"025-52416522，
姜苏",
1006-014,2026-shengshu,江苏,省新闻出版学校,网络新闻与传播专业教师,承担影视剪辑、影视制作等专业课程教学,其他专技类,1,不限,硕士研究生以上,,,,戏剧与影视、新闻与传播、广播电视、广播电视艺术学,,,,,,,笔试+面试,,,,,省委宣传部,全额拨款,,面试50%,,"025-52416522，
姜苏",
1007-015,2026-shengshu,江苏,省委统战部信息中心,信息化建设管理,承担机关政务应用软硬件运维、软件代码优化、信息化建设筹划等,计算机类,1,不限,硕士研究生以上,,,,计算机应用技术，计算机技术，计算机科学与技术，大数据技术与工程，人工智能，软件工程,,,具有3年及以上信息化相关工作经验,,,,笔试+面试,,,,,省委统战部,全额拨款,进编，经常加班、出差,面试30%，专业测试20%,具有3年及以上信息化相关工作经验,"025-83167097（兼传真）
于老师",
1008-016,2026-shengshu,江苏,江苏省社会治安综合治理中心,网上社情民意分析,从事网上社情民意分析服务等工作,管理类,2,社会人员,本科以上,,,中文文秘类、社会政治类、法律类,中文文秘类、社会政治类、法律类,,,具有2年及以上网上社情民意分析或新闻宣传工作经历,,,,笔试+面试,,,,,省委政法委,全额拨款,进编；需值夜班,面试50%,取得相应学位;具有2年及以上网上社情民意分析或新闻宣传工作经历,"025-83395275
李亚男",
1008-017,2026-shengshu,江苏,江苏省社会治安综合治理中心,综合研究管理,从事社会治安综合治理调查研究和综合文稿起草等工作,管理类,1,社会人员,本科以上,,,社会政治类、法律类,社会政治类、法律类,,,,,,,笔试+面试,,,,,省委政法委,全额拨款,进编；需值夜班,面试50%,取得相应学位,"025-83395275
李亚男",
1008-018,2026-shengshu,江苏,江苏省社会治安综合治理中心,信息监测分析,从事社会治安综合治理信息收集监测分析研判等工作,其他专技类,1,2026年毕业生,硕士研究生,,,,计算机类,,,,,,,笔试+面试,,,,,省委政法委,全额拨款,进编；需值夜班,面试50%,取得相应学位,"025-83395275
李亚男",
1009-019,2026-shengshu,江苏,江苏省网络安全应急指挥中心,综合文字岗,参与文电运转、综合协调、文稿起草等工作,管理类,1,社会人员,本科以上,,,中文文秘类，社会政治类,中文文秘类，社会政治类,,,具有2年及以上相关工作经历,,,中共党员,笔试+面试,,,,,中共江苏省委网信办,全额拨款,进编，需常态值夜班,面试50%,取得相应学位；中共党员；具有2年及以上相关工作经历,"025-86292722，
赵勇；
025-86292768，
王文亮",
1009-020,2026-shengshu,江苏,江苏省网络安全应急指挥中心,网络内容管理岗,参与文电运转、网络内容管理有关工作,管理类,1,2026年毕业生,硕士研究生以上,,,,中文文秘类，社会政治类，经济类,,,,,,中共党员,笔试+面试,,,,,中共江苏省委网信办,全额拨款,进编，需常态值夜班,面试50%,取得相应学位；中共党员,"025-86292768，
王文亮；
025-86292722，
赵勇",
1009-021,2026-shengshu,江苏,江苏省网络安全应急指挥中心,网络安全管理岗,参与网络安全管理、网络运行技术保障等有关工作,计算机类,1,2026年毕业生,硕士研究生以上,,,,计算机（网络管理）类,,,,,,中共党员,笔试+面试,,,,,中共江苏省委网信办,全额拨款,进编，需常态值夜班,面试50%,取得相应学位；中共党员,"025-86292768，
王文亮；
025-86292722，
赵勇",
1010-022,2026-shengshu,江苏,江苏省金融信息服务中心,人工智能应用,负责人工智能技术在金融领域的规划编制、场景应用、系统研发等。,计算机类,1,社会人员,硕士研究生以上,,,,计算机类、计算机（软件）类、计算机（网络管理）类,,,具备3年及以上人工智能应用场景研发与落地实施相关工作经验,,,,笔试+面试,,,,,中共江苏省委金融委员会办公室,全额拨款,进编；按1:5内确定专业测试人选，按笔试50%+专业测试30%成绩排序，按1:3内确定面试人选,专业测试30%，面试20%,取得相应学位；具备3年及以上人工智能应用场景研发与落地实施相关工作经验。,"电话83338935，钱老师；
电话：83338919，陈老师。",
1011-023,2026-shengshu,江苏,《世纪风采》杂志社,新媒体编辑,新媒体运营,其他专技类,1,社会人员,本科以上,,,新闻学、汉语言文学、网络与新媒体、中共党史、中国近现代史,新闻学、汉语言文学、网络与新媒体、中共党史、中国近现代史,,,,,,中共党员,笔试+面试,,,,,省委党史工作办公室,差额拨款,进编,面试50%,中共党员,"025-83392830
蔡琦",
1012-024,2026-shengshu,江苏,江苏省妇女事业发展研究中心,宣传策划岗,从事活动策划执行、文稿撰写、行政等相关工作,其他专技类,1,不限,硕士研究生以上,,,,中文文秘类,,,,,,,笔试+面试,,,,,省妇女联合会,全额拨款,进编,面试50%,无,"025-86612501
张祝艳
025-86619319（传真）",
1013-025,2026-shengshu,江苏,江苏省妇女儿童活动中心,财务岗,从事财务会计等工作,经济类（会计、审计）,1,2026年毕业生,本科以上,,,会计、会计学、财务管理、财务会计与审计、审计学、税务、财税、大数据与财务管理、大数据与会计、大数据与审计,会计、会计学、财务管理、财务会计与审计、审计学、税务、财税、大数据与财务管理、大数据与会计、大数据与审计,,,,,,,笔试+面试,,,,,省妇女联合会,全额拨款,进编,面试50%,取得相应学位,"025-86568204； （兼传真）
杨荔",
1014-026,2026-shengshu,江苏,江苏文学院,文学管理与服务,文学项目组织实施及相关文字材料撰写；新媒体内容制作与传播。,其他专技类,1,不限,硕士研究生以上,,,,中国现当代文学、文艺学、比较文学与世界文学、中国语言文学,,,,,,,笔试+面试,,,,,省作家协会,全额拨款,进编,面试50%,取得相应学位,"025-86486020（兼传真）
王老师",
1015-027,2026-shengshu,江苏,江苏省社科联社科研究中心（江苏省社科信息中心）,科研管理,从事社科科研管理、成果转化等相关工作,管理类,1,2026年毕业生,博士研究生,,,,中国语言文学、新闻传播学、图书情报、社会学、马克思主义基本原理,,,,,,,笔试+面试,,,,,省哲学社会科学界联合会,全额拨款,进编,面试50%,取得相应学位,"025-83370745
常帅",
1016-028,2026-shengshu,江苏,江苏省社会科学学术活动组织联络中心,编辑,从事期刊编辑工作,其他专技类,1,不限,硕士研究生以上,,,,哲学、政治经济学、教育学、中国史,,,具有3年以上期刊编辑工作经历,,,,笔试+面试,,,,,省哲学社会科学界联合会,全额拨款,进编,面试50%,取得相应学位；具有3年以上期刊编辑工作经历,"025-83370745
常帅",
1016-029,2026-shengshu,江苏,江苏省社会科学学术活动组织联络中心,编辑,从事编辑、校对、发行、新媒体运营等工作,其他专技类,1,不限,硕士研究生以上,,,,中国语言文学、社会学、数字经济、政治经济学,,,具有2年以上出版或新媒体运营工作经历,,,,笔试+面试,,,,,省哲学社会科学界联合会,全额拨款,进编,面试50%,取得相应学位；具有2年以上出版或新媒体运营工作经历,"025-83370745
常帅",
1017-030,2026-shengshu,江苏,省儿童康复研究中心,康复指导教师,从事学前特殊儿童康复教学及科研工作,其他专技类,1,社会人员,本科以上,,,学前教育、特殊教育、康复治疗、运动康复、言语听觉科学、健康管理,学前教育、特殊教育、康复治疗、运动康复、言语听觉科学、健康管理,,,具有3年以上相关工作经验,,,,笔试+面试,,,,,省残疾人联合会,全额拨款,进编,面试50%,取得相应学位；具有3年以上相关工作经验,"025-86993731,
陈老师",
1018-031,2026-shengshu,江苏,江苏省残疾人就业管理中心,文秘与行政管理,从事文秘及行政管理相关工作,管理类,1,2026年毕业生,硕士研究生,,,,中国现当代文学、社会学、新闻与传播、法学、人力资源管理,,,,,,,笔试+面试,,,,,省残疾人联合会,全额拨款,进编,面试50%,取得相应学位,"025-86993778
彭老师",
1019-032,2026-shengshu,南京,江苏省专用通信局南京分局,话务员,从事党政专用通信话务服务保障工作,其他专技类,2,社会人员,大学本科,,,不限,,,,,具有普通话二级甲等及以上水平测试等级证书,,,笔试+面试,,,,,省专用通信局,全额拨款,进编；需要常态化轮班、值夜班。,专业测试30%，面试20%,1.具有普通话二级甲等及以上水平测试等级证书；2.所在部门系全部为女性的巾帼文明岗，需与女同事“双岗”值守夜班，限女性,"025-63090046；025-83736392（兼传真）
杨聪明",所在部门系全部为女性的巾帼文明岗，需与女同事“双岗”值守夜班，限女性
1019-033,2026-shengshu,南京,江苏省专用通信局南京分局,动力设备维护管理,从事通信机房与应急机动动力设备维护管理工作。,其他专技类,1,2026年毕业生,大学本科以上,,,电力系统及其自动化、电工理论与新技术、电气工程及其自动化、电气工程与智能控制,电力系统及其自动化、电工理论与新技术、电气工程及其自动化、电气工程与智能控制,,,,,,,笔试+面试,,,,,省专用通信局,全额拨款,进编；需要常态化轮班、值夜班。能适应经常性户外维护作业需要。,面试50%,取得相应学位,"025-83704466；025-83736392（兼传真）
杨聪明",
1020-034,2026-shengshu,江苏,省政府办公厅后勤服务中心,服务保障管理,从事后勤服务保障等相关管理工作,管理类,1,社会人员,本科以上,,,行政管理、公共事业管理、食品经济管理、烹饪与餐饮管理、现代物业管理,行政管理、公共事业管理、食品经济管理、烹饪与餐饮管理、现代物业管理,,,具有三年及以上相关工作经历,,,,笔试+面试,,,,,江苏省人民政府办公厅,全额拨款,进编；需要加班、值班,面试50%,1.取得相应学位；2.具有三年及以上相关工作经历,02583396394 02583396603（传真）     联系人：王翔,
1020-035,2026-shengshu,江苏,省政府办公厅后勤服务中心,办公室综合管理,从事文字处理、综合事务性工作,管理类,1,2026年毕业生,硕士研究生,,,,语言学及应用语言学、新闻与传播、法学、法律（法学）、马克思主义理论,,,,,,,笔试+面试,,,,,江苏省人民政府办公厅,全额拨款,进编；需要加班、值班,面试50%,1.取得相应学位；2.具有较强的文字综合能力、组织协调沟通能力,025-83396394 025-83396603（传真）     联系人：王翔,具有较强的文字综合能力、组织协调沟通能力
1021-036,2026-shengshu,江苏,江苏省战略与发展研究中心,战略研究（专技十二级岗位）,主要从事战略研究，开展相关决策咨询专业技术工作。,经济类（统计、其他经济）,2,2026年毕业生,硕士研究生以上,,,,应用经济学，产业经济学，区域经济学，世界经济，区域国别学，城乡规划，城乡规划学，城市与区域规划，人文地理与城乡规划，人文地理学，公共政策学,,,,,,,笔试+面试,,,本科阶段为经济类专业,,江苏省发展和改革委员会,全额拨款,进编；经常加班、出差调研。,专业测试30%，面试20%,1、取得相应学位；2、本科阶段为经济类专业；3、具有较强的文字综合能力、组织协调沟通能力。,025-83390419，储老师,具有较强的文字综合能力、组织协调沟通能力
1021-037,2026-shengshu,江苏,江苏省战略与发展研究中心,经济研究（专技十二级岗位）,主要从事经济研究，开展相关决策咨询专业技术工作。,经济类（统计、其他经济）,2,2026年毕业生,硕士研究生以上,,,,产业经济学，应用经济学，农业经济管理，农村与区域发展，农村发展，数字经济，大数据技术与应用,,,,,,,笔试+面试,,,本科阶段为经济类专业,,江苏省发展和改革委员会,全额拨款,进编；经常加班、出差调研。,专业测试30%，面试20%,1、取得相应学位；2、本科阶段为经济类专业；3、具有较强的文字综合能力、组织协调沟通能力。,025-83390419，储老师,具有较强的文字综合能力、组织协调沟通能力
1021-038,2026-shengshu,江苏,江苏省战略与发展研究中心,行业分析（专技十二级岗位）,主要从事行业分析研究相关工作。,经济类（统计、其他经济）,2,2026年毕业生,本科以上,,,产业经济学，能源经济，清洁能源技术，电力系统及其自动化，电气工程，大数据技术与工程，大数据技术与应用,产业经济学，能源经济，清洁能源技术，电力系统及其自动化，电气工程，大数据技术与工程，大数据技术与应用,,,,,,,笔试+面试,,,,,江苏省发展和改革委员会,全额拨款,进编；经常加班、出差调研。,专业测试30%，面试20%,1、取得相应学位；2、具有较强的文字综合能力、组织协调沟通能力。,025-83390419，储老师,具有较强的文字综合能力、组织协调沟通能力
1021-039,2026-shengshu,江苏,江苏省战略与发展研究中心,改革工作研究（九级管理岗位）,主要从事改革工作研究相关工作。,管理类,2,2026年毕业生,本科以上,,,政治经济学，金融学，财政学，投资学，经济管理，公共管理，公共政策学，社会保障，经济法，经济法学，马克思主义理论,政治经济学，金融学，财政学，投资学，经济管理，公共管理，公共政策学，社会保障，经济法，经济法学，马克思主义理论,,,,,,,笔试+面试,,,,,江苏省发展和改革委员会,全额拨款,进编；经常加班、出差调研。,专业测试30%，面试20%,1、取得相应学位；2、具有较强的文字综合能力、组织协调沟通能力。,025-83390419，储老师,具有较强的文字综合能力、组织协调沟通能力
1022-040,2026-shengshu,江苏,江苏联合职业技术学院,招生就业与对外合作处岗位,主要承担招生就业、对外合作交流等具体管理工作,管理类,1,2026年毕业生,硕士研究生以上,,,,思想政治教育、新闻与传播、职业技术教育学、教育管理、大数据技术与工程、人工智能,,,,,,,笔试+面试,,,,,江苏省教育厅,全额拨款,进编,面试50%,取得相应学位；具备较强的数据采集、分析和解读能力，拥有较高的信息素养与快速学习能力，文字功底扎实,"025-83335149
，谢老师",具备较强的数据采集、分析和解读能力，拥有较高的信息素养与快速学习能力，文字功底扎实
1023-041,2026-shengshu,江苏,江苏教育报刊总社（江苏省教育厅教育宣传中心）,编辑出版1,编辑岗位，承担教育媒体栏目内容的策划、编辑、校对等工作,其他专技类,1,社会人员,本科以上,,,不限,不限,,,具有三年以上教育媒体工作经历,,具有出版专业中级及以上职称,,笔试+面试,,,,,江苏省教育厅,差额拨款,进编,面试50%,取得相应学位；具有三年以上教育媒体工作经历；具有出版专业中级及以上职称,025-86275635，张老师,
1023-042,2026-shengshu,江苏,江苏教育报刊总社（江苏省教育厅教育宣传中心）,编辑出版2,文科编辑岗位，承担教育报刊文科栏目内容的采写、编校等工作,其他专技类,1,2026年毕业生,本科以上,,,汉语言文学、中国语言文化、汉语言文字学、中国古代文学、中国现当代文学、中国语言文学、新闻学、传播学、新闻与传播,汉语言文学、中国语言文化、汉语言文字学、中国古代文学、中国现当代文学、中国语言文学、新闻学、传播学、新闻与传播,,,,,,,笔试+面试,,,,,江苏省教育厅,差额拨款,进编,面试50%,取得相应学位；具有较强的文字表达能力和沟通协调能力,025-86275635，张老师,具有较强的文字表达能力和沟通协调能力
1024-043,2026-shengshu,江苏,江苏省教育信息化与数据管理中心,信息化与数据管理,从事网络技术安全保障、信息系统运维和数据资源利用等相关工作,计算机类,1,社会人员,硕士研究生以上,,,,计算机（软件）类、计算机（网络管理）类,,,,,,,笔试+面试,,,本科阶段所学专业为计算机类,,江苏省教育厅,全额拨款,进编,面试50%,取得相应学位；本科阶段所学专业为计算机类,025-83752112，徐老师,
1024-044,2026-shengshu,江苏,江苏省教育信息化与数据管理中心,人工智能教育应用,从事智能教育项目的规划与实施相关工作,计算机类,1,2026年毕业生,硕士研究生以上,,,,人工智能、模式识别与智能系统、智能科学与技术、大数据技术与工程、数据科学与大数据技术,,,,,,,笔试+面试,,,本科阶段所学专业为计算机类,,江苏省教育厅,全额拨款,进编,面试50%,取得相应学位；本科阶段所学专业为计算机类,025-83752112，徐老师,
1025-045,2026-shengshu,江苏,江苏省高校科技发展中心,高校科技成果转化服务岗位,从事高校科技成果转移转化服务，区域中心相关业务工作,计算机类,2,2026年毕业生,硕士研究生以上,,,,计算机类、计算机（软件）类、计算机（网络管理）类、电子信息类,,,,,,,笔试+面试,,,,,江苏省教育厅,自收自支,进编,面试30%，专业测试20%,取得相应学位；有较强的文字能力和沟通协调能力,025-83335577，郭老师,有较强的文字能力和沟通协调能力
1026-046,2026-shengshu,江苏,江苏省教育财务结算中心,会计,从事单位会计相关工作,经济类（会计、审计）,2,2026年毕业生,硕士研究生以上,,,,财务财会类,,,,,,,笔试+面试,,,,,江苏省教育厅,全额拨款,进编,面试50%,取得相应学位,025-83335105、83335796，郭老师,
1027-047,2026-shengshu,江苏,江苏省高校招生就业指导服务中心（江苏省教育人才服务中心）,就创业指导服务,承担高校大学生就业创业指导服务等工作,管理类,1,2026年毕业生,硕士研究生以上,,,,统计类、计算机类、机械工程类,,,,,,,笔试+面试,,,,,江苏省教育厅,差额拨款,进全额拨款编制；需经常加班、出差,面试50%,取得相应学位,025-83335319，江老师,
1027-048,2026-shengshu,江苏,江苏省高校招生就业指导服务中心（江苏省教育人才服务中心）,就创业指导服务,承担高校大学生就业创业指导服务等工作,管理类,1,社会人员,本科以上,,,经济类、公共管理类、教育类,经济类、公共管理类、教育类,,,具有两年以上就业创业指导和服务相关工作经历,,,,笔试+面试,,,,,江苏省教育厅,差额拨款,进自收自支编制；需经常加班、出差,面试50%,取得相应学位；具有两年以上就业创业指导和服务相关工作经历,025-83335319，江老师,
1028-049,2026-shengshu,江苏,江苏省高校毕业生就业研究中心,信息化与数据管理,从事相关就业数据的管理与利用、网络技术安全保障、信息系统运维等工作,计算机类,2,不限,硕士研究生以上,,,,计算机科学与技术、计算机应用技术、计算机技术、网络空间安全、网络与信息安全、信息安全、信息与通信工程、大数据技术与工程,,,,,,,笔试+面试,,,,,江苏省教育厅,全额拨款,进编；需经常加班；能适应经常性出差和课题调研工作需要；工作地点：苏州市,面试25%，专业测试25%,取得相应学位；具有较强的信息化与数据管理能力,0512-66066659，亓老师,具有较强的信息化与数据管理能力
1029-050,2026-shengshu,江苏,江苏省新质生产力促进中心,创新管理服务岗,主要从事科技项目管理服务以及有关宣传、协调、对外联络等工作,其他专技类,1,社会人员,硕士研究生,,,,工程管理、工商管理、企业管理、国际商务、人力资源管理、工业工程、行政管理、项目管理、农村与区域发展,,,具有三年以上从事科技创新管理服务相关工作经历,,具有中级及以上专业技术职称,,笔试+面试,,,,,江苏省科学技术厅,全额拨款,进编,面试50%,取得相应学位；具有中级及以上专业技术职称；具有三年以上从事科技创新管理服务相关工作经历。,"孟明锐
025-
85485858
何程
025-85485988",
1029-051,2026-shengshu,江苏,江苏省新质生产力促进中心,技术转移服务岗,主要从事技术转移和科技成果转化服务等工作，协调对接高校院所等科研机构和科技服务机构,计算机类,1,2026年毕业生,硕士研究生,,,,计算机应用技术、量子技术、大数据技术与工程、人工智能、人工智能工程技术、虚拟现实技术、虚拟现实技术与应用,,,,,,,笔试+面试,,,,,江苏省科学技术厅,全额拨款,进编,面试50%,取得相应学位,"孟明锐
025-
85485858
何程
025-85485988",
1030-052,2026-shengshu,江苏,江苏省科学技术发展战略研究院,科技前沿技术分析岗,主要从事科技前沿技术发展与产业动态的研判分析工作,其他专技类,2,2026年毕业生,博士研究生,,,,电子信息类，基础理学类,,,,,,,笔试+面试,,,,,江苏省科学技术厅,全额拨款,进编,面试50%,取得相应学位,"李文静、夏建林
025-85410448",
1030-053,2026-shengshu,江苏,江苏省科学技术发展战略研究院,科技信息与数据开发岗,开展科技信息与大数据开发研究，计算机网络维护与管理相关工作,计算机类,2,2026年毕业生,硕士研究生以上,,,,计算机类,,,,,,,笔试+面试,,,,,江苏省科学技术厅,全额拨款,进编,面试50%,取得相应学位,"李文静、夏建林
025-85410448",
1031-054,2026-shengshu,江苏,江苏省科学技术情报研究所,科技研究与服务岗,主要从事科技研究与咨询管理服务工作,其他专技类,3,社会人员,硕士研究生以上,,,,经济类，公共管理类，中文文秘类，化学工程类，生物工程类,,,具有5年及以上科技研究相关工作经历,,具备研究系列中级专业技术职称,,笔试+面试,,,省级及以上期刊发表论文2篇及以上,,江苏省科学技术厅,全额拨款,进编,面试50%,取得相应学位；具备研究系列中级专业技术职称；省级及以上期刊发表论文2篇及以上；具有5年及以上科技研究相关工作经历。,"李文静、夏建林
025-85410448",
1031-055,2026-shengshu,江苏,江苏省科学技术情报研究所,纪检监督岗,负责纪检监督、廉政建设及信访接待等工作,法律类,1,社会人员,硕士研究生以上,,,,法律类,,,具有2年及以上法律相关工作经历,,,,笔试+面试,,,,,江苏省科学技术厅,全额拨款,进编,面试50%,取得相应学位，具有2年及以上法律相关工作经历。,"李文静、夏建林
025-85410448",
1031-056,2026-shengshu,江苏,江苏省科学技术情报研究所,财务会计岗,主要从事会计及财会管理相关工作,经济类（会计、审计）,1,社会人员,硕士研究生以上,,,,财务财会类,,,具有2年及以上财务或会计岗位工作经历,,,,笔试+面试,,,,,江苏省科学技术厅,全额拨款,进编,面试50%,取得相应学位，具有2年及以上财务或会计岗位工作经历。,"李文静、夏建林
025-85410448",
1031-057,2026-shengshu,江苏,江苏省科学技术情报研究所,期刊编辑岗,主要从事新能源期刊编辑相关工作,其他专技类,1,2026年毕业生,硕士研究生以上,,,,能源动力类,,,,,,,笔试+面试,,,,,江苏省科学技术厅,全额拨款,进编,面试50%,取得相应学位。,"李文静、夏建林
025-85410448",
1032-058,2026-shengshu,江苏,江苏省科技资源统筹服务中心,科技资源共享研究与服务创新岗,主要从事科研仪器等科技资源共享领域的政策研究与服务创新工作，参与创新券等科技服务政策工具的设计与优化，承担科技资源共享平台的管理与服务工作,其他专技类,2,社会人员,硕士研究生以上,,,,材料科学与工程、生物医学工程、仪器科学与技术、化学工程、环境工程、技术经济及管理、工商管理、管理科学与工程,,,具有3年及以上从事科技资源开放共享相关研究、管理服务工作经历,,,,笔试+面试,,,具备较好研究能力，有中级及以上专业技术职称，以第一作者身份在省级及以上期刊发表学术论文2篇及以上,,江苏省科学技术厅,全额拨款,进编，需经常在外出差。,面试50%,取得相应学位；具备较好研究能力，有中级及以上专业技术职称，以第一作者身份在省级及以上期刊发表学术论文2篇及以上；具有3年及以上从事科技资源开放共享相关研究、管理服务工作经历。,"谢静
025-57717112",
1032-059,2026-shengshu,江苏,江苏省科技资源统筹服务中心,财务管理岗,主要从事财务收支管理、票据管理、预决算编制等财务工作,经济类（会计、审计）,1,2026年毕业生,硕士研究生以上,,,,会计、会计学、会计硕士、审计、审计学,,,,,,,笔试+面试,,,本科专业须为会计学、会计、会计信息技术、财务会计与审计、国际会计、财务会计教育、法学（法务会计）、大数据与会计、审计学、审计学（ACCA方向）、大数据与审计、财务管理、大数据与财务管理，且具有相应学历、学位,,江苏省科学技术厅,全额拨款,进编,面试50%,具有相应学位；本科专业须为会计学、会计、会计信息技术、财务会计与审计、国际会计、财务会计教育、法学（法务会计）、大数据与会计、审计学、审计学（ACCA方向）、大数据与审计、财务管理、大数据与财务管理，且具有相应学历、学位。,"谢静
025-57717112",
1032-060,2026-shengshu,江苏,江苏省科技资源统筹服务中心,网络数据安全管理及信息系统运维岗,主要从事数据、网络安全管理，科技资源共享服务相关系统运维管理工作,计算机类,1,2026年毕业生,硕士研究生以上,,,,计算机技术、计算机科学与技术、大数据技术与工程、人工智能、软件工程、信息与通信工程、网络空间安全、网络与信息安全、信息安全,,,,,,,笔试+面试,,,以第一作者身份在省级及以上期刊发表学术论文1篇及以上,,江苏省科学技术厅,全额拨款,进编,面试50%,取得相应学位；以第一作者身份在省级及以上期刊发表学术论文1篇及以上。,"谢静
025-57717112",
1033-061,2026-shengshu,江苏,江苏省电子信息产品质量监督检验研究院（江苏省信息安全测评中心）,先进通信技术研究员,开展先进通信前沿技术研究（包括但不限于6G、人工智能、未来网络、卫星通信、量子通信等方向）；开展先进通信产业链分析；基于先进通信发展与市场需求，开展商业创新研究；负责政策研究与咨询。,其他专技类,1,2026年毕业生,博士研究生,,,,通信与信息系统、电磁场与微波、计算机科学与技术、电子科学与技术,,,,,,,笔试+面试,,,在国内与专业相关的核心期刊以第1作者发表过2篇及以上专业论文,,江苏省工业和信息化厅,全额拨款,进编；工作地点∶无锡；需经常出差和加班。,面试50%,1.取得相应学位；2.在国内与专业相关的核心期刊以第1作者发表过2篇及以上专业论文。,"电话∶0510-85105579    传真∶0510-85104572 
联系人：余老师",
1033-062,2026-shengshu,江苏,江苏省电子信息产品质量监督检验研究院（江苏省信息安全测评中心）,软件测评工程师,负责软件、大数据、云计算等产品或信息系统测试、软件工程造价评估工作。,计算机类,1,社会人员,本科以上,,,计算机软件，软件工程，计算机应用软件，软件工程技术,计算机软件，软件工程，计算机应用软件，软件工程技术,,,具有3年及以上相关工作经历,具有软件工程造价师证书,,,笔试+面试,,,,,江苏省工业和信息化厅,全额拨款,进编；工作地点∶无锡；需经常出差。,面试50%,1.取得相应学位；2.具有软件工程造价师证书；3.具有3年及以上相关工作经历。,"电话∶0510-85105579    传真∶0510-85104572 
联系人：余老师",
1033-063,2026-shengshu,江苏,江苏省电子信息产品质量监督检验研究院（江苏省信息安全测评中心）,高端装备电磁环境效应项目工程师,负责高端装备、密码产品、信息安全设备等电磁环境效应检测、项目管理及研究工作。,其他专技类,1,社会人员,本科以上,,,电子信息工程，信息工程，电气工程及其自动化，自动化,电子信息工程，信息工程，电气工程及其自动化，自动化,,,具有3年及以上相关工作经历,具有密码技术应用员职业技能等级证书,,,笔试+面试,,,,,江苏省工业和信息化厅,全额拨款,进编；工作地点∶无锡；三班倒工作制。,面试50%,1.取得相应学位；2.具有密码技术应用员职业技能等级证书；3.具有3年及以上相关工作经历。,"电话∶0510-85105579    传真∶0510-85104572 
联系人：余老师",
1033-064,2026-shengshu,江苏,江苏省电子信息产品质量监督检验研究院（江苏省信息安全测评中心）,密码检测与情报研究员,负责商用密码产品检测分析技术研究、规则制定、工具开发、检测实施、环境搭建、脚本编写以及国际密码技术情报跟踪研究、风险研判和对策研究，制定商用密码发展战略和规划。,计算机类,1,2026年毕业生,博士研究生,,,,密码学、网络空间安全、计算机科学与技术、量子计算和量子信息、数学,,,,,,,笔试+面试,,,在国内与专业相关的核心期刊以第1作者发表过2篇及以上专业论文,,江苏省工业和信息化厅,全额拨款,进编；工作地点∶无锡；需经常出差。,面试50%,1.取得相应学位；2.在国内与专业相关的核心期刊以第1作者发表过2篇及以上专业论文。,"电话∶0510-85105579    传真∶0510-85104572 
联系人：余老师",
1033-065,2026-shengshu,江苏,江苏省电子信息产品质量监督检验研究院（江苏省信息安全测评中心）,网络与数据安全渗透测试工程师,负责网络与数据安全渗透测试、漏洞挖掘、风险评估、合规分析、溯源追踪、应急处置，以及新型攻防技术研究、应急实战演练、网络竞赛等工作。,计算机类,1,社会人员,本科以上,,,密码科学与技术、数据科学、软件工程、网络空间安全,密码科学与技术、数据科学、软件工程、网络空间安全,,,具有3年及以上相关工作经历,具有数据安全评估师证书（CCRC-DSA）、密码技术应用员职业技能等级证书,,,笔试+面试,,,,,江苏省工业和信息化厅,全额拨款,进编；工作地点∶无锡；需经常出差。,面试50%,1.取得相应学位；2.具有数据安全评估师证书（CCRC-DSA）、密码技术应用员职业技能等级证书；3.具有3年及以上相关工作经历。,"电话∶0510-85105579    传真∶0510-85104572 
联系人：余老师",
1034-066,2026-shengshu,江苏,江苏省经济和信息化研究院,产业经济研究,从事产业经济研究等相关专业技术工作。,经济类（统计、其他经济）,1,社会人员,硕士研究生以上,,,,经济类,,,具有3年及以上宏观经济或产行业研究相关工作经历,,具有中级经济师及以上职称,,笔试+面试,,,本科阶段专业为经济类；第一作者在CSSCI期刊或北大核心期刊正刊上发表过2篇及以上经济类研究文章；对从事研究工作有浓厚兴趣,,江苏省工业和信息化厅,全额拨款,工作地点：南京。工作岗位需要经常加班和出差调研。进编。,面试20%，专业测试30%,1、取得相应学位。2、本科阶段专业为经济类。3、有较强的文字综合能力。第一作者在CSSCI期刊或北大核心期刊正刊上发表过2篇及以上经济类研究文章。4、具有3年及以上宏观经济或产行业研究相关工作经历。5、具有中级经济师及以上职称。6、对从事研究工作有浓厚兴趣。,郭老师025-83348948,有较强的文字综合能力
1034-067,2026-shengshu,江苏,江苏省经济和信息化研究院,产业经济研究,从事产业经济研究等相关专业技术工作。,经济类（统计、其他经济）,1,社会人员,硕士研究生以上,,,,经济类,,,具有3年及以上宏观经济或产行业研究相关工作经历,,具有中级经济师及以上职称,,笔试+面试,,,本科阶段专业为基础理学类、计算机类、机电控制类、机械工程类、材料工程类、化学工程类、医药化工类、食品工程类、生物工程类、轻工纺织类、能源动力类、仪表仪器及测试技术类专业之一；第一作者在CSSCI期刊或北大核心期刊正刊上发表过2篇及以上经济类研究文章；对从事研究工作有浓厚兴趣,,江苏省工业和信息化厅,全额拨款,工作地点：南京。工作岗位需要经常加班和出差调研。进编。,面试20%，专业测试30%,1、取得相应学位。2、本科阶段专业为基础理学类、计算机类、机电控制类、机械工程类、材料工程类、化学工程类、医药化工类、食品工程类、生物工程类、轻工纺织类、能源动力类、仪表仪器及测试技术类专业之一。3、有较强的文字综合能力。第一作者在CSSCI期刊或北大核心期刊正刊上发表过2篇及以上经济类研究文章。4、具有3年及以上宏观经济或产行业研究相关工作经历。5、具有中级经济师及以上职称。6、对从事研究工作有浓厚兴趣。,郭老师025-83348948,有较强的文字综合能力
1034-068,2026-shengshu,江苏,江苏省经济和信息化研究院,宏观经济研究,从事宏观经济研究等相关专业技术工作。,经济类（统计、其他经济）,1,社会人员,博士研究生,,,,经济类,,,具有2年及以上宏观经济或产行业研究工作经历,,,,笔试+面试,,,第一作者在CSSCI期刊或北大核心期刊正刊上发表过2篇及以上经济类研究文章；对从事研究工作有浓厚兴趣,,江苏省工业和信息化厅,全额拨款,工作地点：南京。工作岗位需要经常加班和出差调研。进编。,面试20%，专业测试30%,1、取得相应学位。2、有较强的文字综合能力。第一作者在CSSCI期刊或北大核心期刊正刊上发表过2篇及以上经济类研究文章。3、具有2年及以上宏观经济或产行业研究工作经历。 4、 对从事研究工作有浓厚兴趣。,郭老师025-83348948,有较强的文字综合能力
1034-069,2026-shengshu,江苏,江苏省经济和信息化研究院,区域经济研究,从事区域经济研究等相关专业技术工作。,经济类（统计、其他经济）,1,2026年毕业生,博士研究生,,,,经济类,,,,,,,笔试+面试,,,本科及硕士阶段专业为经济类；第一作者在CSSCI期刊或北大核心期刊正刊上发表过2篇及以上经济类研究文章；对从事研究工作有浓厚兴趣,,江苏省工业和信息化厅,全额拨款,工作地点：南京。工作岗位需要经常加班和出差调研。进编。,面试20%，专业测试30%,1、取得相应学位。2、本科及硕士阶段专业为经济类。3、有较强的文字综合能力。第一作者在CSSCI期刊或北大核心期刊正刊上发表过2篇及以上经济类研究文章。4、对从事研究工作有浓厚兴趣。,郭老师025-83348948,有较强的文字综合能力
1034-070,2026-shengshu,江苏,江苏省经济和信息化研究院,经济政策研究,从事经济政策研究等相关专业技术工作。,经济类（统计、其他经济）,1,2026年毕业生,博士研究生,,,,经济类,,,,,,,笔试+面试,,,本科或硕士阶段专业为基础理学类、计算机类、机电控制类、机械工程类、材料工程类、化学工程类、医药化工类、食品工程类、生物工程类、轻工纺织类、能源动力类、仪表仪器及测试技术类专业之一；第一作者在CSSCI期刊或北大核心期刊正刊上发表过2篇及以上经济类研究文章；对从事研究工作有浓厚兴趣,,江苏省工业和信息化厅,全额拨款,工作地点：南京。工作岗位需要经常加班和出差调研。进编。,面试20%，专业测试30%,1、取得相应学位。2、本科或硕士阶段专业为基础理学类、计算机类、机电控制类、机械工程类、材料工程类、化学工程类、医药化工类、食品工程类、生物工程类、轻工纺织类、能源动力类、仪表仪器及测试技术类专业之一。3、有较强的文字综合能力。第一作者在CSSCI期刊或北大核心期刊正刊上发表过2篇及以上经济类研究文章。4、对从事研究工作有浓厚兴趣。,郭老师025-83348948,有较强的文字综合能力
1035-071,2026-shengshu,江苏,省民族宗教研究中心,民族宗教政策理论研究,民族宗教政策理论研究、智库建设、调查研究,其他专技类,1,不限,硕士研究生,,,,中国少数民族语言文学（分语族），马克思主义民族理论与政策，宗教学，宗教哲学、民族学，中国少数民族经济，中国少数民族史，中国少数民族艺术,,,,,,,笔试+面试,,,有较好的文字水平和学术研究能力,,江苏省民族宗教事务委员会,全额拨款,进编,面试50%,取得相应学位，有较好的文字水平和学术研究能力,"025-83580701、
83580563（电话）
025-83580708（传真）
联系人：顾颖璇",
1036-072,2026-shengshu,江苏,省宗教院校服务中心,宗教活动场所管理,宗教工作理论宣传，落实管理服务职责,管理类,8,不限,本科以上,,,宗教学，宗教哲学，社会工作，社会学，公共安全管理,宗教学，宗教哲学，社会工作，社会学，公共安全管理,,,,,,,笔试+面试,,,有较好的文字水平和管理能力,,江苏省民族宗教事务委员会,全额拨款,进编。工作地点：根据工作需要，在全省各设区市宗教活动场所管理处常驻,面试50%,取得相应学位，有较好的文字水平和管理能力,"025-83585361、
83580563（电话）
025-83585383（传真）
联系人：孙静",
1037-073,2026-shengshu,镇江,江苏镇江茅山道院管理处,宗教活动场所管理,宗教工作理论宣传，落实管理服务职责,管理类,3,不限,本科以上,,,宗教学，宗教哲学，社会工作，社会学，公共安全管理,宗教学，宗教哲学，社会工作，社会学，公共安全管理,,,,,,,笔试+面试,,,有较好的文字水平和管理能力,,江苏省民族宗教事务委员会,全额拨款,进编。工作地点：镇江句容市,面试50%,取得相应学位，有较好的文字水平和管理能力,"025-83580563（电话）
025-83580583（传真）
联系人：张帆",
1038-074,2026-shengshu,江苏,江苏省福利彩票发行中心,会计,从事单位会计出纳、会计档案管理等工作,经济类（会计、审计）,1,2026年毕业生,硕士研究生,,,,会计学、会计、会计与金融、审计,,,,,,,笔试+面试,,,,,江苏省民政厅,自收自支,进编,面试50%,取得相应学位,电话：025-86466200；传真：025-86466203；联系人：吕露,
1039-075,2026-shengshu,江苏,江苏省立新农场,中文文秘,从事文秘相关工作,管理类,1,社会人员,本科,,,网络与新媒体、汉语言文学、秘书学、高级文秘,,,,具有两年及以上相关工作经历,,,,笔试+面试,,,,,江苏省民政厅,差额拨款,进编,面试50%,取得相应学位；具有两年及以上相关工作经历,电话：0514-86152100；联系人：李雪梅,
1040-076,2026-shengshu,江苏,江苏省社会组织服务中心,财务岗,从事财务管理、社会组织财务审计等有关工作,经济类（会计、审计）,1,2026年毕业生,硕士研究生以上,,,,会计学、会计、会计硕士、审计、审计学,,,,,,,笔试+面试,,,,,江苏省民政厅,差额拨款,进编,面试50%,取得相应学位,电话：025-83590465；联系人：赵远,
1041-077,2026-shengshu,江苏,江苏省财政厅财政信息管理中心,软件开发,计算机软件开发及运维,计算机类,2,2026年毕业生,硕士研究生,,,,大数据技术与工程、计算机软件与理论、软件工程、计算机应用技术,,,,,,,笔试+面试,,,,,江苏省财政厅,全额拨款,进编,面试50%,取得相应学位,"电话：025-83633284；
传真：025-83633362；
联系人：杜东辉",
1042-078,2026-shengshu,江苏,江苏省财政投资评审中心,投资评审,从事财政财务管理等相关工作,管理类,1,2026年毕业生,硕士研究生,,,,会计学、会计、审计学、审计,,,,,,,笔试+面试,,,,,江苏省财政厅,全额拨款,进编,面试50%,取得相应学位,"电话、传真：025-83633752；   
联系人：吴礼林",
1042-079,2026-shengshu,江苏,江苏省财政投资评审中心,投资评审,从事基本建设投资评审等相关工作,其他专技类,1,2026年毕业生,硕士研究生,,,,土木工程、建筑学、建筑与土木工程、工程管理,,,,,,,笔试+面试,,,,,江苏省财政厅,全额拨款,进编,面试50%,取得相应学位,"电话、传真：025-83633752；   
联系人：吴礼林",
1043-080,2026-shengshu,江苏,江苏省政府债务监测和债券发行中心,监测分析,承担政府性债务监测和分析、综合文稿撰写等工作,管理类,1,2026年毕业生,硕士研究生以上,,,,统计类、计算机类,,,,,,,笔试+面试,,,,,江苏省财政厅,全额拨款,进编，需经常加班、出差。,面试50%,取得相应学位，具有较强的数据分析和文字工作能力。,"电话：025-83633807；
联系人：李居元",具有较强的数据分析和文字工作能力
1044-081,2026-shengshu,江苏,江苏省财政科学研究所,财税研究,财税研究、政策评估、数据分析、支部建设相关工作,经济类（统计、其他经济）,1,2026年毕业生,硕士研究生以上,,,,财政学（含税收学）、审计学、数量经济学、应用统计、管理科学与工程,,,,,,中共党员,笔试+面试,,,,,江苏省财政厅,差额拨款,进编,面试50%,取得相应学位；中共党员；具有较强的总结提炼和文字工作能力；具有较强的大数据统计分析、模型构建运用的研究能力。,"电话：025-83633844；
联系人：周艳红",具有较强的总结提炼和文字工作能力；具有较强的大数据统计分析、模型构建运用的研究能力
1045-082,2026-shengshu,江苏,江苏省行政事业性国有资产管理中心（江苏省涉案财物管理中心）,资产管理,从事资产管理等事务性工作,经济类（会计、审计）,1,2026年毕业生,硕士研究生,,,,会计、会计学、审计、审计学、金融、金融学、税务、财政学（含税收学）、资产评估、应用经济学、会计与金融,,,,,,,笔试+面试,,,,,江苏省财政厅,差额拨款,进编；需经常加班或出差。,面试50%,取得相应学位,"电话：025-83633731；
联系人：周美荣",
1046-083,2026-shengshu,江苏,江苏省财政厅宣教中心,宣传,主要负责宣传活动摄影摄像、编辑后期及新媒体平台运行维护等工作,管理类,1,社会人员,硕士研究生,,,,新闻学、传播学、新闻与传播、新闻传播学、广播电视、广播电视艺术学,,,,,,中共党员,笔试+面试,,,具有1年以上新闻、出版、文化宣传单位的摄影摄像及视频制作工作经历，有较强的文字编辑、摄影摄像、新媒体维护能力,,江苏省财政厅,差额拨款,进编；需经常出差、加班和值班。,面试50%,取得相应学位；中共党员；具有1年以上新闻、出版、文化宣传单位的摄影摄像及视频制作工作经历，有较强的文字编辑、摄影摄像、新媒体维护能力。,"电话：025-83633861；
联系人：张迪",
1047-084,2026-shengshu,江苏,江苏省专家和留学人员服务中心,业务综合,从事文稿撰写、党建、行政等综合类相关工作,管理类,1,不限,研究生,,,,中文文秘类、法律类、社会政治类、经济类、公共管理类,,,,,,中共党员,笔试+面试,,,,,江苏省人力资源和社会保障厅,全额拨款,进编,面试50%,1.中共党员；2.取得相应学位,"卜庭龙
025-83205062",
1048-085,2026-shengshu,江苏,江苏省人力资源和社会保障信息中心,综合文字,从事部门综合性文字撰写，参与部门重要会议、活动的材料筹备等,管理类,1,社会人员,本科以上,,,中文文秘类、计算机类,中文文秘类、计算机类,,,具备3年及以上综合文字起草、公文写作相关工作经验,,,,笔试+面试,,,,,江苏省人力资源和社会保障厅,全额拨款,进编,面试50%,1. 取得相应学位；2. 具备3年及以上综合文字起草、公文写作相关工作经验；3.工作严谨细致，有较强的责任心，能承受一定的文字工作压力。,"周彧
025-83236163",工作严谨细致，有较强的责任心，能承受一定的文字工作压力
1048-086,2026-shengshu,江苏,江苏省人力资源和社会保障信息中心,专业技术,从事软件开发、运维管理和项目管理工作,计算机类,1,社会人员,本科以上,,,计算机类、计算机（软件）类、电子信息类,计算机类、计算机（软件）类、电子信息类,,,具备3年及以上信息化项目管理、系统开发或大数据分析应用相关工作经验,,,,笔试+面试,,,具备人工智能、大数据管理或软件研发相关技术能力,,江苏省人力资源和社会保障厅,全额拨款,1.进编； 2.有重大任务保障期间，需值夜班。,面试50%,1. 取得相应学位。2. 具备3年及以上信息化项目管理、系统开发或大数据分析应用相关工作经验。3.具备人工智能、大数据管理或软件研发相关技术能力。,"周彧
025-83236163",
1049-087,2026-shengshu,江苏,江苏省人力资源和社会保障厅财务核算中心,财务管理,从事日常会计核算、编制年度预决算等财务管理工作,管理类,1,2026年毕业生,本科以上,,,会计、会计学、财务会计与审计、财务管理,会计、会计学、财务会计与审计、财务管理,,,,,,,笔试+面试,,,,,江苏省人力资源和社会保障厅,差额拨款,进编,面试50%,1.取得相应学位；2.具有较强的综合文字能力。,"席秀华 
025-83236118",具有较强的综合文字能力
1050-088,2026-shengshu,江苏,江苏省职业介绍中心,职业介绍管理,从事运用人工智能技术开展职业介绍、职业指导及数据研判等相关工作,管理类,1,2026年毕业生,本科以上,,,人工智能、计算机科学与技术、数据科学与大数据技术、大数据管理与应用,人工智能、计算机科学与技术、数据科学与大数据技术、大数据管理与应用,,,,,,,笔试+面试,,,,,江苏省人力资源和社会保障厅,自收自支,进编,面试50%,取得相应学位,"杨思雷
025-83233848",
1051-089,2026-shengshu,江苏,江苏省职业技能鉴定中心,培训管理,从事职业技能培训评价服务平台管理维护及指导服务等工作,管理类,1,2026年毕业生,本科以上,,,公共管理类、工商管理类、计算机类,公共管理类、工商管理类、计算机类,,,,,,,笔试+面试,,,,,江苏省人力资源和社会保障厅,自收自支,进编,面试50%,1.取得相应学位；2.具有较强的综合文字和组织协调能力。,"王中秋
025-83271779",具有较强的综合文字和组织协调能力
1052-090,2026-shengshu,江苏,省国土资源信息中心,自然资源信息化业务平台和系统设计、研发,从事自然资源信息化建设,计算机类,1,2026年毕业生,硕士研究生以上,,,,计算机应用技术，计算机技术，计算机科学与技术，大数据技术与工程，计算机软件与理论，软件工程,,,,,,,笔试+面试,,,,,江苏省自然资源厅,全额拨款,进编,面试50%,取得相应学位,"025-86599985
潘老师",
1053-091,2026-shengshu,江苏,省国土资源动态监测中心,自然资源信息化业务平台和系统设计、研发,从事自然资源信息化建设,计算机类,1,2026年毕业生,硕士研究生以上,,,,计算机应用技术，计算机技术，计算机科学与技术，大数据技术与工程，计算机软件与理论，软件工程,,,,,,,笔试+面试,,,,,江苏省自然资源厅,自收自支,进编,面试50%,取得相应学位,"025-86599985
潘老师",
1054-092,2026-shengshu,江苏,省测绘工程院,会计,从事财务相关工作,经济类（会计、审计）,1,不限,大学本科以上,,,会计学、会计、会计硕士、会计与金融,会计学、会计、会计硕士、会计与金融,,,本科阶段所学专业为财务财会类，具有2年以上财务工作经验,,,,笔试+面试,,,,,江苏省自然资源厅,全额拨款,进编,面试50%,取得相应学位；本科阶段所学专业为财务财会类，具有2年以上财务工作经验。,"025-83756878
石老师",
1055-093,2026-shengshu,江苏,省测绘产品质量监督检验站,会计,从事财务相关工作,经济类（会计、审计）,1,2026年毕业生,硕士研究生,,,,会计学、会计、会计硕士、会计与金融,,,,,,,笔试+面试,,,本科阶段所学专业为财务财会类,,江苏省自然资源厅,全额拨款,进编,面试50%,取得相应学位；本科阶段所学专业为财务财会类。,"025-83756706
陈老师",
1056-094,2026-shengshu,江苏,省环境监测中心,生物多样性监测及观测场站管理,主要从事全省生物多样性监测，进行生物多样性调查与研究，负责野外观测场站运行管理,管理类,1,社会人员,硕士研究生以上,,,,环境科学、生态学、林业、水产、动物学、植物学,,,具有2年以上相关工作经历,,,,笔试+面试,,,硕士及以上学位研究方向为动物或植物或微生物相关内容,,江苏省生态环境厅,全额拨款,进编，适应长期野外出差、加班、乘坐江河湖面船只观测及现场采样作业要求。,面试50%,1.取得相应学位；2.具有2年以上相关工作经历；3.硕士及以上学位研究方向为动物或植物或微生物相关内容。,"025-69586516
黄娟",
1057-095,2026-shengshu,江苏,省生态环境评估中心,环境咨询评估,主要从事建设项目技术评估，环境政策规划、“双碳”研究、土壤污染防治等,其他专技类,1,不限,硕士研究生以上,,,,环境科学、环境工程、环境科学与工程、化学工程、市政工程,,,,,,,笔试+面试,,,,,江苏省生态环境厅,自收自支,进编,面试50%,取得相应学位,"025-58527200
段瑞",
1058-096,2026-shengshu,无锡,省无锡环境监测中心,环境监测分析,主要从事环境实验室分析工作,其他专技类,1,不限,硕士研究生以上,,,,分析化学，无机化学，有机化学，应用化学,,,,,,,笔试+面试,,,,,江苏省生态环境厅,全额拨款,进编,面试50%,取得相应学位,"0510-81835268
李洁",
1058-097,2026-shengshu,无锡,省无锡环境监测中心,生物生态监测,主要从事水生生物中底栖动物的采样、分类鉴定、评价及科研工作,其他专技类,1,2026年毕业生,硕士研究生以上,,,,水生生物学、生物学、动物学、生态学,,,,,,,笔试+面试,,,,,江苏省生态环境厅,全额拨款,进编，需适应长期出差、野外作业工作要求。,面试50%,取得相应学位,"0510-81835268
李洁",
1058-098,2026-shengshu,无锡,省无锡环境监测中心,环境应急监测,主要从事突发环境事件应急监测与登高采样监测工作,其他专技类,1,2026年毕业生,硕士研究生以上,,,,分析化学、应用化学、无机化学、有机化学,,,,,,,笔试+面试,,,,,江苏省生态环境厅,全额拨款,进编，需适应野外应急监测、夜间值班等工作，无恐高症、无眩晕症、不晕船等。,面试50%,取得相应学位,"0510-81835268
李洁",
1058-099,2026-shengshu,无锡,省无锡环境监测中心,大气环境质量分析,分析环境空气质量数据，超级站运行管理，开展环境科研,其他专技类,1,2026年毕业生,硕士研究生以上,,,,大气物理学与大气环境、大气科学、气象学、分析化学,,,,,,,笔试+面试,,,,,江苏省生态环境厅,全额拨款,进编,面试50%,取得相应学位,"0510-81835268
李洁",
1059-100,2026-shengshu,常州,省常州环境监测中心,水生态环境质量评价,主要从事水生态环境状况评价、水污染溯源分析、水生态问题诊断和综合分析等工作,其他专技类,1,2026年毕业生,硕士研究生以上,,,,环境科学，环境工程，生态学，水生生物学，水文学及水资源，水力学及河流动力学,,,,,,,笔试+面试,,,,,江苏省生态环境厅,全额拨款,进编。需适应长期从事野外作业、水面调查监测、雨天调查监测、应急和夜间监测等工作要求。,面试50%,取得相应学位,"0519-86644931
周心怡",
1059-101,2026-shengshu,常州,省常州环境监测中心,水环境监测,主要从事水环境监测、水环境问题现场溯源调查等工作,其他专技类,1,2026年毕业生,硕士研究生以上,,,,环境科学，环境工程，环境科学与工程，资源与环境，  自然地理学,,,,,,,笔试+面试,,,,,江苏省生态环境厅,全额拨款,进编。需适应长期从事野外作业、水面调查监测、雨天调查监测、应急和夜间监测等工作要求。,面试50%,取得相应学位,"0519-86644931
周心怡",
1059-102,2026-shengshu,常州,省常州环境监测中心,实验室分析,主要从事实验室重金属和有机污染物监测分析、新污染物方法研究等工作,其他专技类,1,2026年毕业生,硕士研究生以上,,,,分析化学、应用化学、有机化学、环境科学与工程,,,,,,,笔试+面试,,,,,江苏省生态环境厅,全额拨款,进编,面试50%,取得相应学位,"0519-86644931
周心怡",
1059-103,2026-shengshu,常州,省常州环境监测中心,生物生态监测,从事生物生态监测相关日常、专项、科研等工作,其他专技类,1,2026年毕业生,硕士研究生以上,,,,细胞生物学，生物化学与分子生物学，微生物学，生物化学，生物信息学，水生生物学，生态学，野生动植物保护及利用,,,,,,,笔试+面试,,,,,江苏省生态环境厅,全额拨款,进编。需适应长期野外作业、船只水上作业、应急监测、夜间值守等工作要求。涉及森林、湿地、农田的蛙类、蛇类等野外调查。,面试50%,取得相应学位,"0519-86644931
周心怡",
1060-104,2026-shengshu,苏州,省苏州环境监测中心,现场监测,主要从事噪声、振动、光等物理要素及其它环境要素的现场监测与分析,其他专技类,1,2026年毕业生,硕士研究生以上,,,,理论物理、声学、光学、光学工程,,,,,,,笔试+面试,,,,,江苏省生态环境厅,全额拨款,进编,面试50%,取得相应学位,"曹珣
0512-68338068",
1060-105,2026-shengshu,苏州,省苏州环境监测中心,实验室分析,主要从事实验室样品分析、数据处理及应急监测综合分析等相关工作,其他专技类,1,不限,硕士研究生以上,,,,有机化学、无机化学、分析化学、海洋化学,,,,,,,笔试+面试,,,,,江苏省生态环境厅,全额拨款,进编,面试50%,取得相应学位,"曹珣
0512-68338068",
1060-106,2026-shengshu,苏州,省苏州环境监测中心,生态遥感监测,主要通过遥感影像目视解译等方式开展生态环境状况遥感监测与评价、生物多样性监测与评价等工作（具体工作待人员到岗后视残疾程度确定）,其他专技类,1,残疾人,硕士研究生以上,,,,地图制图学与地理信息工程、地图学与地理信息系统、摄影测量与遥感、遥感科学与技术,,,,,,,笔试+面试,具备正常履行岗位职责的身体条件，听力、肢体残疾3-4级或军残5-8级；残疾人岗位,,,,江苏省生态环境厅,全额拨款,进编,面试50%,1.取得相应学位；2.具备正常履行岗位职责的身体条件，听力、肢体残疾3-4级或军残5-8级。,"曹珣
0512-68338068",
1060-107,2026-shengshu,苏州,省苏州环境监测中心,信息技术应用,监测数据挖掘与打通、天空地一体化技术集成及信息化平台功能扩展等相关工作,其他专技类,1,2026年毕业生,硕士研究生以上,,,,计算机应用技术、计算机科学与技术、软件工程、计算机软件与理论、大数据技术与工程、人工智能,,,,,,,笔试+面试,,,以第一作者身份在科技核心、中文核心或以上级别期刊发表相关学术论文1篇及以上,,江苏省生态环境厅,全额拨款,进编,面试50%,1.取得相应学位；2.以第一作者身份在科技核心、中文核心或以上级别期刊发表相关学术论文1篇及以上。,"曹珣
0512-68338068",
1061-108,2026-shengshu,南通,省南通环境监测中心,仪器分析,主要从事实验室大型仪器应用，开展重金属和有机物质监测分析、新污染物方法研究等工作,其他专技类,1,不限,硕士研究生以上,,,,分析化学、有机化学、药物化学、药物分析学,,,具有2年及以上大型仪器分析相关工作经验,,,,笔试+面试,,,,,江苏省生态环境厅,全额拨款,进编,面试50%,1.取得相应学位；2.具有2年及以上大型仪器分析相关工作经验。,"0513-85158601
李莉",
1061-109,2026-shengshu,南通,省南通环境监测中心,应急监测,主要从事突发环境事件现场应急监测响应、污染扩散趋势分析、突发环境事件应急监测技术研究,其他专技类,1,2026年毕业生,硕士研究生以上,,,,环境科学、环境工程、环境科学与工程、海洋科学,,,,,,,笔试+面试,,,,,江苏省生态环境厅,全额拨款,进编，需适应应急和夜间监测、海洋水上作业、高空现场作业要求,面试50%,取得相应学位,"0513-85158601
李莉",
1062-110,2026-shengshu,淮安,省淮安环境监测中心,水环境监测,主要从事数据审核及结果分析，搭建水质模型进行水质预测及形势分析,其他专技类,1,社会人员,硕士研究生以上,,,,水文学及水资源，水力学及河流动力学，环境工程，环境科学,,,具有2年以上相关工作经验,,,,笔试+面试,,,,,江苏省生态环境厅,全额拨款,进编,面试50%,1.取得相应学位；2.具有2年以上相关工作经验。,"0517-83660159
陈陈",
1062-111,2026-shengshu,淮安,省淮安环境监测中心,实验室分析,主要从事有机污染物监测分析、新污染物方法研究等工作,其他专技类,1,2026年毕业生,硕士研究生以上,,,,应用化学、分析化学、化学、有机化学、药物分析学,,,,,,,笔试+面试,,,,,江苏省生态环境厅,全额拨款,进编，需适应野外作业和长期实验室分析工作要求。,面试50%,取得相应学位,"0517-83660159
陈陈",
1063-112,2026-shengshu,盐城,省盐城环境监测中心,现场监测,主要从事水上采样作业、烟囱等高空污染源监测、突发环境事件应急监测等工作,其他专技类,1,2026年毕业生,硕士研究生以上,,,,环境工程、环境科学、化学工程、应用化学,,,,,,,笔试+面试,,,,,江苏省生态环境厅,全额拨款,进编，需适应长期野外作业、应急监测、夜间值班等工作要求。,面试50%,取得相应学位,"0515-88224085
李月梅",
1064-113,2026-shengshu,镇江,省镇江环境监测中心,生态遥感监测,主要从事生态环境状况遥感监测与评价、碳源碳汇变化监测与评价、生物多样性监测与评价等工作,其他专技类,1,2026年毕业生,硕士研究生以上,,,,大地测量学与测量工程、地图学与地理信息系统，摄影测量与遥感，地图制图学与地理信息工程,,,,,,,笔试+面试,,,,,江苏省生态环境厅,全额拨款,进编，需适应长期从事野外作业、应急和夜间监测等工作要求。,面试50%,取得相应学位,"0511-89886008
荆水强",
1064-114,2026-shengshu,镇江,省镇江环境监测中心,大气环境监测,主要从事大气环境监测、大气污染溯源与综合分析、空气质量预测预报等工作,其他专技类,1,2026年毕业生,硕士研究生以上,,,,大气物理学与大气环境，大气科学，气象学，海洋气象学,,,,,,,笔试+面试,,,,,江苏省生态环境厅,全额拨款,进编，需适应长期从事野外作业、应急和夜间监测等工作要求。,面试50%,取得相应学位,"0511-89886008
荆水强",
1065-115,2026-shengshu,泰州,省泰州环境监测中心,大气环境监测,主要从事大气环境监测、大气污染溯源与成因解析、空气质量预测预报等工作,其他专技类,1,社会人员,硕士研究生,,,,大气物理学与大气环境，大气科学，气象学，遥感科学与技术,,,具有2年以上大气环境质量综合分析、空气质量预测预报和大气污染溯源的工作经历,,,,笔试+面试,,,,,江苏省生态环境厅,全额拨款,进编,面试50%,1.取得相应学位；2.具有2年以上大气环境质量综合分析、空气质量预测预报和大气污染溯源的工作经历。,"0523-86195710
黄子璐",
1066-116,2026-shengshu,宿迁,省宿迁环境监测中心,大气环境监测,主要从事大气环境监测及科研、大气污染溯源与综合分析、空气质量预测预报等工作,其他专技类,1,2026年毕业生,硕士研究生以上,,,,大气物理学与大气环境，大气科学，气象学，大数据技术与工程、人工智能,,,,,,,笔试+面试,,,,,江苏省生态环境厅,全额拨款,进编，需适应长期野外作业、应急监测、夜间及节假日值班等工作需求,面试50%,取得相应学位,"0527-84363669
葛婧婧",
1067-117,2026-shengshu,江苏,江苏省住房和城乡建设厅会计委派中心,会计,从事集中核算事业单位及社团财务工作,经济类（会计、审计）,1,2026年毕业生,本科,,,会计学、会计、财务管理、财务会计与审计,,,,,,,,笔试+面试,,,,,江苏省住房和城乡建设厅,差额拨款,进编,面试50%,取得相应学位,王老师，025-51868951,
1067-118,2026-shengshu,江苏,江苏省住房和城乡建设厅会计委派中心,会计,从事集中核算事业单位及社团财务工作,经济类（会计、审计）,1,社会人员,本科以上,,,会计学、会计、财务管理、财务会计与审计,会计学、会计、财务管理、财务会计与审计,,,,具有会计专业中级技术资格,,,笔试+面试,,,,,江苏省住房和城乡建设厅,差额拨款,进编,面试50%,1.取得相应学位；2.具有会计专业中级技术资格。,王老师，025-51868951,
1068-119,2026-shengshu,江苏,江苏省城镇化和城乡规划研究中心,研究人员,从事城镇化研究、水环境治理、海绵城市建设研究等工作,其他专技类,1,社会人员,硕士研究生,,,,城乡规划学、城市规划、环境工程（水环境方向）、建筑学,,,具有5年及以上与本岗位招聘专业相关工作经历,,具备建设工程类中级职称,,笔试+面试,,,本科阶段专业须为城市规划、城乡规划、给水排水工程、环境工程、建筑学，并取得相应学位；2020年以来在核心期刊发表过1篇专业论文或在省级及以上期刊以第一作者发表过2篇专业论文,,江苏省住房和城乡建设厅,自收自支,进编；课题项目任务重，经常加班、出差和调研。,面试50%,1.取得相应学位；2.具备建设工程类中级职称；3.具有5年及以上与本岗位招聘专业相关工作经历；4.本科阶段专业须为城市规划、城乡规划、给水排水工程、环境工程、建筑学，并取得相应学位；5.2020年以来在核心期刊发表过1篇专业论文或在省级及以上期刊以第一作者发表过2篇专业论文。,陈老师，025-51868387,
1069-120,2026-shengshu,江苏,江苏省高速公路交通运输执法总队宁沪支队,行政执法,从事文秘宣传等工作，包括：文件报告起草、会议组织、文明创建、新闻宣传等。,管理类,1,社会人员,本科以上,,,汉语言文学、汉语言、新闻学、秘书学、哲学,汉语言文学、汉语言、新闻学、秘书学、哲学,,,,,,,笔试+面试,,,,,江苏省交通运输厅,全额拨款,进编；工作地点涉及句容、镇江、常州、无锡等地，基层一线高速公路执法岗位，工作地点偏僻，条件艰苦，需上夜班，值班、加班较多。,面试50%,取得相应学位,"电话：025-84329360
联系人：魏燕",
1069-121,2026-shengshu,江苏,江苏省高速公路交通运输执法总队宁沪支队,行政执法,从事财务工作，包括日常财务管理、预决算管理、审计、财务信息化等。,管理类,1,2026年毕业生,本科以上,,,会计学、财务管理、财务会计与审计、会计信息技术、审计学,会计学、财务管理、财务会计与审计、会计信息技术、审计学,,,,,,,笔试+面试,,,,,江苏省交通运输厅,全额拨款,进编；工作地点涉及句容、镇江、常州、无锡等地，基层一线高速公路执法岗位，工作地点偏僻，条件艰苦，需上夜班，值班、加班较多。,面试50%,取得相应学位,"电话：025-84329360
联系人：魏燕",
1069-122,2026-shengshu,江苏,江苏省高速公路交通运输执法总队宁沪支队,行政执法,从事高速公路交通运输综合执法管理，包括政策法规制定，案件查处，法制文书制作等。,管理类,1,2026年毕业生,本科以上,,,法学、宪法学与行政法学、法律、诉讼法学,法学、宪法学与行政法学、法律、诉讼法学,,,,,,,笔试+面试,,,,,江苏省交通运输厅,全额拨款,进编；工作地点涉及句容、镇江、常州、无锡等地，基层一线高速公路执法岗位，工作地点偏僻，条件艰苦，需上夜班，值班、加班较多。,面试50%,取得相应学位,"电话：025-84329360
联系人：魏燕",
1070-123,2026-shengshu,江苏,江苏省高速公路交通运输执法总队宁连支队,行政执法,从事财务工作，包括日常财务管理、预决算管理、审计、财务信息化等。,管理类,1,2026年毕业生,本科以上,,,会计学、财务管理、财务会计与审计、会计信息技术、审计学,会计学、财务管理、财务会计与审计、会计信息技术、审计学,,,,,,,笔试+面试,,,,,江苏省交通运输厅,全额拨款,进编；工作地点涉及连云港、淮安等地区，基层一线高速公路执法岗位，工作地点偏僻，条件艰苦，需上夜班，值班、加班较多。,面试50%,取得相应学位,"电话：025-84329360
联系人：魏燕",
1071-124,2026-shengshu,江苏,江苏省高速公路交通运输执法总队盐锡支队,行政执法,从事执法信息化工作，包括高速公路交通信息系统建设及网络安全等。,其他专技类,1,2026年毕业生,本科以上,,,计算机科学与技术、信息工程、通信工程、交通设备信息工程、网络工程，交通设备与控制工程,计算机科学与技术、信息工程、通信工程、交通设备信息工程、网络工程，交通设备与控制工程,,,,,,,笔试+面试,,,,,江苏省交通运输厅,全额拨款,进编；工作地点涉及无锡、泰州、苏州，基层一线高速公路执法岗位，工作地点偏僻，条件艰苦，需上夜班，值班、加班较多。,面试50%,取得相应学位,"电话：025-84329360
联系人：魏燕",
1071-125,2026-shengshu,江苏,江苏省高速公路交通运输执法总队盐锡支队,行政执法,从事财务工作，包括日常财务管理、预决算管理、审计、财务信息化等。,经济类（会计、审计）,1,社会人员,本科以上,,,会计学、财务管理、财务会计与审计、会计信息技术、审计学,会计学、财务管理、财务会计与审计、会计信息技术、审计学,,,具有2年及以上财务工作经历,,,,笔试+面试,,,,,江苏省交通运输厅,全额拨款,"进编；工作地点涉及无锡、泰州、苏州,基层一线高速公路执法岗位，工作地点偏僻，条件艰苦，需上夜班，值班、加班较多。",面试50%,1. 取得相应学位；2. 具有2年及以上财务工作经历。,"电话：025-84329360
联系人：魏燕",
1071-126,2026-shengshu,江苏,江苏省高速公路交通运输执法总队盐锡支队,行政执法,从事高速公路交通运输综合执法管理，含道路运输执法管理、路政管理、行业监管等。,其他专技类,2,2026年毕业生,本科以上,,,道路桥梁工程、交通管理工程、交通运输、交通工程、交通建设与装备、交通设备与控制工程,道路桥梁工程、交通管理工程、交通运输、交通工程、交通建设与装备、交通设备与控制工程,,,,,,,笔试+面试,,,,,江苏省交通运输厅,全额拨款,进编；工作地点涉及无锡、泰州、苏州，基层一线高速公路执法岗位，工作地点偏僻，条件艰苦，需上夜班，值班、加班较多。,面试50%,取得相应学位,"电话：025-84329360
联系人：魏燕",
1071-127,2026-shengshu,江苏,江苏省高速公路交通运输执法总队盐锡支队,行政执法,从事高速公路交通运输综合执法管理，含道路运输执法管理、路政管理、行业监管等。,其他专技类,1,社会人员,本科以上,,,道路桥梁工程、交通管理工程、交通运输、交通工程、交通建设与装备、交通设备与控制工程,道路桥梁工程、交通管理工程、交通运输、交通工程、交通建设与装备、交通设备与控制工程,,,具有2年及以上工作经历,,,,笔试+面试,,,,,江苏省交通运输厅,全额拨款,进编；工作地点涉及无锡、泰州、苏州，基层一线高速公路执法岗位，工作地点偏僻，条件艰苦，需上夜班，值班、加班较多。,面试50%,1. 取得相应学位；2. 具有2年及以上工作经历。,"电话：025-84329360
联系人：魏燕",
1072-128,2026-shengshu,淮安,江苏省高速公路交通运输执法总队京沪支队,行政执法,从事高速公路交通运输综合执法管理，含道路运输执法管理、路政管理、行业监管等。,其他专技类,2,2026年毕业生,本科以上,,,道路桥梁工程、交通管理工程、交通运输、交通工程、交通建设与装备、交通设备与控制工程,道路桥梁工程、交通管理工程、交通运输、交通工程、交通建设与装备、交通设备与控制工程,,,,,,,笔试+面试,,,,,江苏省交通运输厅,全额拨款,进编；工作地点淮安、宿迁、扬州等地，基层一线高速公路执法岗位，工作地点偏僻，条件艰苦，需上夜班，值班、加班较多。,面试50%,取得相应学位,"电话：025-84329360
联系人：魏燕",
1072-129,2026-shengshu,淮安,江苏省高速公路交通运输执法总队京沪支队,行政执法,从事高速公路交通运输综合执法管理，含道路运输执法管理、路政管理、行业监管等。,其他专技类,1,社会人员,本科以上,,,道路桥梁工程、交通管理工程、交通运输、交通工程、交通建设与装备、交通设备与控制工程,道路桥梁工程、交通管理工程、交通运输、交通工程、交通建设与装备、交通设备与控制工程,,,具有2年及以上工作经历,,,,笔试+面试,,,,,江苏省交通运输厅,全额拨款,进编；工作地点淮安、宿迁、扬州等地，基层一线高速公路执法岗位，工作地点偏僻，条件艰苦，需上夜班，值班、加班较多。,面试50%,1. 取得相应学位；2. 具有2年及以上工作经历。,"电话：025-84329360
联系人：魏燕",
1073-130,2026-shengshu,江苏,江苏省高速公路交通运输执法总队连徐支队,行政执法,从事高速公路交通运输综合执法管理，含道路运输执法管理、路政管理、行业监管等。,管理类,1,2026年毕业生,本科以上,,,道路桥梁工程、交通管理工程、交通运输、交通工程、交通建设与装备、交通设备与控制工程,道路桥梁工程、交通管理工程、交通运输、交通工程、交通建设与装备、交通设备与控制工程,,,,,,,笔试+面试,,,,,江苏省交通运输厅,全额拨款,进编；工作地点涉及徐州、连云港、邳州、沛县等地，基层一线高速公路执法岗位，工作地点偏僻，条件艰苦，需上夜班，值班、加班较多。,面试50%,取得相应学位,"电话：025-84329360
联系人：魏燕",
1074-131,2026-shengshu,宿迁,江苏省高速公路交通运输执法总队徐盐支队,行政执法,从事高速公路交通运输综合执法管理，含道路运输执法管理、路政管理、行业监管等。,管理类,2,2026年毕业生,本科以上,,,道路桥梁工程、交通管理工程、交通运输、交通工程、交通建设与装备、交通设备与控制工程,道路桥梁工程、交通管理工程、交通运输、交通工程、交通建设与装备、交通设备与控制工程,,,,,,,笔试+面试,,,,,江苏省交通运输厅,全额拨款,"进编；工作地点在宿迁、淮安、建湖、泗阳、睢宁、盱眙等地,基层一线高速公路执法岗位，工作地点偏僻，条件艰苦，需上夜班，值班、加班较多。",面试50%,取得相应学位,"电话：025-84329360
联系人：魏燕",
1074-132,2026-shengshu,宿迁,江苏省高速公路交通运输执法总队徐盐支队,行政执法,从事执法信息化工作，包括高速公路交通信息系统建设及网络安全等。,管理类,1,2026年毕业生,本科以上,,,计算机科学与技术、信息工程、通信工程、交通设备信息工程、网络工程，交通设备与控制工程,计算机科学与技术、信息工程、通信工程、交通设备信息工程、网络工程，交通设备与控制工程,,,,,,,笔试+面试,,,,,江苏省交通运输厅,全额拨款,进编；工作地点在宿迁、淮安、建湖、泗阳、睢宁、盱眙等地，基层一线高速公路执法岗位，工作地点偏僻，条件艰苦，需上夜班，值班、加班较多。,面试50%,取得相应学位,"电话：025-84329360
联系人：魏燕",
1075-133,2026-shengshu,常州,江苏省高速公路交通运输执法总队宁杭支队,行政执法,从事高速公路交通运输综合执法管理，含道路运输执法管理、路政管理、行业监管等。,其他专技类,1,社会人员,本科以上,,,道路桥梁工程、交通管理工程、交通运输、交通工程、交通建设与装备、交通设备与控制工程,道路桥梁工程、交通管理工程、交通运输、交通工程、交通建设与装备、交通设备与控制工程,,,具有2年及以上工作经历,,,,笔试+面试,,,,,江苏省交通运输厅,全额拨款,进编；工作地点在常州市，基层一线高速公路执法岗位，工作地点偏僻，条件艰苦，需上夜班，值班、加班较多。,面试50%,1. 取得相应学位；2. 具有2年及以上工作经历。,"电话：025-84329360
联系人：魏燕",
1076-134,2026-shengshu,江苏,江苏省高速公路交通运输执法总队沿江支队,行政执法,从事高速公路交通运输综合执法管理，含道路运输执法管理、路政管理、行业监管等。,管理类,2,2026年毕业生,本科以上,,,道路桥梁工程、交通管理工程、交通运输、交通工程、交通建设与装备、交通设备与控制工程,道路桥梁工程、交通管理工程、交通运输、交通工程、交通建设与装备、交通设备与控制工程,,,,,,,笔试+面试,,,,,江苏省交通运输厅,全额拨款,进编；工作地点涉及常州、无锡、镇江等地、基层一线高速公路执法岗位，工作地点偏僻，条件艰苦，需上夜班，值班、加班较多。,面试50%,取得相应学位,"电话：025-84329360
联系人：魏燕",
1076-135,2026-shengshu,江苏,江苏省高速公路交通运输执法总队沿江支队,行政执法,从事高速公路交通运输综合执法管理，含道路运输执法管理、路政管理、行业监管等。,管理类,1,社会人员,本科以上,,,道路桥梁工程、交通管理工程、交通运输、交通工程、交通建设与装备、交通设备与控制工程,道路桥梁工程、交通管理工程、交通运输、交通工程、交通建设与装备、交通设备与控制工程,,,具有2年及以上工作经历,,,,笔试+面试,,,,,江苏省交通运输厅,全额拨款,进编；工作地点涉及常州、无锡、镇江等地、基层一线高速公路执法岗位，工作地点偏僻，条件艰苦，需上夜班，值班、加班较多。,面试50%,1. 取得相应学位；2. 具有2年及以上工作经历。,"电话：025-84329360
联系人：魏燕",
1077-136,2026-shengshu,江苏,江苏省交通运输厅公路事业发展中心,综合文字,负责相关文件起草、工作方案拟定等综合文字工作，以及日常综合性工作。,其他专技类,1,2026年毕业生,硕士研究生,,,,语言学及应用语言学、中国现当代文学、新闻学、新闻与传播、新闻传播学、中国语言文学,,,,,,,笔试+面试,,,本科阶段专业需为中文文秘类，并取得相应学位,,江苏省交通运输厅,全额拨款,进编；工作地点位于南京市。,面试50%,1.取得相应学位；2.本科阶段专业需为中文文秘类，并取得相应学位。,"电话：025-84211915
传真：025-84208091
联系人：毛成超",
1077-137,2026-shengshu,江苏,江苏省交通运输厅公路事业发展中心,公路交通应急装备物资管理,从事公路交通应急装备物资管理、调拨工作，组织日常训练演练。,其他专技类,4,社会人员,硕士研究生,,,,道路与铁道工程、交通运输工程、桥梁与隧道工程、交通运输,,,,,,,笔试+面试,,,具有2年及以上公路综合管理、公路应急装备物资管理、公路安全应急管理、公路路网管理或公路建设养护管理相关工作经历,,江苏省交通运输厅,全额拨款,进编；工作地点位于镇江市丹徒区。,面试50%,1.取得相应学位；2.具有2年及以上公路综合管理、公路应急装备物资管理、公路安全应急管理、公路路网管理或公路建设养护管理相关工作经历。,"电话：025-84211915
传真：025-84208091
联系人：毛成超",
1078-138,2026-shengshu,江苏,江苏省交通运输厅港航事业发展中心,法律事务,从事法制建设、政策研究、案件诉讼、法制宣传教育等工作。,法律类,1,2026年毕业生,硕士研究生,,,,宪法学与行政法学，法律（非法学），法律硕士（非法学），经济法,,,,取得国家法律职业资格证书（A类）,,,笔试+面试,,,,,江苏省交通运输厅,全额拨款,进编,面试50%,1.取得相应学位；2.取得国家法律职业资格证书（A类）。,"电话：025-52855893
传真：025-52855850
联系人：王凯文",
1078-139,2026-shengshu,江苏,江苏省交通运输厅港航事业发展中心,财务管理,从事财务会计、审计、预决算管理等相关工作。,经济类（会计、审计）,1,社会人员,硕士研究生,,,,会计，会计学，审计，审计学,,,具有2年及以上财务工作经历,取得注册会计师资格,,,笔试+面试,,,本科为财务财会类专业，并取得相应学位,,江苏省交通运输厅,全额拨款,进编,面试50%,1.取得相应学位；2.本科为财务财会类专业，并取得相应学位；3.具有2年及以上财务工作经历；4.取得注册会计师资格。,"电话：025-52855893
传真：025-52855850
联系人：王凯文",
1079-140,2026-shengshu,江苏,江苏省交通工程建设局,工程建设管理,从事高速公路、过江通道工程建设管理工作。,其他专技类,5,2026年毕业生,硕士研究生,,,,桥梁与隧道工程、道路与铁道工程、交通运输工程、交通运输、土木工程、土木水利,,,,,,,笔试+面试,,,本科阶段专业需为交通工程类，并取得相应学位；研究生阶段所学专业研究方向需为道路或桥梁方向,,江苏省交通运输厅,自收自支,进编；需常驻工地。,面试50%,1.取得相应学位；2.本科阶段专业需为交通工程类，并取得相应学位；3.研究生阶段所学专业研究方向需为道路或桥梁方向。,"电话：025-84329567
传真：025-84467907
联系人：谢静",
1079-141,2026-shengshu,江苏,江苏省交通工程建设局,信息化管理,主要从事高速公路交通工程（交通控制、人工智能等专业方面）的设计管理和科研管理工作。,其他专技类,1,2026年毕业生,硕士研究生,,,,计算机类，机电控制类,,,,,,,笔试+面试,,,本科阶段专业需为计算机类或机电控制类，并取得相应学位,,江苏省交通运输厅,自收自支,进编；需经常出差。,面试50%,1.取得相应学位；2.本科阶段专业需为计算机类或机电控制类，并取得相应学位。,"电话：025-84329567
传真：025-84467907
联系人：谢静",
1079-142,2026-shengshu,江苏,江苏省交通工程建设局,综合管理,主要从事综合文秘、信息宣传、办公管理等工作。,其他专技类,1,2026年毕业生,硕士研究生,,,,语言学及应用语言学、汉语言文字学、中国语言文学、新闻学、传播学、新闻与传播、新闻传播学,,,,,,,笔试+面试,,,本科阶段专业需为中文文秘类，并取得相应学位,,江苏省交通运输厅,自收自支,进编；需经常出差。,面试50%,1.取得相应学位；2.本科阶段专业需为中文文秘类，并取得相应学位。,"电话：025-84329567
传真：025-84467907
联系人：谢静",
1079-143,2026-shengshu,江苏,江苏省交通工程建设局,党务管理,主要从事党建、纪检工作。,其他专技类,1,社会人员,硕士研究生,,,,汉语言文字学、中国语言文学、思想政治教育、马克思主义理论、马克思主义哲学、马克思主义基本原理、中共党史党建学、纪检监察学,,,具有2年及以上党建或纪检相关工作经历,,,中共党员,笔试+面试,,,本科阶段专业需为中文文秘类或社会政治类，并取得相应学位,,江苏省交通运输厅,自收自支,进编；需经常出差。,面试50%,1.取得相应学位；2.本科阶段专业需为中文文秘类或社会政治类，并取得相应学位；3.中共党员；4.具有2年及以上党建或纪检相关工作经历。,"电话：025-84329567
传真：025-84467907
联系人：谢静",
1080-144,2026-shengshu,江苏,江苏省交通运输厅规划研究中心,交通运输规划研究,从事综合交通运输战略规划研究工作。,其他专技类,1,社会人员,硕士研究生,,,,交通运输规划与管理，交通运输，物流工程与管理，产业经济学，区域经济学,,,具有2年及以上规划研究工作经历,,,,笔试+面试,,,本科阶段专业需为交通工程类或经济类，并取得相应学位,,江苏省交通运输厅,差额拨款,进全额拨款编,面试50%,1.取得相应学位；2.本科阶段专业需为交通工程类或经济类，并取得相应学位；3.具有2年及以上规划研究工作经历。,"电话：025-52853298
传真：025-52853243
联系人：赵莹",
1081-145,2026-shengshu,江苏,江苏省交通通信信息中心,交通信息化建设管理,从事交通信息化系统的开发与运维管理，新技术研究推广。,计算机类,1,2026年毕业生,硕士研究生,,,,人工智能，计算机科学与技术，计算机技术，计算机应用技术，大数据技术与工程，软件工程,,,,,,,笔试+面试,,,本科阶段专业需为计算机类，并取得相应学位,,江苏省交通运输厅,自收自支,进编；参与夜间值班与应急演练；需经常出差和偏远地区户外作业。,面试50%,1.取得相应学位；2.本科阶段专业需为计算机类，并取得相应学位。,"电话：025-52853108
传真：025-52853227
联系人：陈思琪",
1081-146,2026-shengshu,江苏,江苏省交通通信信息中心,网络安全管理,负责网络安全与信息技术保障工作。,计算机类,1,2026年毕业生,硕士研究生,,,,网络空间安全，网络与信息安全，信息安全，信息与通信工程,,,,,,,笔试+面试,,,本科阶段专业需为计算机类，并取得相应学位,,江苏省交通运输厅,自收自支,进编；参与夜间值班与网络安全应急通信保障。,面试50%,1.取得相应学位；2.本科阶段专业需为计算机类，并取得相应学位。,"电话：025-52853108
传真：025-52853227
联系人：陈思琪",
1082-147,2026-shengshu,江苏,江苏省交通行业宣传教育中心,财务会计,从事预决算管理、财务会计、审计等工作。,经济类（会计、审计）,1,不限,硕士研究生,,,,会计，会计学，审计，审计学,,,,,,,笔试+面试,,,本科阶段为财务财会类专业，并取得相应学位,,江苏省交通运输厅,差额拨款,进自收自支编；经常加班。,面试50%,1.取得相应学位；2.本科阶段为财务财会类专业，并取得相应学位。,"电话：025-68965698
联系人：张永倩",
1082-148,2026-shengshu,江苏,江苏省交通行业宣传教育中心,新闻采编,从事新闻策划与采编工作。,其他专技类,1,2026年毕业生,本科以上,,,新闻传播学，新闻学，汉语言文学，广播电视新闻，广播电视新闻学,新闻传播学，新闻学，汉语言文学，广播电视新闻，广播电视新闻学,,,,,,,笔试+面试,,,以研究生学历报考的考生，本科阶段须为汉语言文学、新闻学、广播电视新闻或广播电视新闻学专业，并取得相应学位,,江苏省交通运输厅,差额拨款,进自收自支编；经常出差、加班。,面试50%,1.取得相应学位；2.以研究生学历报考的考生，本科阶段须为汉语言文学、新闻学、广播电视新闻或广播电视新闻学专业，并取得相应学位。,"电话：025-68965698
联系人：张永倩",
1082-149,2026-shengshu,江苏,江苏省交通行业宣传教育中心,视频采编,从事摄影摄像、视频剪辑、动画制作等相关工作。,其他专技类,1,社会人员,本科以上,,,新闻学，新闻传播学，广播电视，广播电视新闻，广播电视新闻学，广播电视学，全媒体新闻采编与制作,新闻学，新闻传播学，广播电视，广播电视新闻，广播电视新闻学，广播电视学，全媒体新闻采编与制作,,,具有市级（设区市）及以上媒体视频拍摄制作2年及以上工作经历,,取得新闻系列中级以上职称资格,,笔试+面试,,,,,江苏省交通运输厅,差额拨款,进自收自支编；经常出差、加班。,面试50%,1.取得相应学位；2.具有市级（设区市）及以上媒体视频拍摄制作2年及以上工作经历；3.取得新闻系列中级以上职称资格。,"电话：025-68965698
联系人：张永倩",
1082-150,2026-shengshu,江苏,江苏省交通行业宣传教育中心,政务服务岗,从事市县政务服务窗口指导监管、政务服务事项改革、政策咨询及法制服务、合同管理等工作。,管理类,1,2026年毕业生,硕士研究生,,,,宪法学与行政法学，诉讼法，诉讼法学，法律（法学），法律硕士（法学）,,,,,,,笔试+面试,,,,,江苏省交通运输厅,差额拨款,进自收自支编；经常加班。,面试50%,取得相应学位,"电话：025-68965698
联系人：张永倩",
1083-151,2026-shengshu,扬州,苏北航务管理处扬州航务中心,信息化管理,负责信息化建设与管理、网络维护、信息安全等工作。,管理类,1,2026年毕业生,硕士研究生,,,,计算机类,,,,,,,笔试+面试,,,,,江苏省交通运输厅,自收自支,进编；工作地点：扬州；经常值班。,面试50%,取得相应学位,"电话：0517-83530082
传真：0517-83530082
联系人：开拓",
1083-152,2026-shengshu,扬州,苏北航务管理处扬州航务中心,机电养护,负责船闸机电设备日常管理、维护等工作。,管理类,1,不限,本科以上,,,机电控制类、电子信息类,机电控制类、电子信息类,,,,,,,笔试+面试,,,,,江苏省交通运输厅,自收自支,进编；工作地点：扬州；24小时倒班制、长期夜班、驻偏远站点工作。,面试50%,取得相应学位,"电话：0517-83530082
传真：0517-83530082
联系人：开拓",
1083-153,2026-shengshu,扬州,苏北航务管理处扬州航务中心,航政管理,负责航产航权保护、航道技术尺度维护等工作。,管理类,1,不限,硕士研究生,,,,法律类,,,,,,,笔试+面试,,,,,江苏省交通运输厅,自收自支,进编；工作地点：扬州；经常值班。,面试50%,取得相应学位,"电话：0517-83530082
传真：0517-83530082
联系人：开拓",
1083-154,2026-shengshu,扬州,苏北航务管理处扬州航务中心,船艇驾驶,负责船艇的日常驾驶。,管理类,1,社会人员,本科以上,,,不限,不限,,,具有2年以上船舶驾驶工作经历,,,,笔试+面试,,,需持有内河船舶驾驶员二类及以上适任证书或持有适用于500总吨及以上或主推进动力装置750千瓦及以上海船船长或驾驶员适任证书,,江苏省交通运输厅,自收自支,进编；工作地点：扬州；经常值班、长期野外水上作业、驻偏远站点工作。,面试50%,1.具有2年以上船舶驾驶工作经历；2.需持有内河船舶驾驶员二类及以上适任证书或持有适用于500总吨及以上或主推进动力装置750千瓦及以上海船船长或驾驶员适任证书。,"电话：0517-83530082
传真：0517-83530082
联系人：开拓",
1083-155,2026-shengshu,扬州,苏北航务管理处扬州航务中心,经济管理,负责船闸运营效率、经济效益统计、分析与评估等工作。,管理类,1,2026年毕业生,硕士研究生,,,,经济类、统计类,,,,,,,笔试+面试,,,,,江苏省交通运输厅,自收自支,进编；工作地点：扬州；经常值班。,面试50%,取得相应学位,"电话：0517-83530082
传真：0517-83530082
联系人：开拓",
1084-156,2026-shengshu,淮安,苏北航务管理处淮安航务中心,运调管理,负责船闸运行调度、运维管理、数据运用、统计分析等工作，协助开展大运河文化宣传等工作。,管理类,4,2026年毕业生,本科以上,,,机电控制类、统计类、经济类、中文文秘类,机电控制类、统计类、经济类、中文文秘类,,,,,,,笔试+面试,,,,,江苏省交通运输厅,自收自支,进编；工作地点：淮安；24小时倒班制、长期夜班、驻偏远站点工作。,面试50%,取得相应学位,"电话：0517-83530082
传真：0517-83530082
联系人：开拓",
1084-157,2026-shengshu,淮安,苏北航务管理处淮安航务中心,运调管理,负责船闸运行调度、运维管理、数据运用、统计分析等工作，协助开展大运河文化宣传等工作。,管理类,2,社会人员,本科以上,,,机电控制类、统计类、经济类、中文文秘类,机电控制类、统计类、经济类、中文文秘类,,,,,,,笔试+面试,,,,,江苏省交通运输厅,自收自支,进编；工作地点：淮安；24小时倒班制、长期夜班、驻偏远站点工作。,面试50%,取得相应学位,"电话：0517-83530082
传真：0517-83530082
联系人：开拓",
1084-158,2026-shengshu,淮安,苏北航务管理处淮安航务中心,航政管理,负责航产航权保护、航道技术尺度维护等工作。,管理类,1,不限,硕士研究生,,,,法律类,,,,,,,笔试+面试,,,,,江苏省交通运输厅,自收自支,进编；工作地点：淮安；经常值班。,面试50%,取得相应学位,"电话：0517-83530082
传真：0517-83530082
联系人：开拓",
1084-159,2026-shengshu,淮安,苏北航务管理处淮安航务中心,船艇管理,负责船艇轮机的日常管理、维护保养、故障检修。,管理类,1,社会人员,本科以上,,,轮机工程、轮机工程技术、船舶动力工程技术、机械工程及自动化,轮机工程、轮机工程技术、船舶动力工程技术、机械工程及自动化,,,具有2年以上船舶管理、保养工作经历,,,,笔试+面试,,,需持有内河船舶轮机员二类及以上适任证书或持有适用于500总吨及以上或主推进动力装置750千瓦及以上海船轮机长或轮机员适任证书,,江苏省交通运输厅,自收自支,进编；工作地点：淮安；经常值班、长期野外水上作业、驻偏远站点工作。,面试50%,1.具有2年以上船舶管理、保养工作经历；2.需持有内河船舶轮机员二类及以上适任证书或持有适用于500总吨及以上或主推进动力装置750千瓦及以上海船轮机长或轮机员适任证书。,"电话：0517-83530082
传真：0517-83530082
联系人：开拓",
1084-160,2026-shengshu,淮安,苏北航务管理处淮安航务中心,环境保护,负责苏北运河环境保护、资源保护等工作。,管理类,1,2026年毕业生,硕士研究生,,,,法律类、环境保护类,,,,,,,笔试+面试,,,,,江苏省交通运输厅,自收自支,进编；工作地点：淮安；经常值班。,面试50%,取得相应学位,"电话：0517-83530082
传真：0517-83530082
联系人：开拓",
1084-161,2026-shengshu,淮安,苏北航务管理处淮安航务中心,工程管理,负责船闸工程建设管理等工作。,管理类,1,2026年毕业生,硕士研究生,,,,交通工程类、航道港口类,,,,,,,笔试+面试,,,,,江苏省交通运输厅,自收自支,进编；工作地点：淮安；经常值班。,面试50%,取得相应学位,"电话：0517-83530082
传真：0517-83530082
联系人：开拓",
1085-162,2026-shengshu,宿迁,苏北航务管理处宿迁航务中心,运调管理,负责船闸运行调度、运维管理、数据运用、统计分析等工作，协助开展大运河文化宣传等工作。,管理类,2,2026年毕业生,本科以上,,,机电控制类、统计类、经济类、中文文秘类,机电控制类、统计类、经济类、中文文秘类,,,,,,,笔试+面试,,,,,江苏省交通运输厅,自收自支,进编；工作地点：宿迁；24小时倒班制、长期夜班、驻偏远站点工作。,面试50%,取得相应学位,"电话：0517-83530082
传真：0517-83530082
联系人：开拓",
1085-163,2026-shengshu,宿迁,苏北航务管理处宿迁航务中心,运调管理,负责船闸运行调度、运维管理、数据运用、统计分析等工作，协助开展大运河文化宣传等工作。,管理类,1,社会人员,本科以上,,,机电控制类、统计类、经济类、中文文秘类,机电控制类、统计类、经济类、中文文秘类,,,,,,,笔试+面试,,,,,江苏省交通运输厅,自收自支,进编；工作地点：宿迁；24小时倒班制、长期夜班、驻偏远站点工作。,面试50%,取得相应学位,"电话：0517-83530082
传真：0517-83530082
联系人：开拓",
1085-164,2026-shengshu,宿迁,苏北航务管理处宿迁航务中心,水运管理,负责航道锚地、水上服务区管理服务等工作。,管理类,1,2026年毕业生,本科以上,,,交通工程类、工商管理类,交通工程类、工商管理类,,,,,,,笔试+面试,,,,,江苏省交通运输厅,自收自支,进编；工作地点：宿迁；24小时倒班制、长期夜班、驻偏远站点工作。,面试50%,取得相应学位,"电话：0517-83530082
传真：0517-83530082
联系人：开拓",
1085-165,2026-shengshu,宿迁,苏北航务管理处宿迁航务中心,机电养护,负责船闸机电设备日常管理、维护、应急保障等工作。,管理类,2,不限,本科以上,,,机电控制类、机械工程类、电子信息类,机电控制类、机械工程类、电子信息类,,,,,,,笔试+面试,,,,,江苏省交通运输厅,自收自支,进编；工作地点：宿迁；24小时倒班制、长期夜班、驻偏远站点工作。,面试50%,取得相应学位,"电话：0517-83530082
传真：0517-83530082
联系人：开拓",
1085-166,2026-shengshu,宿迁,苏北航务管理处宿迁航务中心,综合文字,负责文稿编撰、文件起草、新闻宣传等相关工作。,管理类,1,2026年毕业生,本科以上,,,中文文秘类、法律类,中文文秘类、法律类,,,,,,,笔试+面试,,,,,江苏省交通运输厅,自收自支,进编；工作地点：宿迁；经常值班、驻偏远站点工作。,面试50%,取得相应学位,"电话：0517-83530082
传真：0517-83530082
联系人：开拓",
1085-167,2026-shengshu,宿迁,苏北航务管理处宿迁航务中心,财务管理,负责船闸财务审计、管理等工作。,管理类,1,2026年毕业生,硕士研究生,,,,财务财会类、审计类,,,,,,,笔试+面试,,,,,江苏省交通运输厅,自收自支,进编；工作地点：宿迁；经常值班。,面试50%,取得相应学位,"电话：0517-83530082
传真：0517-83530082
联系人：开拓",
1086-168,2026-shengshu,徐州,苏北航务管理处徐州航务中心,运调管理,负责船闸运行调度、运维管理、数据运用、统计分析等工作，协助开展大运河文化宣传等工作。,管理类,1,2026年毕业生,本科以上,,,机电控制类、统计类、经济类、中文文秘类,机电控制类、统计类、经济类、中文文秘类,,,,,,,笔试+面试,,,,,江苏省交通运输厅,自收自支,进编；工作地点：徐州；24小时倒班制、长期夜班、驻偏远站点工作。,面试50%,取得相应学位,"电话：0517-83530082
传真：0517-83530082
联系人：开拓",
1086-169,2026-shengshu,徐州,苏北航务管理处徐州航务中心,运调管理,负责船闸运行调度、运维管理、数据运用、统计分析等工作，协助开展大运河文化宣传等工作。,管理类,1,社会人员,本科以上,,,机电控制类、统计类、经济类、中文文秘类,机电控制类、统计类、经济类、中文文秘类,,,,,,,笔试+面试,,,,,江苏省交通运输厅,自收自支,进编；工作地点：徐州；24小时倒班制、长期夜班、驻偏远站点工作。,面试50%,取得相应学位,"电话：0517-83530082
传真：0517-83530082
联系人：开拓",
1086-170,2026-shengshu,徐州,苏北航务管理处徐州航务中心,航政管理,负责航产航权保护、航道技术尺度维护等工作。,管理类,1,不限,硕士研究生,,,,法律类,,,,,,,笔试+面试,,,,,江苏省交通运输厅,自收自支,进编；工作地点：徐州；经常值班。,面试50%,取得相应学位,"电话：0517-83530082
传真：0517-83530082
联系人：开拓",
1086-171,2026-shengshu,徐州,苏北航务管理处徐州航务中心,安全管理,负责船闸安全生产监管、环境安全监测等工作。,管理类,1,2026年毕业生,硕士研究生,,,,安全生产类、环境保护类,,,,,,,笔试+面试,,,,,江苏省交通运输厅,自收自支,进编；工作地点：徐州；经常值班。,面试50%,取得相应学位,"电话：0517-83530082
传真：0517-83530082
联系人：开拓",
1087-172,2026-shengshu,江苏,京杭运河江苏省船闸应急保障中心,电气养护,负责电气系统设计、电气设备养护及应急保障等工作。,管理类,1,2026年毕业生,硕士研究生,,,,机电控制类、电子信息类,,,,,,,笔试+面试,,,,,江苏省交通运输厅,自收自支,进编；工作地点：淮安；经常出差。,面试50%,取得相应学位,"电话：0517-83530082
传真：0517-83530082
联系人：开拓",
1087-173,2026-shengshu,江苏,京杭运河江苏省船闸应急保障中心,航道数字化与测绘,负责航道数字化建设、维护及相关测绘技术支撑等工作。,管理类,1,2026年毕业生,硕士研究生,,,,测绘类,,,,,,,笔试+面试,,,,,江苏省交通运输厅,自收自支,进编；工作地点：淮安；经常出差。,面试50%,取得相应学位,"电话：0517-83530082
传真：0517-83530082
联系人：开拓",
1087-174,2026-shengshu,江苏,京杭运河江苏省船闸应急保障中心,网络运维,负责苏北运河现场网络设备抢修、网络安全防护及应急保障等工作。,管理类,1,不限,本科以上,,,计算机类,计算机类,,,,,,,笔试+面试,,,,,江苏省交通运输厅,自收自支,进编；工作地点：淮安；24小时倒班制，经常出差，长期野外工作。,面试50%,取得相应学位,"电话：0517-83530082
传真：0517-83530082
联系人：开拓",
1087-175,2026-shengshu,江苏,京杭运河江苏省船闸应急保障中心,潜水管理,负责船闸水下设施、设备日常检查和应急保障等工作。,其他专技类,1,不限,专科以上,,,不限,不限,,,,持有中国潜水救捞行业协会颁发的空气潜水（C）及以上证书,,,笔试+面试,,,,,江苏省交通运输厅,自收自支,进编；工作地点：淮安；经常出差、长期水下作业。,面试50%,持有中国潜水救捞行业协会颁发的空气潜水（C）及以上证书,"电话：0517-83530082
传真：0517-83530082
联系人：开拓",
1088-176,2026-shengshu,江苏,江苏省交通技师学院,资产管理,从事资产清查、登记及日常管理等工作。,经济类（会计、审计）,1,2026年毕业生,硕士研究生,,,,会计、会计学、会计硕士、审计、审计学、资产评估,,,,,,,笔试+面试,,,,,江苏省交通运输厅,全额拨款,纳入编制管理,面试50%,取得相应学位,"电话：0511-83361678
联系人：吕志胜、王宁",
1089-177,2026-shengshu,无锡,江苏省无锡交通高等职业技术学校,会计,主要从事财务会计工作，包括国库付款、财务记账、审核等。,经济类（会计、审计）,1,2026年毕业生,硕士研究生,,,,会计，会计学，会计硕士，会计与金融，财政学（含税收学），税务,,,,,,,笔试+面试,,,,,江苏省交通运输厅,全额拨款,进编,面试50%,取得相应学位,"电话：0510-68781165
联系人：邵敏珠、黄青青",
1089-178,2026-shengshu,无锡,江苏省无锡交通高等职业技术学校,教务管理,主要从事学校教务管理工作。,管理类,1,2026年毕业生,硕士研究生,,,,职业技术教育学，现代教育技术，教育技术学，教育学，教育，教育管理,,,,,,,笔试+面试,,,,,江苏省交通运输厅,全额拨款,进编,面试50%,取得相应学位,"电话：0510-68781165
联系人：邵敏珠、黄青青",
1089-179,2026-shengshu,无锡,江苏省无锡交通高等职业技术学校,学生管理,主要从事学生心理健康教育宣传普及工作、心理咨询服务、学生管理等工作,管理类,1,2026年毕业生,硕士研究生,,,,心理学，应用心理学，应用心理，发展与教育心理学，心理健康教育，基础心理学,,,,,,,笔试+面试,,,在高校期间具有1年及以上主要学生干部经历；主要学生干部是指在高校本科或研究生就读阶段担任正副班长、正副团支部书记、正副党支部书记，在高校二级学院（系）团委、学生会、研究生会、社团联合会任正部长及以上学生干部，在校团委、学生会、研究生会、社团联合会任副部长及以上学生干部，校级社团（协会）负责人,,江苏省交通运输厅,全额拨款,进编,面试50%,1.取得相应学位；     2.在高校期间具有1年及以上主要学生干部经历。主要学生干部是指在高校本科或研究生就读阶段担任正副班长、正副团支部书记、正副党支部书记，在高校二级学院（系）团委、学生会、研究生会、社团联合会任正部长及以上学生干部，在校团委、学生会、研究生会、社团联合会任副部长及以上学生干部，校级社团（协会）负责人。,"电话：0510-68781165
联系人：邵敏珠、黄青青",
1090-180,2026-shengshu,南京,江苏省水利厅机关后勤服务中心,档案管理,主要从事档案管理等综合事务性工作。,管理类,1,2026年毕业生,本科,,,档案管理、档案学、图书馆学、行政管理、公共管理,,,,,,,,笔试+面试,,,,,江苏省水利厅,全额拨款,进编；工作地点为南京市鼓楼区。,面试50%,取得相应学位,025-86338321，王琼芳,
1091-181,2026-shengshu,南京,江苏省农村水利科技发展中心,农水科技,主要从事全省农村水利相关工作。,其他专技类,1,2026年毕业生,硕士研究生,,,,水利工程、水利水电工程、农业水土工程、土木水利,,,,,,,笔试+面试,,,,,江苏省水利厅,全额拨款,进编；工作地点为南京市鼓楼区。,面试50%,取得相应学位,025-86338423（传真同），周纲,
1092-182,2026-shengshu,南京,江苏省水资源服务中心,水资源管理,从事水资源管理、节约、保护等工作。,其他专技类,1,2026年毕业生,硕士研究生以上,,,,水文学及水资源、水力学及河流动力学、水利工程、农业水土工程、水利水电工程,,,,,,,笔试+面试,,,,,江苏省水利厅,全额拨款,进编；工作地点为南京市鼓楼区。,面试50%,取得相应学位,025-86338411、025-86338414（传真），汪晶、盖永伟,
1093-183,2026-shengshu,南京,江苏省水文水资源勘测局南京分局,水情科信息化和计算机岗,从事水文信息化管理、水文应用系统、数据库、遥测系统及网络运维等工作。,管理类,1,2026年毕业生,硕士研究生,,,,计算机科学与技术、计算机技术、电子信息、网络与信息安全,,,,,,,笔试+面试,,,要求本科专业为计算机科学与技术、计算机及应用、计算机技术及其应用、计算机通信工程,,江苏省水利厅,全额拨款,进编；工作地点为南京市鼓楼区。,面试50%,1.取得相应学位；2.要求本科专业为计算机科学与技术、计算机及应用、计算机技术及其应用、计算机通信工程。,025-68821806，盛悦,
1093-184,2026-shengshu,江苏,江苏省水文水资源勘测局南京分局,江北新区监测中心晓桥水文站水文监测岗,从事站网建设管理、水文测验测报、水文巡测调查、测验设施设备维护、水文资料分析、水文资料整编、技术装备管理和勘测技能培训、工程规划建设等工作。,管理类,1,2026年毕业生,硕士研究生,,,,水文学及水资源、水力学及河流动力学、土木水利、水利工程（水文水资源方向）,,,,,,,笔试+面试,,,要求本科专业为水文学及水资源、水文学与水资源、水文与水资源工程、水文与水资源工程技术、土木工程、农业水利工程、水务工程,,江苏省水利厅,全额拨款,进编；工作地点为江北新区晓桥水文站（基层测站、防汛24小时值班）。,面试50%,1.取得相应学位；2.要求本科专业为水文学及水资源、水文学与水资源、水文与水资源工程、水文与水资源工程技术、土木工程、农业水利工程、水务工程。,025-68821806，盛悦,
1093-185,2026-shengshu,江苏,江苏省水文水资源勘测局南京分局,高淳监测中心天生桥闸水文站水文监测岗,从事站网建设管理、水文测验测报、水文巡测调查、测验设施设备维护、水文资料分析、水文资料整编、技术装备管理和勘测技能培训、工程规划建设等工作。,管理类,1,2026年毕业生,硕士研究生,,,,水文学及水资源、水力学及河流动力学、土木水利、水利工程（水文水资源方向）,,,,,,,笔试+面试,,,要求本科专业为水文学及水资源、水文学与水资源、水文与水资源工程、水文与水资源工程技术、土木工程、农业水利工程、水务工程,,江苏省水利厅,全额拨款,进编；工作地点为溧水区天生桥闸水文站（基层测站、防汛24小时值班）。,面试50%,1.取得相应学位；2.要求本科专业为水文学及水资源、水文学与水资源、水文与水资源工程、水文与水资源工程技术、土木工程、农业水利工程、水务工程。,025-68821806，盛悦,
1094-186,2026-shengshu,江苏,江苏省水文水资源勘测局无锡分局,江阴监测中心青旸水文站水文监测岗,从事基层水文测报、野外水文勘测及水文设施设备运行维护、工程规划建设等工作。,管理类,1,2026年毕业生,硕士研究生,,,,水文学及水资源、水力学及河流动力学、土木水利、水利工程（水文水资源方向）,,,,,,,笔试+面试,,,要求本科专业为水文学及水资源、水文学与水资源、水文与水资源工程、水文与水资源工程技术、土木工程、农业水利工程、水务工程,,江苏省水利厅,全额拨款,进编；工作地点为江阴市青阳镇，从事野外勘测、应急监测等艰苦条件工作。,面试50%,1.取得相应学位；2.要求本科专业为水文学及水资源、水文学与水资源、水文与水资源工程、水文与水资源工程技术、土木工程、农业水利工程、水务工程。,0510-80109192、0510-80109174（传真），伍嵘,
1094-187,2026-shengshu,无锡,江苏省水文水资源勘测局无锡分局,水质科水质监测岗,从事水环境质量监测、水生态监测、水环境分析评价等工作。,管理类,1,2026年毕业生,硕士研究生,,,,环境工程、环境科学与工程、资源与环境、生态学（水域生态方向）,,,,,,,笔试+面试,,,,,江苏省水利厅,全额拨款,进编；工作地点为无锡市锡山区。,面试50%,取得相应学位,0510-80109192、0510-80109174（传真），伍嵘,
1095-188,2026-shengshu,徐州,江苏省水文水资源勘测局徐州分局,站网科水文监测岗,从事水文监测、水文分析评价、资料整编、工程规划建设等工作。,管理类,1,2026年毕业生,硕士研究生,,,,水文学及水资源、水力学及河流动力学、土木水利、水利工程（水文水资源方向）,,,,,,,笔试+面试,,,要求本科专业为水文学及水资源、水文学与水资源、水文与水资源工程，水文与水资源工程技术，土木工程，农业水利工程、水务工程,,江苏省水利厅,全额拨款,进编；工作地点为徐州市云龙区。,面试50%,1.取得相应学位；2.要求本科专业为水文学及水资源、水文学与水资源、水文与水资源工程，水文与水资源工程技术，土木工程，农业水利工程、水务工程。,0516-68926897、0516-68926898（传真），文武,
1095-189,2026-shengshu,徐州,江苏省水文水资源勘测局徐州分局,水资源科水资源分析评价岗,从事水资源调查分析评价、资料整编、工程规划建设等工作。,管理类,1,2026年毕业生,硕士研究生,,,,水文学及水资源、水力学及河流动力学、土木水利、水利工程（水文水资源方向）,,,,,,,笔试+面试,,,要求本科专业为水文学及水资源、水文学与水资源、水文与水资源工程、水文与水资源工程技术、土木工程、农业水利工程、水务工程、水利水电工程,,江苏省水利厅,全额拨款,进编；工作地点为徐州市云龙区。,面试50%,1.取得相应学位；2.要求本科专业为水文学及水资源、水文学与水资源、水文与水资源工程、水文与水资源工程技术、土木工程、农业水利工程、水务工程、水利水电工程。,0516-68926897、0516-68926898（传真），文武,
1095-190,2026-shengshu,徐州,江苏省水文水资源勘测局徐州分局,睢宁监测中心信息化和计算机岗,从事水文信息化管理、水文应用系统、数据库、遥测系统及网络运维等工作。,管理类,1,2026年毕业生,本科,,,计算机科学与技术、计算机及应用、电子信息工程、电子信息科学与技术,,,,,,,,笔试+面试,,,,,江苏省水利厅,全额拨款,进编；工作地点为徐州市睢宁县。,面试50%,取得相应学位,0516-68926897、0516-68926898（传真），文武,
1095-191,2026-shengshu,徐州,江苏省水文水资源勘测局徐州分局,新沂监测中心水文监测岗,从事水文测报、水文预报、分析评价等工作。,管理类,1,2026年毕业生,本科以上,,,水文与水资源工程、水文学与水资源、水文学及水资源、水文与水资源工程技术,水文与水资源工程、水文学与水资源、水文学及水资源、水文与水资源工程技术,,,,,,,笔试+面试,,,,,江苏省水利厅,全额拨款,进编；工作地点为徐州市新沂市。,面试50%,取得相应学位,0516-68926897、0516-68926898（传真），文武,
1096-192,2026-shengshu,南通,江苏省水文水资源勘测局南通分局,海安监测中心水情预测预报岗,从事水文监测管理、雨水情分析评价、水文预测预报等工作。,管理类,1,2026年毕业生,硕士研究生,,,,水文学及水资源、水力学及河流动力学、气象学、大气科学,,,,,,,笔试+面试,,,,,江苏省水利厅,全额拨款,进编；工作地点为南通市海安市。,面试50%,取得相应学位,0513-81070606、0513-83549013（传真），刘书韵,
1097-193,2026-shengshu,连云港,江苏省水文水资源勘测局连云港分局,水文监测岗,从事水文测验、工程规划建设等工作。,管理类,1,2026年毕业生,硕士研究生,,,,水文学及水资源、水力学及河流动力学、土木水利、水利工程（水文水资源方向）,,,,,,,笔试+面试,,,要求本科专业为水文学及水资源、水文学与水资源、水文与水资源工程、水文与水资源工程技术、土木工程、农业水利工程、水务工程,,江苏省水利厅,全额拨款,进编；工作地点为连云港市。,面试50%,1.取得相应学位；2.要求本科专业为水文学及水资源、水文学与水资源、水文与水资源工程、水文与水资源工程技术、土木工程、农业水利工程、水务工程。,0518-86075000、0518-85413506（传真），王桂林,
1098-194,2026-shengshu,扬州,江苏省水文水资源勘测局扬州分局,规划建设科水土保持监测岗,从事水土保持监测与分析等。,管理类,1,2026年毕业生,硕士研究生,,,,水土保持与荒漠化防治、水土保持与荒漠化防治学、水利工程、水文学及水资源,,,,,,,笔试+面试,,,,,江苏省水利厅,全额拨款,进编；扬州市广陵区,面试50%,取得相应学位,0514-87357041、0514-87330021（传真），顾春锋,
1098-195,2026-shengshu,扬州,江苏省水文水资源勘测局扬州分局,水资源科水资源分析评价岗,从事水资源分析、水资源相关报告编制、地下水管理等工作。,管理类,1,2026年毕业生,本科以上,,,水文学及水资源、水文学与水资源、水文与水资源工程、水利工程（水文水资源方向）,水文学及水资源、水文学与水资源、水文与水资源工程、水利工程（水文水资源方向）,,,,,,,笔试+面试,,,,,江苏省水利厅,全额拨款,进编；扬州市广陵区,面试50%,取得相应学位,0514-87357041、0514-87330021（传真），顾春锋,
1099-196,2026-shengshu,盐城,江苏省水文水资源勘测局盐城分局,办公室文秘宣传岗,从事综合文字、新闻宣传、行政管理等工作。,管理类,1,2026年毕业生,硕士研究生,,,,新闻学、语言学及应用语言学、中国现当代文学、汉语言文字学,,,,,,,笔试+面试,,,,,江苏省水利厅,全额拨款,进编；工作地点为盐城市亭湖区。,面试50%,取得相应学位,0515-68993887，严莉,
1099-197,2026-shengshu,盐城,江苏省水文水资源勘测局盐城分局,站网科水文监测岗,从事水文站网管理、水文测验、资料整编、水文分析计算、工程规划建设等工。,管理类,1,2026年毕业生,硕士研究生,,,,水文学及水资源、水力学及河流动力学、土木水利、水利工程（水文水资源方向）,,,,,,,笔试+面试,,,要求本科专业为水文学及水资源、水文学与水资源、水文与水资源工程、水文与水资源工程技术、土木工程、农业水利工程、水务工程,,江苏省水利厅,全额拨款,进编；工作地点为盐城市亭湖区。,面试50%,1.取得相应学位；2.要求本科专业为水文学及水资源、水文学与水资源、水文与水资源工程、水文与水资源工程技术、土木工程、农业水利工程、水务工程。,0515-68993887，严莉,
1099-198,2026-shengshu,盐城,江苏省水文水资源勘测局盐城分局,响水监测中心水土保持监测岗,从事水土保持监测、水文测报、水文分析计算等工作。,管理类,1,2026年毕业生,本科,,,水文学及水资源、水土保持与荒漠化防治、水文与水资源工程技术、地理信息技术,,,,,,,,笔试+面试,,,,,江苏省水利厅,全额拨款,进编；工作地点：盐城市滨海县。,面试50%,取得相应学位,0515-68993887，严莉,
1099-199,2026-shengshu,盐城,江苏省水文水资源勘测局盐城分局,城区监测中心水文监测岗,从事水文测报、水文分析计算、水资源分析评价、水文统计分析等工作。,管理类,1,2026年毕业生,本科以上,,,水文与水资源工程、水文学与水资源、水文学及水资源、水文与水资源工程技术,水文与水资源工程、水文学与水资源、水文学及水资源、水文与水资源工程技术,,,,,,,笔试+面试,,,,,江苏省水利厅,全额拨款,进编；工作地点为盐城市亭湖区。,面试50%,取得相应学位,0515-68993887，严莉,
1099-200,2026-shengshu,盐城,江苏省水文水资源勘测局盐城分局,大丰监测中心水文监测岗,从事水文测报、水文分析计算、水资源分析评价、水文统计分析等工作。,管理类,1,2026年毕业生,本科以上,,,水文与水资源工程、水文学与水资源、水文学及水资源、水文与水资源工程技术,水文与水资源工程、水文学与水资源、水文学及水资源、水文与水资源工程技术,,,,,,,笔试+面试,,,,,江苏省水利厅,全额拨款,进编；工作地点为盐城东台市。,面试50%,取得相应学位,0515-68993887，严莉,
1099-201,2026-shengshu,盐城,江苏省水文水资源勘测局盐城分局,规划建设科水文基本建设岗,从事水文设施建设、维护、升级改造与管理等工作。,管理类,1,2026年毕业生,硕士研究生,,,,水文学及水资源、水力学及河流动力学、水利工程、水利水电工程,,,,,,,笔试+面试,,,,,江苏省水利厅,全额拨款,进编；工作地点为盐城市亭湖区。,面试50%,取得相应学位,0515-68993887，严莉,
1100-202,2026-shengshu,镇江,江苏省水文水资源勘测局镇江分局,办公室党建岗,从事党建、公文写作工作。,管理类,1,2026年毕业生,硕士研究生,,,,马克思主义理论、 中共党史党建学、 新闻传播学、 新闻与传播,,,,,,中共党员,笔试+面试,,,,,江苏省水利厅,全额拨款,进编；工作地点为镇江市丹徒新城。,面试50%,1.取得相应学位；2.中共党员。,0511-84510850、0511-84511500（传真），张振,
1101-203,2026-shengshu,泰州,江苏省水文水资源勘测局泰州分局,水情科信息化和计算机岗,从事信息化建设与管理、网络维护、信息安全等工作。,管理类,1,2026年毕业生,硕士研究生,,,,计算机科学与技术、计算机技术、电子信息、网络与信息安全,,,,,,,笔试+面试,,,要求本科专业为计算机科学与技术、计算机及应用、计算机技术及其应用、计算机通信工程,,江苏省水利厅,全额拨款,进编；工作地点为泰州市海陵区。,面试50%,1.取得相应学位；2.要求本科专业为计算机科学与技术、计算机及应用、计算机技术及其应用、计算机通信工程。,0523-81566630，顾浩,
1102-204,2026-shengshu,宿迁,江苏省骆运水利工程管理处,抗旱排涝队水利工程管理,从事防汛抗旱设备运行、维修、养护等管理工作。,其他专技类,1,2026年毕业生,本科,,,机械设计制造及其自动化、工业设计、机械电子工程、机械工程及自动化、机械电子工程技术,,,,,,,,笔试+面试,,,,,江苏省水利厅,差额拨款,进编；工作地点为宿迁市湖滨新区井头乡；经常值班或出差。,面试50%,取得相应学位,0527-81002265、0527-81001011（传真），王洁,
1102-205,2026-shengshu,宿迁,江苏省骆运水利工程管理处,泗阳闸站管理所工程基本建设,从事水利工程项目建设、维护、安全管理等工作。,其他专技类,1,2026年毕业生,本科,,,土木工程、工程管理、工程造价、建筑学、安全工程,,,,,,,,笔试+面试,,,,,江苏省水利厅,差额拨款,进编；工作地点为宿迁市泗阳县众兴镇；经常值班或出差。,面试50%,取得相应学位,0527-81002265、0527-81001011（传真），王洁,
1102-206,2026-shengshu,宿迁,江苏省骆运水利工程管理处,泗阳闸站管理所工程管理,从事机电设备运行、维修、养护等管理工作。,其他专技类,1,2026年毕业生,本科,,,电气工程及其自动化、自动化、电气自动化、自动化技术与应用,,,,,,,,笔试+面试,,,,,江苏省水利厅,差额拨款,进编；工作地点为宿迁市泗阳县众兴镇；经常值班或出差。,面试50%,取得相应学位,0527-81002265、0527-81001011（传真），王洁,
1102-207,2026-shengshu,宿迁,江苏省骆运水利工程管理处,刘老涧闸站管理所工程管理,从事机电设备运行、维修、养护等管理工作。,其他专技类,1,2026年毕业生,本科,,,电气工程及其自动化、自动化、电气自动化、自动化技术与应用,,,,,,,,笔试+面试,,,,,江苏省水利厅,差额拨款,进编；工作地点为宿迁市宿豫区仰化镇；经常值班或出差。,面试50%,取得相应学位,0527-81002265、0527-81001011（传真），王洁,
1102-208,2026-shengshu,宿迁,江苏省骆运水利工程管理处,刘老涧闸站管理所综合管理,从事单位行政事务、公文处理、经营管理等工作。,管理类,1,2026年毕业生,本科,,,人力资源管理、行政管理、公共事业管理、行政管理学、公共管理,,,,,,,,笔试+面试,,,,,江苏省水利厅,差额拨款,进编；工作地点为宿迁市宿豫区仰化镇；经常值班或出差。,面试50%,取得相应学位,0527-81002265、0527-81001011（传真），王洁,
1102-209,2026-shengshu,徐州,江苏省骆运水利工程管理处,沙集闸站管理所工程基本建设,从事水利工程项目建设、维护、安全管理等工作。,其他专技类,1,2026年毕业生,本科,,,土木工程、工程管理、工程造价、建筑学、安全工程,,,,,,,,笔试+面试,,,,,江苏省水利厅,差额拨款,进编；工作地点为徐州市睢宁县沙集镇；经常值班或出差。,面试50%,取得相应学位,0527-81002265、0527-81001011（传真），王洁,
1102-210,2026-shengshu,徐州,江苏省骆运水利工程管理处,沙集闸站管理所文秘、信息宣传,从事档案管理、综合文字等工作。,其他专技类,1,2026年毕业生,本科,,,汉语言文学、汉语言、秘书学、高级文秘、应用语言学,,,,,,,,笔试+面试,,,,,江苏省水利厅,差额拨款,进编；工作地点为徐州市睢宁县沙集镇；经常值班或出差。,面试50%,取得相应学位,0527-81002265、0527-81001011（传真），王洁,
1102-211,2026-shengshu,宿迁,江苏省骆运水利工程管理处,皂河抽水站信息化管理,从事水利工程计算机监控系统、网络信息系统维护管理等工作。,管理类,1,2026年毕业生,本科,,,软件工程、计算机科学与技术、通信工程、计算机通信工程、信息安全,,,,,,,,笔试+面试,,,,,江苏省水利厅,差额拨款,进编；工作地点为宿迁市湖滨新区皂河镇；经常值班或出差。,面试50%,取得相应学位,0527-81002265、0527-81001011（传真），王洁,
1102-212,2026-shengshu,宿迁,江苏省骆运水利工程管理处,皂河抽水站财务财会,从事财务管理、经营管理等工作。,管理类,1,2026年毕业生,本科,,,会计、会计学、财政学、经济与金融,,,,,,,,笔试+面试,,,,,江苏省水利厅,差额拨款,进编；工作地点为宿迁市湖滨新区皂河镇；经常值班或出差。,面试50%,取得相应学位,0527-81002265、0527-81001011（传真），王洁,
1102-213,2026-shengshu,宿迁,江苏省骆运水利工程管理处,水文站水文技术管理,从事水文测报、水文基础设施运维等工作。,其他专技类,1,2026年毕业生,本科,,,水文与水资源工程、水文学及水资源、水文学与水资源、水文与水资源工程技术,,,,,,,,笔试+面试,,,,,江苏省水利厅,差额拨款,进编；工作地点为宿迁市宿城区幸福街道；经常值班或出差。,面试50%,取得相应学位,0527-81002265、0527-81001011（传真），王洁,
1102-214,2026-shengshu,宿迁,江苏省骆运水利工程管理处,抗旱排涝队财务财会,从事防汛抢险物资统计、管理，参与一线防汛抢险等工作。,工勤类,1,2026年毕业生,专科,,大数据与会计、大数据与财务管理、商务数据分析与运用、会计学、会计,,,,,,,,,笔试+面试,,,,,江苏省水利厅,差额拨款,进编；工作地点为宿迁市湖滨新区井头乡；经常值班或出差。,面试50%,,0527-81002265、0527-81001011（传真），王洁,
1102-215,2026-shengshu,宿迁,江苏省骆运水利工程管理处,抗旱排涝队潜水检修,从事潜水作业、防汛抢险等一线具体工作。,工勤类,1,2026年毕业生,专科以上,,,不限,不限,,,,,,,笔试+面试,,,需持有中国潜水救捞行业协会潜水员证〔空气潜水（C）或混合气潜水（B）或饱和潜水（A））〕,,江苏省水利厅,差额拨款,进编；工作地点为宿迁市湖滨新区井头乡；经常值班或出差。,面试50%,需持有中国潜水救捞行业协会潜水员证〔空气潜水（C）或混合气潜水（B）或饱和潜水（A））〕。,0527-81002265、0527-81001011（传真），王洁,
1102-216,2026-shengshu,宿迁,江苏省骆运水利工程管理处,泗阳闸站管理所工程运行管理,从事水利工程运行值班、检修维护及防汛抢险等一线具体工作。,工勤类,1,2026年毕业生,专科,,机电一体化技术、电气自动化技术、机械制造及自动化、机电设备运行与维护,,,,,,,,,笔试+面试,,,,,江苏省水利厅,差额拨款,进编；工作地点为宿迁市泗阳县众兴镇；经常值班或出差。,技能操作50%,,0527-81002265、0527-81001011（传真），王洁,
1102-217,2026-shengshu,宿迁,江苏省骆运水利工程管理处,刘老涧闸站管理所工程信息化运行,从事水利工程计算机监控系统运行值班、检修维护等一线具体工作。,工勤类,1,2026年毕业生,专科,,计算机应用技术、计算机应用与维护、计算机应用、计算机系统维护、智能监控技术,,,,,,,,,笔试+面试,,,,,江苏省水利厅,差额拨款,进编；工作地点为宿迁市宿豫区仰化镇；经常值班或出差。,面试50%,,0527-81002265、0527-81001011（传真），王洁,
1102-218,2026-shengshu,徐州,江苏省骆运水利工程管理处,沙集闸站管理所工程运行管理,从事水利工程运行值班、检修维护及防汛抢险等一线具体工作。,工勤类,1,2026年毕业生,专科,,机电一体化技术、电气自动化技术、机械制造及自动化、机电设备运行与维护,,,,,,,,,笔试+面试,,,,,江苏省水利厅,差额拨款,进编；工作地点为徐州市睢宁县沙集镇；经常值班或出差。,技能操作50%,,0527-81002265、0527-81001011（传真），王洁,
1102-219,2026-shengshu,宿迁,江苏省骆运水利工程管理处,皂河抽水站工程信息化运行,从事水利工程计算机监控系统运行值班、检修维护等一线具体工作。,工勤类,1,2026年毕业生,专科,,计算机应用技术、计算机应用与维护、计算机应用、计算机系统维护、智能监控技术,,,,,,,,,笔试+面试,,,,,江苏省水利厅,差额拨款,进编；工作地点为宿迁市湖滨新区皂河镇；经常值班或出差。,面试50%,,0527-81002265、0527-81001011（传真），王洁,
1102-220,2026-shengshu,宿迁,江苏省骆运水利工程管理处,皂河抽水站工程运行管理,从事水利工程运行值班、检修维护及防汛抢险等一线具体工作。,工勤类,1,2026年毕业生,专科,,机电一体化技术、电气自动化技术、机械制造及自动化、机电设备运行与维护,,,,,,,,,笔试+面试,,,,,江苏省水利厅,差额拨款,进编；工作地点为宿迁市湖滨新区皂河镇；经常值班或出差。,技能操作50%,,0527-81002265、0527-81001011（传真），王洁,
1103-221,2026-shengshu,连云港,江苏省淮沭新河管理处,盐河北闸管理所防汛抢险技术管理,从事水利工程日常管理、防汛抢险管理、水文测报等工作，执行防汛抢险任务。,管理类,1,2026年毕业生,本科,,,电气工程及其自动化、电气自动化、水文与水资源工程、水文学与水资源、水文学及水资源,,,,,,,,笔试+面试,,,,,江苏省水利厅,差额拨款,进编；工作地点为连云港市灌云县侍庄乡吴王村，地处偏远。,面试50%,取得相应学位,0517-83561041、83561019（传真），韩春桥,
1103-222,2026-shengshu,连云港,江苏省淮沭新河管理处,盐河北闸管理所水行政管理,从事水利工程日常巡查管理、水行政管理、法律法规宣传、违章查处等。,管理类,1,2026年毕业生,本科,,,法学、行政管理、行政管理学、公共事业管理、法律,,,,,,,,笔试+面试,,,,,江苏省水利厅,差额拨款,进编；工作地点为连云港市灌云县侍庄乡吴王村，地处偏远。,面试50%,取得相应学位,0517-83561041、83561019（传真），韩春桥,
1103-223,2026-shengshu,连云港,江苏省淮沭新河管理处,新沂河海口控制工程管理所水利工程运行管理,从事水利工程运行值班、检修维护、防汛抢险等工作。,工勤类,1,2026年毕业生,专科,,机电一体化技术、电气自动化技术、机械制造及自动化、机电设备运行与维护,,,,,,,,,笔试+面试,,,,,江苏省水利厅,差额拨款,进编；工作地点为连云港市灌云县燕尾港镇三百弓村，地处偏远。,技能操作50%,,0517-83561041、83561019（传真），韩春桥,
1103-224,2026-shengshu,连云港,江苏省淮沭新河管理处,善后闸管理所水利工程运行管理,从事水利工程运行值班、检修维护、防汛抢险等工作。,工勤类,1,2026年毕业生,专科,,机电一体化技术、电气自动化技术、机械制造及自动化、机电设备运行与维护,,,,,,,,,笔试+面试,,,,,江苏省水利厅,差额拨款,进编；工作地点为连云港市灌云县圩丰镇周庄村，地处偏远。,技能操作50%,,0517-83561041、83561019（传真），韩春桥,
1103-225,2026-shengshu,宿迁,江苏省淮沭新河管理处,蔷薇河地涵管理所水利工程运行管理,从事水电站等水利工程运行值班、检修维护、防汛抢险等工作。,工勤类,1,2026年毕业生,专科,,机电一体化技术、电气自动化技术、机械制造及自动化、机电设备运行与维护,,,,,,,,,笔试+面试,,,,,江苏省水利厅,差额拨款,进编；工作地点为宿迁市沭阳县桑墟镇蔷薇河村，地处偏远。,技能操作50%,,0517-83561041、83561019（传真），韩春桥,
1104-226,2026-shengshu,盐城,江苏省通榆河蔷薇河送清水工程管理处,滨海抽水站管理所水利工程信息化管理,从事水利工程计算机监控系统、网络信息系统维护管理等工作。,其他专技类,1,2026年毕业生,本科,,,软件工程、计算机科学与技术、通信工程、计算机通信工程、信息安全,,,,,,,,笔试+面试,,,,,江苏省水利厅,全额拨款,进编；工作地点为盐城市滨海县大套乡洪林村。,面试50%,取得相应学位,0517-83561041、83561019（传真），韩春桥,
1104-227,2026-shengshu,盐城,江苏省通榆河蔷薇河送清水工程管理处,滨海抽水站管理所水利工程运行管理,从事泵站运行值班、检修维护、防汛抢险等工作。,工勤类,1,2026年毕业生,专科,,机电一体化技术、电气自动化技术、机械制造及自动化、机电设备运行与维护,,,,,,,,,笔试+面试,,,,,江苏省水利厅,全额拨款,进编；工作地点为盐城市滨海县大套乡洪林村。,技能操作50%,,0517-83561041、83561019（传真），韩春桥,
1104-228,2026-shengshu,江苏,江苏省通榆河蔷薇河送清水工程管理处,龙埝控制工程管理所水利工程运行管理,从事水利工程运行值班、检修维护、防汛抢险等工作。,工勤类,1,2026年毕业生,专科,,机电一体化技术、电气自动化技术、机械制造及自动化、机电设备运行与维护,,,,,,,,,笔试+面试,,,,,江苏省水利厅,全额拨款,进编；进编；宿迁市沭阳县耿圩镇王庙村，地处偏远。,技能操作50%,,0517-83561041、83561019（传真），韩春桥,
1104-229,2026-shengshu,连云港,江苏省通榆河蔷薇河送清水工程管理处,叮当河控制工程管理所水利工程运行管理,从事水利工程运行值班、检修维护、防汛抢险等工作。,工勤类,1,2026年毕业生,专科,,机电一体化技术、电气自动化技术、机械制造及自动化、机电设备运行与维护,,,,,,,,,笔试+面试,,,,,江苏省水利厅,全额拨款,进编；工作地点为连云港市灌云县南岗镇袁姚村，地处偏远。,技能操作50%,,0517-83561041、83561019（传真），韩春桥,
1105-230,2026-shengshu,淮安,江苏省淮河入海水道工程管理处,大运河立交管理所水利工程信息化管理,自动化系统日常维修养护、参与防汛抢险。,管理类,1,2026年毕业生,本科以上,,,电子信息、软件工程、计算机科学与技术、通信工程,电子信息、软件工程、计算机科学与技术、通信工程,,,,,,,笔试+面试,,,,,江苏省水利厅,全额拨款,进编；工作地点为淮安区漕运镇。,面试50%,取得相应学位,0517-85964017、85964001（传真），王涛,
1105-231,2026-shengshu,江苏,江苏省淮河入海水道工程管理处,二河新闸管理所文秘、信息宣传,从事文秘、档案宣传等综合工作。,管理类,1,2026年毕业生,本科,,,汉语言文学、汉语言、秘书学、高级文秘、应用语言学,,,,,,,,笔试+面试,,,,,江苏省水利厅,全额拨款,进编；工作地点为清江浦区和平镇。,面试50%,取得相应学位,0517-85964017、85964001（传真），王涛,
1106-232,2026-shengshu,江苏,江苏省灌溉总渠管理处,六垛闸管理所水利工程管理,从事防汛抢险、工程上下游巡视检查、设备运行管理。,管理类,1,2026年毕业生,本科,,,电气工程及其自动化、自动化、电气自动化、自动化技术与应用,,,,,,,,笔试+面试,,,,,江苏省水利厅,差额拨款,进编；工作地点为滨海县射阳镇。需要参加防汛抢险，能适应野外工作环境。,面试50%,取得相应学位,0517-85964017、85964001（传真），王涛,
1106-233,2026-shengshu,江苏,江苏省灌溉总渠管理处,阜宁腰闸管理所水利工程管理,从事防汛抢险、工程上下游巡视检查、设备运行管理。,管理类,1,2026年毕业生,本科,,,电气工程及其自动化、自动化、电气自动化、自动化技术与应用,,,,,,,,笔试+面试,,,,,江苏省水利厅,差额拨款,进编；工作地点为阜宁县陈集镇。长期运行值班或出差野外作业,面试50%,取得相应学位,0517-85964017、85964001（传真），王涛,
1106-234,2026-shengshu,淮安,江苏省灌溉总渠管理处,北运西闸管理所防汛物资管理,从事防汛抢险、防汛物资管理、设备运行管理等。,管理类,1,2026年毕业生,本科,,,水利水电工程、水利水电设备及自动化、智慧水利工程、生态水利工程,,,,,,,,笔试+面试,,,,,江苏省水利厅,差额拨款,进编；工作地点为淮安区漕运镇。需要参加防汛抢险，能适应野外工作环境。,面试50%,取得相应学位,0517-85964017、85964001（传真），王涛,
1106-235,2026-shengshu,江苏,江苏省灌溉总渠管理处,阜宁腰闸管理所防汛物资管理,从事防汛抢险、防汛物资管理、设备运行管理等。,管理类,1,2026年毕业生,本科,,,水利水电工程、水利水电设备及自动化、智慧水利工程、生态水利工程,,,,,,,,笔试+面试,,,,,江苏省水利厅,差额拨款,进编；工作地点为阜宁县陈集镇。需要参加防汛抢险，能适应野外工作环境。,面试50%,取得相应学位,0517-85964017、85964001（传真），王涛,
1106-236,2026-shengshu,江苏,江苏省灌溉总渠管理处,六垛闸管理所水利工程基本建设,从事管理所基本建设，参与防汛抢险及运行管理。,管理类,1,2026年毕业生,本科,,,土木工程、工程管理、工程造价、建筑学、安全工程,,,,,,,,笔试+面试,,,,,江苏省水利厅,差额拨款,进编；工作地点为滨海县射阳镇。需要参加防汛抢险，能适应野外工作环境。,面试50%,取得相应学位,0517-85964017、85964001（传真），王涛,
1106-237,2026-shengshu,江苏,江苏省灌溉总渠管理处,六垛闸管理所财务财会,从事现金会计，参与管理所运行值班和防汛抢险。,工勤类,1,2026年毕业生,本科,,,会计、会计学、审计学、财务管理,,,,,,,,笔试+面试,,,,,江苏省水利厅,差额拨款,进编；工作地点为滨海县射阳镇。,面试50%,取得相应学位,0517-85964017、85964001（传真），王涛,
1106-238,2026-shengshu,江苏,江苏省灌溉总渠管理处,通榆立交管理所水利工程信息化运行,自动化系统日常维修养护、参与防汛抢险。,工勤类,1,2026年毕业生,本科,,,通信工程、物联网工程、电子信息工程、计算机科学与技术,,,,,,,,笔试+面试,,,,,江苏省水利厅,差额拨款,进编；工作地点为滨海县通榆镇。,面试50%,取得相应学位,0517-85964017、85964001（传真），王涛,
1106-239,2026-shengshu,淮安,江苏省灌溉总渠管理处,淮安站区防汛抢险工,从事防汛抢险、工程上下游巡视检查、运行值班。,工勤类,1,2026年毕业生,本科,,,水利水电设备及自动化、水利水电工程、水利水电与港航工程、自动化技术与应用,,,,,,,,笔试+面试,,,,,江苏省水利厅,差额拨款,进编；工作地点为淮安区漕运镇。长期运行值班或出差野外作业。,技能操作50%,取得相应学位,0517-85964017、85964001（传真），王涛,
1106-240,2026-shengshu,淮安,江苏省灌溉总渠管理处,淮安站区水利工程运行管理,从事防汛抢险、工程上下游巡视检查、设备运行管理。,工勤类,1,2026年毕业生,本科,,,电气工程及其自动化、水利水电设备及自动化、电气工程及自动化、自动化技术与应用,,,,,,,,笔试+面试,,,,,江苏省水利厅,差额拨款,进编；工作地点为淮安区漕运镇。长期运行值班、出差以及野外作业。,技能操作50%,取得相应学位,0517-85964017、85964001（传真），王涛,
1106-241,2026-shengshu,江苏,江苏省灌溉总渠管理处,阜宁腰闸管理所所防汛抢险工,从事水闸日常维修养护、参与防汛抢险工作。,工勤类,1,2026年毕业生,专科,,机电一体化技术、电气自动化技术、电气设备应用与维护、机电设备运行与维护,,,,,,,,,笔试+面试,,,,,江苏省水利厅,差额拨款,进编；工作地点为阜宁县陈集镇。需要参加防汛抢险，运行值班，能适应野外工作环境。,技能操作50%,,0517-85964017、85964001（传真），王涛,
1106-242,2026-shengshu,江苏,江苏省灌溉总渠管理处,南运西闸管理所水利工程运行管理,从事水闸日常维修养护、参与防汛抢险工作。,工勤类,1,2026年毕业生,专科,,机电一体化技术、电气自动化技术、机械制造及自动化、机电设备运行与维护,,,,,,,,,笔试+面试,,,,,江苏省水利厅,差额拨款,进编；工作地点为宝应县氾水镇。需要参加防汛抢险，运行值班，能适应野外工作环境。,技能操作50%,,0517-85964017、85964001（传真），王涛,
1106-243,2026-shengshu,江苏,江苏省灌溉总渠管理处,通榆立交管理所水利工程运行管理,从事水闸日常维修养护、参与防汛抢险工作。,工勤类,1,2026年毕业生,专科,,机电一体化技术、电气自动化技术、机械制造及自动化、机电设备运行与维护,,,,,,,,,笔试+面试,,,,,江苏省水利厅,差额拨款,进编；工作地点为滨海县通榆镇。需要参加防汛抢险，运行值班，能适应野外工作环境。,技能操作50%,,0517-85964017、85964001（传真），王涛,
1106-244,2026-shengshu,江苏,江苏省灌溉总渠管理处,六垛闸管理所防汛抢险工,从事水闸日常维修养护、参与防汛抢险工作。,工勤类,1,2026年毕业生,专科,,机电一体化技术、电气自动化技术、电气设备应用与维护、机电设备运行与维护,,,,,,,,,笔试+面试,,,,,江苏省水利厅,差额拨款,进编；工作地点为滨海县射阳镇。需要参加防汛抢险，运行值班，能适应野外工作环境。,技能操作50%,,0517-85964017、85964001（传真），王涛,
1106-245,2026-shengshu,淮安,江苏省灌溉总渠管理处,高良涧闸管理所财务财会,从事现金会计，参与管理所运行值班和防汛抢险。,工勤类,1,2026年毕业生,专科,,大数据与会计、大数据与财务管理、商务数据分析与运用、会计学、会计,,,,,,,,,笔试+面试,,,,,江苏省水利厅,差额拨款,进编；工作地点为淮安市洪泽区。,面试50%,,0517-85964017、85964001（传真），王涛,
1106-246,2026-shengshu,淮安,江苏省灌溉总渠管理处,淮安站区水利工程运行管理,后勤及其他运行管理事务，需要设备巡查、物资清点（具体工作待人员到岗后视残疾程度确定）。,工勤类,1,残疾人,本科以上,,,能源与动力工程、水利水电工程、汉语言文学、档案管理、电气工程及自动化,能源与动力工程、水利水电工程、汉语言文学、档案管理、电气工程及自动化,,,,,,,笔试+面试,具备正常履行岗位职责的身体条件，听力或肢体3～4级残疾或军残5～8级残疾；残疾人岗位,,,,江苏省水利厅,差额拨款,进编；工作地点为淮安区漕运镇。,面试50%,1.取得相应学位；2.具备正常履行岗位职责的身体条件，听力或肢体3～4级残疾或军残5～8级残疾。,0517-85964017、85964001（传真），王涛,
1107-247,2026-shengshu,淮安,江苏省洪泽湖水利工程管理处,三河闸管理所水利工程管理,从事水闸工程运行、设备维修养护等。,其他专技类,1,2026年毕业生,本科,,,电气工程及其自动化、自动化、电气自动化、自动化技术与应用,,,,,,,,笔试+面试,,,,,江苏省水利厅,差额拨款,进编；工作地点为淮安市洪泽区蒋坝镇。,面试50%,取得相应学位,0517-87208860、87208906、87239878（传真），侯敏、戚登君,
1107-248,2026-shengshu,淮安,江苏省洪泽湖水利工程管理处,生态河湖科河湖管理,从事湖泊治理保护政策、技术研究、规划编制等。,管理类,1,2026年毕业生,本科,,,城乡规划、水利科学与工程、地理信息科学、地理信息技术,,,,,,,,笔试+面试,,,,,江苏省水利厅,差额拨款,进编；工作地点为淮安市洪泽区高良涧镇。,面试50%,取得相应学位,0517-87208860、87208906、87239878（传真），侯敏、戚登君,
1107-249,2026-shengshu,淮安,江苏省洪泽湖水利工程管理处,洪泽湖（洪泽）监测保护中心河湖管理,从事湖泊巡查管护、水域监测等。,其他专技类,1,2026年毕业生,本科,,,化学、环境工程、资源环境科学、水质科学与技术,,,,,,,,笔试+面试,,,,,江苏省水利厅,差额拨款,进编；工作地点为淮安市洪泽区高良涧镇。,面试50%,取得相应学位,0517-87208860、87208906、87239878（传真），侯敏、戚登君,
1107-250,2026-shengshu,淮安,江苏省洪泽湖水利工程管理处,三河闸管理所水行政管理,从事水行政执法管理、普法宣传等。,管理类,1,2026年毕业生,本科,,,法学、行政管理、行政管理学、公共事业管理、法律,,,,,,,,笔试+面试,,,,,江苏省水利厅,差额拨款,进编；工作地点为淮安市洪泽区蒋坝镇。,面试50%,取得相应学位,0517-87208860、87208906、87239878（传真），侯敏、戚登君,
1107-251,2026-shengshu,淮安,江苏省洪泽湖水利工程管理处,三河船闸管理所信息化管理,从事船闸工程信息化管理等。,管理类,1,2026年毕业生,本科,,,软件工程、计算机科学与技术、通信工程、计算机通信工程、信息安全,,,,,,,,笔试+面试,,,,,江苏省水利厅,差额拨款,进编；工作地点为淮安市洪泽区蒋坝镇。,面试50%,取得相应学位,0517-87208860、87208906、87239878（传真），侯敏、戚登君,
1107-252,2026-shengshu,淮安,江苏省洪泽湖水利工程管理处,洪泽湖堤防管理所财务财会,从事财务财会工作等。,工勤类,1,2026年毕业生,本科,,,会计、会计学、审计学、财务管理,,,,,,,,笔试+面试,,,,,江苏省水利厅,差额拨款,进编；工作地点为淮安市洪泽区高良涧镇。,面试50%,取得相应学位,0517-87208860、87208906、87239878（传真），侯敏、戚登君,
1107-253,2026-shengshu,淮安,江苏省洪泽湖水利工程管理处,三河闸管理所水文技术管理,从事水文测报工作等。,工勤类,1,2026年毕业生,本科,,,工程管理、水文与水资源工程、水文学与水资源、水文与水资源工程技术,,,,,,,,笔试+面试,,,,,江苏省水利厅,差额拨款,进编；工作地点为淮安市洪泽区蒋坝镇。,面试50%,取得相应学位,0517-87208860、87208906、87239878（传真），侯敏、戚登君,
1107-254,2026-shengshu,淮安,江苏省洪泽湖水利工程管理处,石港抽水站管理所基本建设,从事泵站工程基本建设等。,工勤类,1,2026年毕业生,本科,,,能源与动力工程、热能动力工程、能源工程及自动化、能源与环境系统工程,,,,,,,,笔试+面试,,,,,江苏省水利厅,差额拨款,进编；工作地点为淮安市金湖县金北镇。,技能操作50%,取得相应学位,0517-87208860、87208906、87239878（传真），侯敏、戚登君,
1107-255,2026-shengshu,淮安,江苏省洪泽湖水利工程管理处,石港抽水站管理所工程运行管理,从事泵站工程机电设备运行、维修养护等。,工勤类,1,2026年毕业生,专科,,机电一体化技术、电气自动化技术、机械制造及自动化、机电设备运行与维护,,,,,,,,,笔试+面试,,,,,江苏省水利厅,差额拨款,进编；工作地点为淮安市金湖县金北镇。,技能操作50%,,0517-87208860、87208906、87239878（传真），侯敏、戚登君,
1107-256,2026-shengshu,淮安,江苏省洪泽湖水利工程管理处,三河船闸管理所工程运行管理,从事船闸工程机电设备运行、维修养护等。,工勤类,1,2026年毕业生,专科,,机电一体化技术、电气自动化技术、机械制造及自动化、机电设备运行与维护,,,,,,,,,笔试+面试,,,,,江苏省水利厅,差额拨款,进编；工作地点为淮安市洪泽区蒋坝镇。,技能操作50%,,0517-87208860、87208906、87239878（传真），侯敏、戚登君,
1107-257,2026-shengshu,淮安,江苏省洪泽湖水利工程管理处,蒋坝抽水站管理所工程运行管理,从事泵站工程机电设备运行、维修养护等。,工勤类,1,2026年毕业生,专科,,机电一体化技术、电气自动化技术、机械制造及自动化、机电设备运行与维护,,,,,,,,,笔试+面试,,,,,江苏省水利厅,差额拨款,进编；工作地点为淮安市洪泽区蒋坝镇。,技能操作50%,,0517-87208860、87208906、87239878（传真），侯敏、戚登君,
1108-258,2026-shengshu,扬州,江苏省江都水利工程管理处,工程管理科水利工程信息化管理,从事水利工程信息化建设管理等。,管理类,1,2026年毕业生,本科以上,,,电子信息、软件工程、计算机科学与技术、通信工程,电子信息、软件工程、计算机科学与技术、通信工程,,,,,,,笔试+面试,,,,,江苏省水利厅,差额拨款,进编；工作地点为扬州市江都区；长期运行值班或出差野外作业。,面试50%,取得相应学位,0514-80802310，顾芸,
1108-259,2026-shengshu,扬州,江苏省江都水利工程管理处,四站管理所水利工程管理,从事水利工程运行管理、维修养护、检修等。,其他专技类,1,2026年毕业生,本科以上,,,水利工程、水利水电工程、机械电子工程、土木工程、电气工程及其自动化,水利工程、水利水电工程、机械电子工程、土木工程、电气工程及其自动化,,,,,,,笔试+面试,,,,,江苏省水利厅,差额拨款,进编；工作地点为扬州市江都区；长期运行值班或出差野外作业。,面试50%,取得相应学位,0514-80802310，顾芸,
1108-260,2026-shengshu,扬州,江苏省江都水利工程管理处,宜陵闸管理所水利工程管理,从事水利工程运行管理、维修养护、检修等。,其他专技类,1,2026年毕业生,本科以上,,,水利工程、水利水电工程、机械电子工程、土木工程、电气工程及其自动化,水利工程、水利水电工程、机械电子工程、土木工程、电气工程及其自动化,,,,,,,笔试+面试,,,,,江苏省水利厅,差额拨款,进编；工作地点为扬州市江都区；长期运行值班或出差野外作业。,面试50%,取得相应学位,0514-80802310，顾芸,
1108-261,2026-shengshu,扬州,江苏省江都水利工程管理处,江都闸管理所水文技术管理,从事水文勘测、水情测报、水资源分析、水利工程建筑物运行管理、维护监测等。,其他专技类,1,2026年毕业生,本科以上,,,水文与水资源工程、水文学及水资源、水文与水资源、水文与水资源工程技术、水利工程,水文与水资源工程、水文学及水资源、水文与水资源、水文与水资源工程技术、水利工程,,,,,,,笔试+面试,,,,,江苏省水利厅,差额拨款,进编；工作地点为扬州市江都区；长期运行值班或出差野外作业。,面试50%,取得相应学位,0514-80802310，顾芸,
1108-262,2026-shengshu,扬州,江苏省江都水利工程管理处,一站管理所水利工程运行管理,从事泵站机电设备维护检修运行等。,工勤类,1,2026年毕业生,专科以上,,,电气工程及其自动化、机电一体化技术、机械电子工程、水利水电工程,电气工程及其自动化、机电一体化技术、机械电子工程、水利水电工程,,,,,,,笔试+面试,,,,,江苏省水利厅,差额拨款,进编；工作地点为扬州市江都区；长期运行值班或出差野外作业。,技能操作50%,本科及以上需取得相应学位,0514-80802310，顾芸,
1108-263,2026-shengshu,扬州,江苏省江都水利工程管理处,二站管理所水利工程运行管理,从事泵站机电设备维护检修运行等。,工勤类,1,2026年毕业生,专科以上,,,电气工程及其自动化、机电一体化技术、机械电子工程、水利水电工程,电气工程及其自动化、机电一体化技术、机械电子工程、水利水电工程,,,,,,,笔试+面试,,,,,江苏省水利厅,差额拨款,进编；工作地点为扬州市江都区；长期运行值班或出差野外作业。,技能操作50%,本科及以上需取得相应学位,0514-80802310，顾芸,
1108-264,2026-shengshu,扬州,江苏省江都水利工程管理处,三站管理所水利工程运行管理,从事泵站机电设备维护检修运行等。,工勤类,1,2026年毕业生,专科以上,,,电气工程及其自动化、机电一体化技术、机械电子工程、水利水电工程,电气工程及其自动化、机电一体化技术、机械电子工程、水利水电工程,,,,,,,笔试+面试,,,,,江苏省水利厅,差额拨款,进编；工作地点为扬州市江都区；长期运行值班或出差野外作业。,技能操作50%,本科及以上需取得相应学位,0514-80802310，顾芸,
1108-265,2026-shengshu,扬州,江苏省江都水利工程管理处,四站管理所水利工程信息化运行,从事水利工程计算机监控系统运行值班、检修维护等一线具体工作。,工勤类,1,2026年毕业生,专科以上,,,软件工程、计算机网络技术、计算机科学与技术、计算机应用技术、物联网应用技术,软件工程、计算机网络技术、计算机科学与技术、计算机应用技术、物联网应用技术,,,,,,,笔试+面试,,,,,江苏省水利厅,差额拨款,进编；工作地点为扬州市江都区；长期运行值班或出差野外作业。,面试50%,本科及以上需取得相应学位,0514-80802310，顾芸,
1108-266,2026-shengshu,扬州,江苏省江都水利工程管理处,万福闸管理所水利工程运行管理,从事水闸机电设备维护检修运行等。,工勤类,1,2026年毕业生,专科以上,,,电气工程及其自动化、机电一体化技术、机械电子工程、水利水电工程,电气工程及其自动化、机电一体化技术、机械电子工程、水利水电工程,,,,,,,笔试+面试,,,,,江苏省水利厅,差额拨款,进编；工作地点为扬州市江都区；长期运行值班或出差野外作业。,技能操作50%,本科及以上需取得相应学位,0514-80802310，顾芸,
1108-267,2026-shengshu,扬州,江苏省江都水利工程管理处,维修养护中心水利工程运行管理,从事水利工程运行管理、维修养护等。,工勤类,1,2026年毕业生,专科以上,,,电气工程及其自动化、机电一体化技术、机械电子工程、水利水电工程,电气工程及其自动化、机电一体化技术、机械电子工程、水利水电工程,,,,,,,笔试+面试,,,,,江苏省水利厅,差额拨款,进编；工作地点为扬州市江都区；长期运行值班或出差野外作业。,技能操作50%,本科及以上需取得相应学位,0514-80802310，顾芸,
1108-268,2026-shengshu,扬州,江苏省江都水利工程管理处,邵仙闸管理所收银员,从事基层站所财会、收银等工作。,工勤类,1,2026年毕业生,专科以上,,,财务管理、会计、会计学、财务会计与审计、工程审计,财务管理、会计、会计学、财务会计与审计、工程审计,,,,,,,笔试+面试,,,,,江苏省水利厅,差额拨款,进编；工作地点为扬州市江都区；长期运行值班或出差野外作业。,面试50%,本科及以上需取得相应学位,0514-80802310，顾芸,
1109-269,2026-shengshu,南京,江苏省秦淮河水利工程管理处,秦淮新河闸管理所水利工程基本建设,从事基建项目建设管理及建筑物维修养护等工作。,其他专技类,1,2026年毕业生,硕士研究生,,,,水工结构工程、市政工程、建筑学、建筑设计及其理论、建筑技术科学,,,,,,,笔试+面试,,,,,江苏省水利厅,差额拨款,进编；艰苦岗位，经常值班；工作地点为南京市建邺区。,面试50%,取得相应学位,025-68783616，肖翔,
1109-270,2026-shengshu,南京,江苏省秦淮河水利工程管理处,武定门闸管理所水利工程管理,从事闸站水利工程技术管理等工作。,其他专技类,1,2026年毕业生,本科,,,电气工程及其自动化、自动化、电气自动化、自动化技术与应用,,,,,,,,笔试+面试,,,,,江苏省水利厅,差额拨款,进编；艰苦岗位，经常值班；工作地点为南京市秦淮区。,面试50%,取得相应学位,025-68783616，肖翔,
1109-271,2026-shengshu,南京,江苏省秦淮河水利工程管理处,水文站水利工程信息化管理,从事信息化及信息安全技术管理等工作。,其他专技类,1,2026年毕业生,本科,,,软件工程、计算机科学与技术、通信工程、计算机通信工程、信息安全,,,,,,,,笔试+面试,,,,,江苏省水利厅,差额拨款,进编；艰苦岗位，经常值班；工作地点为南京市秦淮区。,面试50%,取得相应学位,025-68783616，肖翔,
1110-272,2026-shengshu,镇江,江苏省太湖地区水利工程管理处,丹阳水利枢纽管理所财务财会,负责日常财务管理、过闸费征收等相关工作。,工勤类,1,2026年毕业生,专科,,大数据与会计、大数据与财务管理、商务数据分析与运用、会计学、会计,,,,,,,,,笔试+面试,,,,,江苏省水利厅,差额拨款,进编；工作地点为镇江市丹阳市界牌镇。,面试50%,,0512-65687315，沈娇,
1111-273,2026-shengshu,泰州,江苏省泰州引江河管理处,水闸管理所财务财会,从事会计核算、财务管理，配合完成单位内部控制、内部审计、监督等工作。,管理类,1,2026年毕业生,本科,,,会计、会计学、审计学、财务会计与审计、财务管理,,,,,,,,笔试+面试,,,,,江苏省水利厅,自收自支,进编；工作地点为泰州市医药高新区滨江社区。,面试50%,取得相应学位,"0523-86689121
、86988880（传真），张晓燕",
1111-274,2026-shengshu,泰州,江苏省泰州引江河管理处,泵站管理所水利工程信息化运行,从事水利工程计算机监控系统运行维护工作。,工勤类,1,2026年毕业生,专科以上,,,软件工程、计算机网络技术、计算机科学与技术、计算机应用技术、物联网应用技术,软件工程、计算机网络技术、计算机科学与技术、计算机应用技术、物联网应用技术,,,,,,,笔试+面试,,,,,江苏省水利厅,自收自支,进编；工作地点为泰州市医药高新区滨江社区。,面试50%,本科及以上需取得相应学位,"0523-86689121
、86988880（传真），张晓燕",
1111-275,2026-shengshu,泰州,江苏省泰州引江河管理处,水闸管理所水利工程运行管理,从事水利工程运行、维修、养护等工作。,工勤类,1,2026年毕业生,专科以上,,,电气工程及其自动化、机电一体化技术、机械电子工程、水利水电工程,电气工程及其自动化、机电一体化技术、机械电子工程、水利水电工程,,,,,,,笔试+面试,,,,,江苏省水利厅,自收自支,进编；工作地点为泰州市医药高新区滨江社区。,技能操作50%,本科及以上需取得相应学位,"0523-86689121
、86988880（传真），张晓燕",
1112-276,2026-shengshu,泰州,江苏省灌溉动力管理一处,排灌科水利工程管理,从事水利工程管理的研究、运用和管理工作。,其他专技类,1,2026年毕业生,本科以上,,,水利工程、水利水电工程、农业水利工程、智慧水利工程、生态水利工程,水利工程、水利水电工程、农业水利工程、智慧水利工程、生态水利工程,,,,,,,笔试+面试,,,,,江苏省水利厅,差额拨款,进编；工作地点为泰州市海陵区；需要参加防汛抢险，能适应野外工作环境。,面试50%,取得相应学位,"0523-86689121
、86988880（传真），张晓燕",
1112-277,2026-shengshu,泰州,江苏省灌溉动力管理一处,综合科文秘、信息宣传,从事各类综合文字材料起草，信息宣传，公文处理等工作。,管理类,1,2026年毕业生,本科,,,汉语言文学、新闻学、网络与新媒体、新媒体与信息网络、秘书学,,,,,,,,笔试+面试,,,,,江苏省水利厅,差额拨款,进编；工作地点为泰州市海陵区；需要参加防汛抢险，能适应野外工作环境。,面试50%,取得相应学位,"0523-86689121
、86988880（传真），张晓燕",
1112-278,2026-shengshu,泰州,江苏省灌溉动力管理一处,抗旱排涝所防汛抢险工,从事机动一线防汛防旱、抢险排涝等工作。,工勤类,1,2026年毕业生,专科以上,,,机电一体化技术、机械电子工程、水利水电工程、机电设备维修与管理、机电排灌设备与管理,机电一体化技术、机械电子工程、水利水电工程、机电设备维修与管理、机电排灌设备与管理,,,,,,,笔试+面试,,,,,江苏省水利厅,差额拨款,进编；工作地点为泰州市海陵区；需要参加防汛抢险，能适应野外工作环境。,技能操作50%,本科及以上需取得相应学位,"0523-86689121
、86988880（传真），张晓燕",
1113-279,2026-shengshu,南京,江苏省防汛防旱抢险中心(江苏省防汛抢险训练中心),财务科财务财会,从事财务管理、审计等工作。,管理类,1,2026年毕业生,本科以上,,,会计、会计学、审计、审计学、财务会计与审计,会计、会计学、审计、审计学、财务会计与审计,,,,,,,笔试+面试,,,,,江苏省水利厅,差额拨款,进编；工作地点为南京市六合区，需要参加防汛抢险，能适应野外工作环境。,面试50%,取得相应学位,025-57751572、57500808（传真），徐悦,
1113-280,2026-shengshu,南京,江苏省防汛防旱抢险中心(江苏省防汛抢险训练中心),防汛抢险队防汛抢险技术管理,从事防汛抢险设备管理等工作。,管理类,1,2026年毕业生,本科以上,,,电气工程、电力电子与电力传动、电机与电器、电力系统及其自动化、电气自动化,电气工程、电力电子与电力传动、电机与电器、电力系统及其自动化、电气自动化,,,,,,,笔试+面试,,,,,江苏省水利厅,差额拨款,进编；工作地点为南京市六合区，需要参加防汛抢险，能适应野外工作环境。,面试50%,取得相应学位,025-57751572、57500808（传真），徐悦,
1113-281,2026-shengshu,南京,江苏省防汛防旱抢险中心(江苏省防汛抢险训练中心),抗旱排涝队防汛抢险工,从事机动一线防汛防旱、抢险排涝等工作。,工勤类,1,2026年毕业生,专科以上,,,机电一体化技术、机械电子工程、水利水电工程、机电设备维修与管理、机电排灌设备与管理,机电一体化技术、机械电子工程、水利水电工程、机电设备维修与管理、机电排灌设备与管理,,,,,,,笔试+面试,,,,,江苏省水利厅,差额拨款,进编；工作地点为南京市六合区，需要参加防汛抢险，能适应野外工作环境。,技能操作50%,本科及以上需取得相应学位,025-57751572、57500808（传真），徐悦,
1113-282,2026-shengshu,南京,江苏省防汛防旱抢险中心(江苏省防汛抢险训练中心),防汛物资站防汛物资管理,从事防汛物资管理、智慧仓储建设等工作。,工勤类,1,2026年毕业生,专科以上,,,电气工程、电力系统及其自动化、电气自动化、能源与动力工程、发电厂及电力系统,电气工程、电力系统及其自动化、电气自动化、能源与动力工程、发电厂及电力系统,,,,,,,笔试+面试,,,,,江苏省水利厅,差额拨款,进编；工作地点为南京市六合区，需要参加防汛抢险，能适应野外工作环境。,面试50%,本科及以上需取得相应学位,025-57751572、57500808（传真），徐悦,
1114-283,2026-shengshu,江苏,江苏省农业农村厅财务会计中心,财务会计,从事行政事业单位财务综合管理工作。,管理类,1,不限,本科以上,,,会计，会计学，大数据与会计，审计学，会计硕士,会计，会计学，大数据与会计，审计学，会计硕士,,,,,,,笔试+面试,,,,,江苏省农业农村厅,全额拨款,进编,面试50%,取得相应学位,杨老师，025-86263509,
1115-284,2026-shengshu,江苏,江苏省互联网农业发展中心,大数据业务岗,从事农业农村大数据建设、管理相关技术和文字工作；开展智慧农业相关试验示范、技术推广。,计算机类,1,不限,硕士研究生以上,,,,计算机科学与技术，软件工程，计算机软件与理论，计算机技术，计算机应用技术，计算机系统结构，大数据技术与工程，人工智能,,,,,,,笔试+面试,,,,,江苏省农业农村厅,全额拨款,进编,面试50%,取得相应学位,杨老师，025-86263509,
1116-285,2026-shengshu,无锡,江苏省蚕种所,财务管理,从事财务、会计工作。,经济类（会计、审计）,1,2026年毕业生,本科以上,,,会计学，会计，财务会计与审计，会计硕士,会计学，会计，财务会计与审计，会计硕士,,,,,,,笔试+面试,,,以研究生学历报考的，本科需为财务财会类专业，并取得学士学位,,江苏省农业农村厅,全额拨款,进编；工作地点在无锡,面试50%,1.取得相应学位；2.以研究生学历报考的，本科需为财务财会类专业，并取得学士学位。,杨老师，025-86263509,
1117-286,2026-shengshu,扬州,江苏省家禽科学研究所,网络管理,负责单位网络管理与运行维护。,计算机类,1,2026年毕业生,硕士研究生,,,,计算机类,,,,,,,笔试+面试,,,,,江苏省农业农村厅,全额拨款,进编；工作地点在扬州,面试50%,取得相应学位,杨老师，025-86263509,
1118-287,2026-shengshu,南通,江苏省海洋水产研究所,科研项目管理,负责科研项目管理、科研档案保管、科研报告编写、材料翻译及学术会议组织等工作。,管理类,1,2026年毕业生,硕士研究生以上,,,,公共管理类,,,,大学英语六级,,,笔试+面试,,,,,江苏省农业农村厅,全额拨款,进编；工作地点在南通,面试50%,1.取得相应学位；2.大学英语六级。,杨老师，025-86263509,
1119-288,2026-shengshu,江苏,江苏省世界贸易组织事务中心,产业安全与进出口管制事务,主要从事产业安全与进出口管制相关工作,管理类,1,2026年毕业生,硕士研究生以上,,,,集成电路工程、电子信息、集成电路科学与工程、光电信息工程,,,,,,,笔试+面试,,,,,江苏省商务厅,全额拨款,进编,面试50%,取得相应学历、学位,"电话：57710146，
联系人：孙岳",
1119-289,2026-shengshu,江苏,江苏省世界贸易组织事务中心,国际经贸事务,主要从事国际经济贸易事务相关工作,管理类,1,社会人员,硕士研究生以上,,,,世界经济、区域经济学、数量经济学、经济与金融,,,,,,,笔试+面试,,,,,江苏省商务厅,全额拨款,进编,面试50%,取得相应学历、学位,"电话：57710146，
联系人：孙岳",
1119-290,2026-shengshu,江苏,江苏省世界贸易组织事务中心,数据统计相关工作,主要从事数据统计相关工作,管理类,1,2026年毕业生,硕士研究生以上,,,,统计学、应用统计硕士、概率论与数理统计、计算数学,,,,,,,笔试+面试,,,,,江苏省商务厅,全额拨款,进编,面试50%,取得相应学历、学位,"电话：57710146，
联系人：孙岳",
1120-291,2026-shengshu,江苏,江苏省国际经济贸易研究所,经济贸易研究,国际经济贸易及贸易规则相关内容研究,经济类（统计、其他经济）,1,社会人员,硕士研究生以上,,,,产业经济学、国际贸易学、区域经济学、应用统计、世界经济,,,,,,,笔试+面试,,,本科阶段为经济类专业并取得相应学历、学位；具有较强文字工作能力，在省级及以上学术期刊发表论文2篇以上，且为第一、第二作者（已见刊，增刊除外，文章发表时该期刊为核心来源期刊）,,江苏省商务厅,全额拨款,进编,面试50%,"1、具有相应学历、学位；2、本科阶段为经济类专业并取得相应学历、学位；3、具有较强文字工作能力，在省级及以上学术期刊发表论文2篇以上，且为第一、第二作者（已见刊，增刊除外,文章发表时该期刊为核心来源期刊）。",电话：57710098，联系人：王瑞丰,
1120-292,2026-shengshu,江苏,江苏省国际经济贸易研究所,刊物编辑校审,刊物内容编写及校审,其他专技类,1,2026年毕业生,硕士研究生以上,,,,语言学及应用语言学、中国现当代文学、比较文学与世界文学、新闻与传播、新闻学,,,,,,,笔试+面试,,,具有较强文字写作能力，在省级及以上期刊发表文章2篇以上，且为第一、第二作者（已见刊，增刊除外，文章发表时该期刊为省级及以上期刊）,,江苏省商务厅,全额拨款,进编,面试50%,"1、具有相应学历、学位；2、具有较强文字写作能力，在省级及以上期刊发表文章2篇以上，且为第一、第二作者（已见刊，增刊除外,文章发表时该期刊为省级及以上期刊）。",电话：57710098，联系人：王瑞丰,
1121-293,2026-shengshu,江苏,江苏省流通产业促进中心,经济贸易研究,现代流通产业发展及相关政策的研究。,经济类（统计、其他经济）,1,2026年毕业生,硕士研究生以上,,,,产业经济学，国际贸易学，区域经济学，国民经济学,,,,大学英语六级,,,笔试+面试,,,本科阶段为经济类专业并取得相应学历学位,,江苏省商务厅,全额拨款,进编,面试50%,1、具有相应学历、学位；2、大学英语六级；3、本科阶段为经济类专业并取得相应学历学位。,电话：57710206，联系人：朱志,
1122-294,2026-shengshu,南京,南京图书馆,办公室干事,从事综合文字材料撰写、党务管理等工作,管理类,1,2026年毕业生,硕士研究生以上,,,,汉语言文字学，中国语言文学，思想政治教育，马克思主义理论，马克思主义哲学，中共党史,,,,,,中共党员,笔试+面试,,,,,江苏省文化和旅游厅,全额拨款,进编,面试50%,取得相应学位；中共党员,"向老师
025-84356330",
1122-295,2026-shengshu,南京,南京图书馆,财务管理,从事人员薪资计算、绩效管理、合同审核等相关工作,经济类（会计、审计）,2,社会人员,硕士研究生以上,,,,会计学，财政学（含税收学），税务，会计，会计硕士，审计,,,有2年以上财务相关工作经历,,,,笔试+面试,,,,,江苏省文化和旅游厅,全额拨款,进编,面试50%,取得相应学位；有2年以上财务相关工作经历,"向老师
025-84356330",
1122-296,2026-shengshu,南京,南京图书馆,法务,从事合同合法合规性审核，做好文稿起草及办公室综合性工作,法律类,1,2026年毕业生,本科以上,,,法学，法律（法学），民商法学，法律硕士（法学）,法学，法律（法学），民商法学，法律硕士（法学）,,,,,,,笔试+面试,,,,,江苏省文化和旅游厅,全额拨款,进编,面试50%,取得相应学位,"向老师
025-84356330",
1122-297,2026-shengshu,南京,南京图书馆,物业保障,从事建筑维修、机电工程维修、项目管理等相关工作,其他专技类,2,2026年毕业生,硕士研究生以上,,,,建筑学，土木工程，建筑与土木工程，电气工程，项目管理，工程管理,,,,,,,笔试+面试,,,,,江苏省文化和旅游厅,全额拨款,进编,面试50%,取得相应学位,"向老师
025-84356330",
1122-298,2026-shengshu,南京,南京图书馆,活动保障,从事会议保障、阅读推广活动保障工作,其他专技类,1,2026年毕业生,本科以上,,,录音艺术，照明艺术，影视艺术技术，数字媒体，数字媒体艺术,录音艺术，照明艺术，影视艺术技术，数字媒体，数字媒体艺术,,,,,,,笔试+面试,,,,,江苏省文化和旅游厅,全额拨款,进编,面试50%,取得相应学位,"向老师
025-84356330",
1122-299,2026-shengshu,南京,南京图书馆,摄影摄像,从事数码摄影摄像拍摄、影视后期制作等相关工作,其他专技类,1,不限,本科以上,,,影视摄制，摄影，影视摄影与制作，影视艺术技术,影视摄制，摄影，影视摄影与制作，影视艺术技术,,,,,,,笔试+面试,,,,,江苏省文化和旅游厅,全额拨款,进编,面试50%,,"向老师
025-84356330",
1122-300,2026-shengshu,南京,南京图书馆,国学阅览,从事民国文献编目整理、国学馆阅览咨询等工作,其他专技类,1,2026年毕业生,硕士研究生以上,,,,中国史，中国近现代史，中国古代史，中共党史，中共党史党建学，中国近现代史基本问题研究,,,,,,,笔试+面试,,,,,江苏省文化和旅游厅,全额拨款,进编,面试50%,取得相应学位,"向老师
025-84356330",
1122-301,2026-shengshu,南京,南京图书馆,古籍修复,从事历史文献修复工作,其他专技类,1,2026年毕业生,本科以上,,,文物鉴赏与修复，文物保护与修复，古籍修复，考古学，古典文献学,文物鉴赏与修复，文物保护与修复，古籍修复，考古学，古典文献学,,,,,,,笔试+面试,,,,,江苏省文化和旅游厅,全额拨款,进编,面试50%,取得相应学位,"向老师
025-84356330",
1122-302,2026-shengshu,南京,南京图书馆,软件开发、维护,从事图书馆业务平台软件开发、运行维护相关工作,计算机类,2,2026年毕业生,硕士研究生以上,,,,软件工程，人工智能，模式识别与智能系统，计算机软件与理论,,,,,,,笔试+面试,,,,,江苏省文化和旅游厅,全额拨款,进编,面试50%,取得相应学位,"向老师
025-84356330",
1122-303,2026-shengshu,南京,南京图书馆,文字编辑,《新世纪图书馆》杂志编辑、校对、发行等工作,其他专技类,1,社会人员,本科以上,,,新闻学，传播学，新闻传播学，编辑出版学，全媒体新闻采编与制作,新闻学，传播学，新闻传播学，编辑出版学，全媒体新闻采编与制作,,,,具有责任编辑证书（需在有效期内）,,,笔试+面试,,,,,江苏省文化和旅游厅,全额拨款,进编,面试50%,取得相应学位；具有责任编辑证书（需在有效期内）,"向老师
025-84356330",
1122-304,2026-shengshu,南京,南京图书馆,地方文献整理,从事地方文献收集、整理等相关工作,其他专技类,2,2026年毕业生,本科以上,,,语言学及应用语言学，汉语言文字学，中国古典文献学，中国古代文学，中国现当代文学，中国语言文学，专门史，中国史，中国古代史，中国近现代史,语言学及应用语言学，汉语言文字学，中国古典文献学，中国古代文学，中国现当代文学，中国语言文学，专门史，中国史，中国古代史，中国近现代史,,,,,,,笔试+面试,,,,,江苏省文化和旅游厅,全额拨款,进编,面试50%,取得相应学位,"向老师
025-84356330",
1122-305,2026-shengshu,南京,南京图书馆,典藏阅览,从事典藏文献的研究、开发、利用等工作,其他专技类,2,2026年毕业生,硕士研究生以上,,,,中国近现代史，中国近现代史基本问题研究，新闻学，传播学，新闻传播学,,,,,,,笔试+面试,,,,,江苏省文化和旅游厅,全额拨款,进编,面试50%,取得相应学位,"向老师
025-84356330",
1122-306,2026-shengshu,南京,南京图书馆,读者服务1,从事读者服务、业务统计与数据分析等图书馆工作,其他专技类,1,2026年毕业生,硕士研究生以上,,,,统计学，应用统计学，数据计算及应用，信息与计算科学,,,,,,,笔试+面试,,,,,江苏省文化和旅游厅,全额拨款,进编,面试50%,取得相应学位,"向老师
025-84356330",
1122-307,2026-shengshu,南京,南京图书馆,读者服务2,从事读者服务，读者活动的策划、设计、展成等相关工作,其他专技类,2,2026年毕业生,硕士研究生以上,,,,设计艺术学，艺术设计，美术学，美术与书法,,,,,,,笔试+面试,,,,,江苏省文化和旅游厅,全额拨款,进编,面试50%,取得相应学位,"向老师
025-84356330",
1122-308,2026-shengshu,南京,南京图书馆,读者服务3,从事图书采访、分编、学术研究交流等相关工作,其他专技类,4,不限,硕士研究生以上,,,,"图书馆学,情报学,图书情报,图书情报与档案管理",,,,,,,笔试+面试,,,,,江苏省文化和旅游厅,全额拨款,进编,面试50%,取得相应学位,"向老师
025-84356330",
1122-309,2026-shengshu,南京,南京图书馆,读者服务4,从事读者服务、业务数据统计等相关工作,其他专技类,6,2026年毕业生,本科以上,,,"图书馆学,情报学,图书情报,图书情报与档案管理","图书馆学,情报学,图书情报,图书情报与档案管理",,,,,,,笔试+面试,,,,,江苏省文化和旅游厅,全额拨款,进编,面试50%,取得相应学位,向老师025-84356330,
1123-310,2026-shengshu,江苏,江苏省美术馆,行政文秘,从事综合文字材料及日常事务管理工作,管理类,2,2026年毕业生,硕士研究生以上,,,,文艺学、语言学及应用语言学、汉语言文字学、中国古典文献学、中国古代文学、中国现当代文学、中国文学与文化、中国语言文学,,,,,,,笔试+面试,,,本科阶段专业为中文文秘类并取得相应学位,,江苏省文化和旅游厅,全额拨款,进编,面试50%,取得相应学位；本科阶段专业为中文文秘类并取得相应学位。,"025-89610831
孙老师",
1123-311,2026-shengshu,江苏,江苏省美术馆,财务管理,主要从事财务相关工作,管理类,2,2026年毕业生,硕士研究生以上,,,,会计学、会计、会计硕士、审计、审计学,,,,,,,笔试+面试,,,本科阶段专业为会计学、财务管理、财务会计与审计、审计学并取得相应学位,,江苏省文化和旅游厅,全额拨款,进编,面试50%,取得相应学位；本科阶段专业为会计学、财务管理、财务会计与审计、审计学并取得相应学位,"025-89610831
孙老师",
1123-312,2026-shengshu,江苏,江苏省美术馆,党务管理,主要从事党务、宣传、纪检工作,管理类,1,2026年毕业生,硕士研究生以上,,,,马克思主义理论、中共党史、马克思主义基本原理、马克思主义哲学、马克思主义中国化研究、中共党史党建学,,,,,,中共党员,笔试+面试,,,,,江苏省文化和旅游厅,全额拨款,进编,面试50%,取得相应学位；中共党员,"025-89610831
孙老师",
1123-313,2026-shengshu,江苏,江苏省美术馆,展览策划与理论研究1,从事中国美术史研究、美术批评及美术展览策划等工作,其他专技类,1,2026年毕业生,硕士研究生以上,,,,美术学、艺术学理论、艺术学、艺术,,,,,,,笔试+面试,,,专业研究方向为：中国美术史、中国画论、书画美学、中国美术理论、中国美术批评,,江苏省文化和旅游厅,全额拨款,进编,面试50%,取得相应学位；专业研究方向为：中国美术史、中国画论、书画美学、中国美术理论、中国美术批评,"025-89610831
孙老师",
1123-314,2026-shengshu,江苏,江苏省美术馆,安全保卫,从事安全保卫、安全生产监督、消防管理等,其他专技类,1,2026年毕业生,本科以上,,,安全工程、安全科学与工程、消防工程、消防指挥、火灾勘查,安全工程、安全科学与工程、消防工程、消防指挥、火灾勘查,,,,,,,笔试+面试,,,,,江苏省文化和旅游厅,全额拨款,进编，需值夜班,面试50%,取得相应学位,"025-89610804
杨老师",
1123-315,2026-shengshu,江苏,江苏省美术馆,后勤保障技术,从事后勤保障专业技术工作,其他专技类,1,2026年毕业生,本科以上,,,电气工程、机械电子工程、控制科学与工程、机械制造及其自动化、计算机应用技术、系统工程、计算机技术、计算机科学与技术、软件工程,电气工程、机械电子工程、控制科学与工程、机械制造及其自动化、计算机应用技术、系统工程、计算机技术、计算机科学与技术、软件工程,,,,,,,笔试+面试,,,,,江苏省文化和旅游厅,全额拨款,进编,面试50%,取得相应学位,"025-89610804
杨老师",
1123-316,2026-shengshu,江苏,江苏省美术馆,展览陈列,从事展览项目实施,其他专技类,1,2026年毕业生,硕士研究生以上,,,,美术、美术学、美术与书法、艺术学理论,,,,,,,笔试+面试,,,艺术学理论专业研究方向为：中国美术相关理论研究、艺术博物馆与公共教育,,江苏省文化和旅游厅,全额拨款,进编,面试50%,取得相应学位；艺术学理论专业研究方向为：中国美术相关理论研究、艺术博物馆与公共教育,"025-89610804
杨老师",
1123-317,2026-shengshu,江苏,江苏省美术馆,信息与传播,从事专业信息编辑、发布,其他专技类,1,2026年毕业生,硕士研究生以上,,,,新闻学、传播学、新闻传播学、新闻与传播、互联网信息、文化发展与传播、广播电视、广播电视艺术学,,,,,,,笔试+面试,,,,,江苏省文化和旅游厅,全额拨款,进编,面试50%,取得相应学位,"025-89610804
杨老师",
1124-318,2026-shengshu,南京,南京博物院,藏品登录与保管,负责藏品档案的管理及借阅工作，负责档案的日常归档及整理编目,其他专技类,1,社会人员,硕士研究生以上,,,,考古学、博物馆学、文物与博物馆学、档案学、图书情报与档案管理,,,具有3年及以上文博单位文物保管、文物整理工作经历,,,,笔试+面试,,,图书情报与档案管理专业的研究方向须为档案管理,,江苏省文化和旅游厅,全额拨款,进编,面试50%,取得相应学位；图书情报与档案管理专业的研究方向须为档案管理；具有3年及以上文博单位文物保管、文物整理工作经历,"武老师
025-84838532、传真84802061",
1124-319,2026-shengshu,南京,南京博物院,艺术研究与展览策划,从事博物馆古代雕塑、书画研究和展览策划等工作,其他专技类,1,2026年毕业生,硕士研究生以上,,,,美术与书法、美术学、艺术学、考古学,,,,,,,笔试+面试,,,硕士阶段研究方向为以下之一：中国传统雕塑与器物、中国书法篆刻理论、中国美术史、中国美术考古；在学术期刊以第一作者发表2篇及以上学术论文,,江苏省文化和旅游厅,全额拨款,进编,面试50%,取得相应学位；硕士阶段研究方向为以下之一：中国传统雕塑与器物、中国书法篆刻理论、中国美术史、中国美术考古；在学术期刊以第一作者发表2篇及以上学术论文,"武老师
025-84838532、传真84802061",
1124-320,2026-shengshu,南京,南京博物院,无机质文物保护修复,从事无机质文物保护修复,其他专技类,1,社会人员,硕士研究生,,,,文物与博物馆、文物、考古学、博物馆学、科学技术史,,,具有3年及以上文物保护修复工作经历，且参与完成2项及以上文物修复项目,,,,笔试+面试,,,研究方向为文物保护修复；无色盲色弱,,江苏省文化和旅游厅,全额拨款,进编，长期出差,专业测试30%，面试20%,取得相应学位；研究方向为文物保护修复；具有3年及以上文物保护修复工作经历，且参与完成2项及以上文物修复项目；无色盲色弱,"武老师
025-84838532、传真84802061",
1124-321,2026-shengshu,南京,南京博物院,人工智能应用与大数据治理,从事异构大数据治理、挖掘、安全管理及人工智能应用与生成,其他专技类,1,2026年毕业生,硕士研究生,,,,人工智能、大数据技术与工程、智能科学与技术、数字媒体,,,,,,,笔试+面试,,,,,江苏省文化和旅游厅,全额拨款,进编，延时开放及项目开发运维值守期间需要长期加班、值夜班,面试50%,取得相应学位,"武老师
025-84838532、传真84802061",
1124-322,2026-shengshu,南京,南京博物院,综合业务,从事合同合法合规性审核，承担党建、文字材料撰写等综合性工作,法律类,1,2026年毕业生,硕士研究生,,,,法律类,,,,取得国家法律职业资格证书（A类）,,中共党员,笔试+面试,,,,,江苏省文化和旅游厅,全额拨款,进编,面试50%,取得相应学位；中共党员；取得国家法律职业资格证书（A类）,"武老师
025-84838532、传真84802061",
1124-323,2026-shengshu,南京,南京博物院,消防工程师,负责本单位消防设施建设规划、系统设计把关、维护保养等工作,管理类,1,社会人员,硕士研究生,,,,公安类、建筑工程类,,,具有3年及以上消防工程施工及管理工作经历,持有一级注册消防工程师资格证书,,,笔试+面试,,,,,江苏省文化和旅游厅,全额拨款,"进编,长期驻场施工加班、值夜班",面试50%,取得相应学位；持有一级注册消防工程师资格证书；具有3年及以上消防工程施工及管理工作经历,"武老师
025-84838532、传真84802061",
1124-324,2026-shengshu,南京,南京博物院,招标采购,从事工程项目招标采购相关工作,管理类,1,社会人员,硕士研究生,,,,财务财会类、建筑工程类,,,具有3年及以上工程项目招标工作经历,具有一级注册造价工程师资格,,,笔试+面试,,,,,江苏省文化和旅游厅,全额拨款,进编,面试50%,取得相应学位；具有3年及以上工程项目招标工作经历，具有一级注册造价工程师资格,"武老师
025-84838532、传真84802061",
1124-325,2026-shengshu,南京,南京博物院,财务财会,从事财务预决算及相关内控管理；会计分录编制、单据审核等,经济类（会计、审计）,1,社会人员,本科以上,,,会计、会计学、审计学、财务管理,会计、会计学、审计学、财务管理,,,具有3年及以上会计工作经历,,,,笔试+面试,,,,,江苏省文化和旅游厅,全额拨款,进编,面试50%,取得相应学位；具有3年及以上会计工作经历,"武老师
025-84838532、传真84802061",
1124-326,2026-shengshu,南京,南京博物院,博物馆手语宣教,从事博物馆手语讲解与社会教育，残障教育活动策划实施,其他专技类,1,残疾人,硕士研究生,,,,中国古典文献学、中国古代史、中国文学与文化、文物与博物馆,,,,,,,笔试+面试,具备正常履行岗位职责的身体条件，听力3～4级残疾或军残5～8级残疾；残疾人岗位,,女性身高155㎝以上，男性身高170㎝以上,,江苏省文化和旅游厅,全额拨款,进编,面试50%,取得相应学位；具备正常履行岗位职责的身体条件，听力3～4级残疾或军残5～8级残疾；女性身高155㎝以上，男性身高170㎝以上；能熟练使用手语沟通,"武老师
025-84838532、传真84802061",能熟练使用手语沟通
1125-327,2026-shengshu,江苏,江苏省戏剧学校,学生科干事,从事学生日常管理、组织学生思想教育活动、心理健康教育等相关工作,管理类,1,2026年毕业生,硕士研究生以上,,,,发展与教育心理学、应用心理学、心理健康教育、心理学、学生发展与教育,,,具有1年以上学生会工作经历,,,,笔试+面试,,,,,江苏省文化和旅游厅,全额拨款,进编,面试50%,取得相应学位，具有1年以上学生会工作经历,"张老师
025-84560669",
1125-328,2026-shengshu,江苏,江苏省戏剧学校,财务科干事,从事财务管理、会计核算等财务相关工作,经济类（会计、审计）,1,2026年毕业生,硕士研究生以上,,,,会计学、会计、会计硕士、审计、会计与金融,,,,,,,笔试+面试,,,具有3个月以上会计实习经历,,江苏省文化和旅游厅,全额拨款,进编,面试50%,取得相应学位，具有3个月以上会计实习经历,"张老师
025-84560669",
1125-329,2026-shengshu,江苏,江苏省戏剧学校,平台管理,从事信息化硬件运维、软件与系统保障、编程与信息化开发等相关工作,计算机类,1,社会人员,硕士研究生以上,,,,计算机应用技术，计算机科学与技术，大数据技术与工程，网络与信息安全,,,,,,,笔试+面试,,,要求本科专业需为计算机科学与技术、计算机及应用、大数据管理与应用、大数据技术与应用并取得相应学位，具有3年以上计算机编程、网络安全维护等相关工作经历,,江苏省文化和旅游厅,全额拨款,进编,面试50%,取得相应学位，要求本科专业需为计算机科学与技术、计算机及应用、大数据管理与应用、大数据技术与应用并取得相应学位，具有3年以上计算机编程、网络安全维护等相关工作经历,"张老师
025-84560669",
1125-330,2026-shengshu,江苏,江苏省戏剧学校,总务科干事1,从事总务管理、后勤保障、食堂管理等相关工作,管理类,1,社会人员,硕士研究生以上,,,,公共管理、食品科学与工程、营养与食品卫生学、项目管理、公共管理学、行政管理、企业管理,,,,,,,笔试+面试,,,要求本科专业需为公共管理、项目管理、食品科学与工程、食品卫生与营养学并取得相应学位，具有3年以上后勤、食堂、物业管理等相关工作经历,,江苏省文化和旅游厅,全额拨款,进编，需参与节假日加班及值班工作,面试50%,取得相应学位，要求本科专业需为公共管理、项目管理、食品科学与工程、食品卫生与营养学并取得相应学位，具有3年以上后勤、食堂、物业管理等相关工作经历,"张老师
025-84560669",
1125-331,2026-shengshu,江苏,江苏省戏剧学校,总务科干事2,从事物资采购、招投标、库存管理、资产盘点等相关工作,管理类,1,社会人员,硕士研究生以上,,,,工商管理、项目管理、工程管理、物流工程与管理，工商管理学，物流工程、资产评估、会计、审计,,,,,,,笔试+面试,,,要求本科专业需为工程管理、项目管理、财务管理、会计并取得相应学位，具有3年以上物资采购、招投标等相关工作经历,,江苏省文化和旅游厅,全额拨款,进编,面试50%,取得相应学位，要求本科专业需为工程管理、项目管理、财务管理、会计并取得相应学位，具有3年以上物资采购、招投标等相关工作经历,"张老师
025-84560669",
1126-332,2026-shengshu,江苏,江苏省文化馆,人事综合,从事薪资社保、绩效考核、人事档案管理等组织人事相关工作,其他专技类,1,2026年毕业生,硕士研究生以上,,,,人力资源管理，社会保障，民商法学（含：劳动法学，社会保障法学），档案学，中国现当代文学,,,,,,,笔试+面试,,,,,江苏省文化和旅游厅,全额拨款,进编,面试50%,取得相应学位,"电话：
025-84699097、025-84699233
传真：
025-84699309
联系人：祝老师、曹老师",
1126-333,2026-shengshu,江苏,江苏省文化馆,新媒体运营,协助负责宣传平台建设管理、新媒体运营、短视频摄制剪辑等工作,其他专技类,1,社会人员,硕士研究生以上,,,,艺术类,,,,,,,笔试+面试,,,要求本科专业为数字媒体艺术、媒体创意、数字影像设计、新媒体艺术,,江苏省文化和旅游厅,全额拨款,进编,面试50%,取得相应学位；要求本科专业为数字媒体艺术、媒体创意、数字影像设计、新媒体艺术,"电话：
025-84699097、025-84699233
传真：
025-84699309
联系人：祝老师、曹老师",
1127-334,2026-shengshu,扬州,扬州中国大运河博物馆,社会教育,从事博物馆社教工作，承担部分讲解工作,其他专技类,1,2026年毕业生,硕士研究生以上,,,,中国史，考古学，考古学及博物馆学，文物与博物馆，文物，博物馆，学前教育学，小学教育学，成人教育学，艺术教育学,,,,取得普通话二级甲等及以上证书,,,笔试+面试,,,女性身高160CM以上，男性身高175CM以上,,江苏省文化和旅游厅,全额拨款,进编,专业测试20%，面试30%,取得相应学位；女性身高160CM以上，男性身高175CM以上；取得普通话二级甲等及以上证书,"张老师
0514-82773055
传真
82773030",
1127-335,2026-shengshu,扬州,扬州中国大运河博物馆,总账保管员,从事藏品总账统计与管理，藏品研究等,其他专技类,1,社会人员,硕士研究生以上,,,,考古学、考古学及博物馆学、文物与博物馆、博物馆、文物、档案学,,,具有3年及以上文博单位藏品保管、藏品整理等工作经历,,,,笔试+面试,,,,,江苏省文化和旅游厅,全额拨款,进编,面试50%,取得相应学位；具有3年及以上文博单位藏品保管、藏品整理等工作经历,"张老师
0514-82773055
传真
82773030",
1127-336,2026-shengshu,扬州,扬州中国大运河博物馆,财务会计,从事财务管理、会计核算等财务相关工作,经济类（会计、审计）,1,2026年毕业生,硕士研究生以上,,,,会计学，会计，会计硕士，审计,,,,,,,笔试+面试,,,本科阶段专业需为财务财会类并取得相应学位,,江苏省文化和旅游厅,全额拨款,进编,面试50%,取得相应学位；本科阶段专业需为财务财会类并取得相应学位,"张老师
0514-82773055
传真
82773030",
1127-337,2026-shengshu,扬州,扬州中国大运河博物馆,消防管理员,从事消防安全管理、消防设备设施日常巡查、维护保养和升级改造等工作,其他专技类,1,社会人员,本科以上,,,消防工程、安全工程、电气自动化、安全科学与工程,消防工程、安全工程、电气自动化、安全科学与工程,,,具有3年及以上消防工程设计、施工、管理等相关领域工作经历,持有一级注册消防工程师证书,,,笔试+面试,,,熟悉消防安全工作方面有关法律法规、政策、技术标准和规范,,江苏省文化和旅游厅,全额拨款,进编，需驻场施工，值夜班,面试50%,取得相应学位；持有一级注册消防工程师证书；具有3年及以上消防工程设计、施工、管理等相关领域工作经历；熟悉消防安全工作方面有关法律法规、政策、技术标准和规范,"张老师
0514-82773055
传真
82773030",
1128-338,2026-shengshu,江苏,江苏省文物考古研究院,会计,从事会计、财务、内部控制及预决算管理等工作,经济类（会计、审计）,1,社会人员,本科以上,,,会计，会计学，财务管理，审计学,会计，会计学，财务管理，审计学,,,有3年及以上财务工作经历,,,,笔试+面试,,,,,江苏省文化和旅游厅,全额拨款,进编,面试50%,取得相应学位；有3年及以上财务工作经历,025-83350132     缪老师,
1128-339,2026-shengshu,江苏,江苏省文物考古研究院,政府采购,从事会计、财务、政府采购等工作,经济类（会计、审计）,1,社会人员,本科以上,,,会计，会计学，财务管理，审计学,会计，会计学，财务管理，审计学,,,有3年及以上财务工作经历,,,,笔试+面试,,,,,江苏省文化和旅游厅,全额拨款,进编,面试50%,取得相应学位；有3年及以上财务工作经历,025-83350132     缪老师,
1129-340,2026-shengshu,江苏,江苏省旅游发展研究中心,文旅研究综合辅助,从事文旅项目及其他运转辅助工作,其他专技类,1,2026年毕业生,本科以上,,,旅游管理，人文地理学，会计学，法学,旅游管理，人文地理学，会计学，法学,,,,,,,笔试+面试,,,,,江苏省文化和旅游厅,全额拨款,进编,面试50%,取得相应学位,"025-83435852
李老师",
1130-341,2026-shengshu,江苏,江苏省中医院,纪委办,从事纪检监察、审核工作,经济类（会计、审计）,1,2026年毕业生,硕士研究生以上,,,,审计类,,,,,,中共党员,笔试+面试,编外（不进事业编制）,,,,江苏省卫生健康委员会,差额拨款,博士研究生编内；硕士研究生编外,实践能力考核50%,取得相应学位；中共党员,025-86618139（兼传真），伏老师,
1130-342,2026-shengshu,江苏,江苏省中医院,审计与法务处,从事审计与法务工作,法律类,1,2026年毕业生,硕士研究生以上,,,,宪法学与行政法学、 民商法学(含:劳动法学、社会保障法学)、 法学、法律、法律硕士、法律(法学)、法律(非法学)、法律硕士(法学)、法律硕士(非法学)、经济法,,,,,,,笔试+面试,编外（不进事业编制）,,,,江苏省卫生健康委员会,差额拨款,博士研究生编内；硕士研究生编外,实践能力考核50%,取得相应学位,025-86618139（兼传真），伏老师,
1130-343,2026-shengshu,江苏,江苏省中医院,高血压研究所,从事医学图像挖掘与识别、模型构建工作,计算机类,1,2026年毕业生,博士研究生,,,,计算机科学与技术、人工智能、软件工程、大数据技术与工程、智能科学与技术,,,,,,,笔试+面试,,,,,江苏省卫生健康委员会,差额拨款,编内,实践能力考核50%,取得相应学位,025-86618139（兼传真），伏老师,
1131-344,2026-shengshu,南京,江苏省省级机关医院（南京医科大学附属老年医院）,宣传统战办公室,负责维护医院新媒体平台，策划、拍摄、制作新媒体产品等,管理类,1,不限,本科以上,,,音乐学、电影学、广播电视艺术学、戏剧与影视学,音乐学、电影学、广播电视艺术学、戏剧与影视学,,,,本科大学英语四级，研究生大学英语六级,,,笔试+面试,编外（不进事业编制）,,,,江苏省卫生健康委员会,差额拨款,编外,面试50%,取得相应学位；本科大学英语四级，研究生大学英语六级,电话：025-86633391、传真：86631726，张老师,
1131-345,2026-shengshu,南京,江苏省省级机关医院（南京医科大学附属老年医院）,医患沟通中心,主要从事投诉接待处理登记、医患沟通等相关工作,法律类,1,2026年毕业生,硕士研究生以上,,,,法学、法律、法律硕士、法律（法学）,,,,大学英语六级,,,笔试+面试,编外（不进事业编制）,,,,江苏省卫生健康委员会,差额拨款,编外,面试50%,取得相应学位；大学英语六级,电话：025-86633391、传真：86631726，张老师,
1131-346,2026-shengshu,南京,江苏省省级机关医院（南京医科大学附属老年医院）,医保管理办公室,主要从事医保服务窗口政策咨询、业务审批、沟通协调、医保问题处理等工作,管理类,1,不限,硕士研究生,,,,社会保障、行政管理、社会医学与卫生事业管理、公共管理（社会医学与卫生事业管理方向）、公共卫生（社会医学与卫生事业管理方向）、卫生事业管理学,,,,,,,笔试+面试,编外（不进事业编制）,,,,江苏省卫生健康委员会,差额拨款,编外,面试50%,取得相应学位,电话：025-86633391、传真：86631726，张老师,
1131-347,2026-shengshu,南京,江苏省省级机关医院（南京医科大学附属老年医院）,财务处,主要从事会计、财务管理及内部控制等相关工作,经济类（会计、审计）,1,不限,本科以上,,,会计学、审计学、会计硕士、财务会计与审计、财务管理,会计学、审计学、会计硕士、财务会计与审计、财务管理,,,社会人员具有3年及以上三级医院工作经历,,,,笔试+面试,编外（不进事业编制）,,,,江苏省卫生健康委员会,差额拨款,编外,面试50%,取得相应学位；社会人员具有3年及以上三级医院工作经历,电话：025-86633391、传真：86631726，张老师,
1131-348,2026-shengshu,南京,江苏省省级机关医院（南京医科大学附属老年医院）,信息处,灵活运用数据分析和挖掘技术，结合人工智能管理大数据,计算机类,1,2026年毕业生,硕士研究生以上,,,,计算机科学与技术、软件工程、大数据技术与工程、人工智能,,,,大学英语六级,,,笔试+面试,编外（不进事业编制）,,,,江苏省卫生健康委员会,差额拨款,编外,面试50%,取得相应学位；大学英语六级,电话：025-86633391、传真：86631726，张老师,
1131-349,2026-shengshu,南京,江苏省省级机关医院（南京医科大学附属老年医院）,运营管理办公室,开展院科两级运营分析，构建运营分析模型生成数据、制作图表等工作,经济类（统计、其他经济）,1,2026年毕业生,硕士研究生以上,,,,应用统计、应用统计硕士、数学（概率论与数理统计方向）、概率论与数理统计,,,,,,,笔试+面试,编外（不进事业编制）,,,,江苏省卫生健康委员会,差额拨款,编外,面试50%,取得相应学位,电话：025-86633391、传真：86631726，张老师,
1131-350,2026-shengshu,南京,江苏省省级机关医院（南京医科大学附属老年医院）,总务处,水电技术应用、电气设备应用与维护,其他专技类,1,不限,本科以上,,,电气工程与自动化、电气工程与智能控制、测控技术与仪器、电气自动化,电气工程与自动化、电气工程与智能控制、测控技术与仪器、电气自动化,,,,本科大学英语四级，研究生大学英语六级,,,笔试+面试,编外（不进事业编制）,,,,江苏省卫生健康委员会,差额拨款,编外,面试50%,取得相应学位；本科大学英语四级，研究生大学英语六级,电话：025-86633391、传真：86631726，张老师,
1131-351,2026-shengshu,南京,江苏省省级机关医院（南京医科大学附属老年医院）,科教处,主要从事科研项目、科研成果与转化、科研平台管理等工作,管理类,1,2026年毕业生,硕士研究生以上,,,,临床医学（含各二级学科）、流行病与卫生统计学、社会医学与卫生事业管理、公共卫生与预防医学、公共管理（社会医学与卫生事业管理方向）、公共卫生（社会医学与卫生事业管理方向）、公共卫生（流行病与卫生统计学方向）、公共卫生与预防医学（流行病与卫生统计学方向）、卫生事业管理学,,,,大学英语六级,,,笔试+面试,编外（不进事业编制）,,以第一作者(非共一)或通讯作者发表1篇及以上SCI文章,,江苏省卫生健康委员会,差额拨款,编外,面试50%,取得相应学位；大学英语六级；以第一作者(非共一)或通讯作者发表1篇及以上SCI文章,电话：025-86633391、传真：86631726，张老师,
1132-352,2026-shengshu,江苏,江苏省肿瘤医院,放疗科（放疗物理技术中心）,从事放射物理工作,计算机类,1,2026年毕业生,博士研究生,,,,大数据技术与工程、人工智能、计算机科学与技术、计算机应用技术,,,,,,,笔试+面试,,,,,江苏省卫生健康委员会,差额拨款,编内,面试50%,取得相应学位,025-83284272，传真同号，黄老师,
1132-353,2026-shengshu,江苏,江苏省肿瘤医院,科技处,从事医疗数据处理及分析,计算机类,1,不限,博士研究生,,,,大数据技术与工程、人工智能、计算机科学与技术、软件工程、计算机技术,,,,,,,笔试+面试,,,以第一作者（含共一）发表1篇中科院2区及以上SCI文章,,江苏省卫生健康委员会,差额拨款,编内,面试50%,取得相应学位；以第一作者（含共一）发表1篇中科院2区及以上SCI文章,025-83284272，传真同号，黄老师,
1133-354,2026-shengshu,南京,南京中医药大学第二附属医院（江苏省第二中医院）,审计处科员,主要从事医院内部审计工作,经济类（会计、审计）,1,不限,硕士研究生以上,,,,审计类,,,,,,,笔试+面试,编外（不进事业编制）,,,,江苏省卫生健康委员会,差额拨款,编外,面试50%,取得相应学位,025-83291010，025-83291200（传真）杜老师,
1133-355,2026-shengshu,南京,南京中医药大学第二附属医院（江苏省第二中医院）,数据中心工程师,主要从事医院信息化软件项目管理、软件系统的日常运维、沟通临床软件需求，跟踪软件处理进度，验证软件运行测试,计算机类,2,不限,硕士研究生以上,,,,计算机（软件）类,,,,,,,笔试+面试,编外（不进事业编制）,,,,江苏省卫生健康委员会,差额拨款,编外,面试50%,取得相应学位,025-83291010，025-83291200（传真）杜老师,
1134-356,2026-shengshu,苏州,苏州大学附属第一医院,心脏大血管外科秘书,主要从事心脏大血管外科日常事务管理及对外交流合作等相关工作,管理类,1,2026年毕业生,硕士研究生,,,,中文文秘类,,,,大学英语六级,,,笔试+面试,编外（不进事业编制）,,,,江苏省卫生健康委员会,差额拨款,编外,面试50%,取得相应学位；大学英语六级,"0512-67972762、0512-67972729、0512-67972681（传真），
周老师、李老师",
1135-357,2026-shengshu,徐州,徐州医科大学附属医院,信息处医学多模态数据分析工程师,从事医学多模态数据分析工作,计算机类,1,不限,硕士研究生,,,,计算机科学与技术、计算机应用技术、计算机技术、计算机软件与理论、计算机系统结构、大数据技术与工程、软件工程、人工智能、模式识别与智能系统,,,,大学英语六级,,,笔试+面试,编外（不进事业编制）,,,,江苏省卫生健康委员会,差额拨款,编外,面试50%,取得相应学位；大学英语六级,0516-85802121（兼传真），刘老师,
1135-358,2026-shengshu,徐州,徐州医科大学附属医院,后勤管理处,从事院区建设规划等相关工作,其他专技类,1,2026年毕业生,硕士研究生,,,,建筑学、建筑设计及其理论、建筑技术科学、建筑历史与理论,,,,大学英语六级,,,笔试+面试,编外（不进事业编制）,,,,江苏省卫生健康委员会,差额拨款,编外,面试50%,取得相应学位；大学英语六级,0516-85802121（兼传真），刘老师,
1136-359,2026-shengshu,江苏,江苏省原子医学研究所,财务科,从事财务科相关工作,经济类（会计、审计）,1,2026年毕业生,硕士研究生,,,,会计学、会计硕士、审计、审计学、会计与金融,,,,大学英语六级,,,笔试+面试,,,本科毕业专业为会计专业,,江苏省卫生健康委员会,全额拨款,编内,面试50%,取得相应学位；大学英语六级；本科毕业专业为会计专业,0510-85508782、85513113（传真）；联系人：苗老师、奚老师,
1137-360,2026-shengshu,江苏,江苏省太湖康复医院（江苏省太湖健康管理中心）,宣传科,主要负责宣传策划、文创设计、视频剪辑、新媒体运营等。,其他专技类,1,社会人员,硕士研究生,,,,广播电视艺术学、广播电视、美术学、美术、设计学,,,,,,,笔试+面试,,,,,江苏省卫生健康委员会,差额拨款,编内,面试50%,取得相应学位,0510-85550121（电话）、0510-85554062（传真），郑老师。,
1138-361,2026-shengshu,江苏,江苏省海滨康复医院,党政办,从事新闻采编、文字综合、维护医院新媒体平台，短视频制作、宣传等,管理类,1,2026年毕业生,硕士研究生,,,,新闻学、传播学、艺术设计、设计学,,,,,,,笔试+面试,,,,,江苏省卫生健康委员会,差额拨款,编内,面试50%,取得相应学位,电话：0518-81395574、传真：82328581、侯老师,
1138-362,2026-shengshu,江苏,江苏省海滨康复医院,会计,主要从事财务相关工作,经济类（会计、审计）,1,2026年毕业生,硕士研究生,,,,会计学、会计、审计、审计学、会计硕士、会计与金融,,,,大学英语六级,,,笔试+面试,,,本科专业为会计学、会计、审计学、财务管理,,江苏省卫生健康委员会,差额拨款,编内,面试50%,取得相应学位；大学英语六级；本科专业为会计学、会计、审计学、财务管理,电话：0518-81395574、传真：82328581、侯老师,
1139-363,2026-shengshu,江苏,江苏省医学会,办公室,主要从事行政工作及综合文字处理,管理类,1,2026年毕业生,硕士研究生,,,,公共卫生与预防医学、社会医学与卫生事业管理、公共卫生（社会医学与卫生事业管理方向）、公共管理（社会医学与卫生事业管理方向）、卫生事业管理学,,,,大学英语六级,,,笔试+面试,,,,,江苏省卫生健康委员会,全额拨款,编内,面试50%,取得相应学位；大学英语六级,025-83620667、025-83620663（传真），唐老师,
1140-364,2026-shengshu,江苏,江苏医药职业学院,教学秘书,从事医药卫生类专业相关教学调度等教育教学管理工作,管理类,1,不限,硕士研究生以上,,,,医学类、药学类、公共卫生类,,,,,,,笔试+面试,,,,,江苏省卫生健康委员会,全额拨款,纳入编制管理,面试50%,取得相应学位,"滕老师、王老师
电话：0515-88576010
传真：0515-88159499",
1140-365,2026-shengshu,江苏,江苏医药职业学院,国际事务管理,从事合作办学项目管理等相关工作,管理类,1,不限,硕士研究生以上,,,,医学类、药学类、公共卫生类,,,,大学英语六级,,,笔试+面试,,,,,江苏省卫生健康委员会,全额拨款,纳入编制管理,面试50%,取得相应学位；大学英语六级,"滕老师、王老师
电话：0515-88576010
传真：0515-88159499",
1141-366,2026-shengshu,江苏,江苏护理职业学院,纪检监察工作人员,从事纪检监察相关工作,管理类,1,社会人员,硕士研究生以上,,,,审计、审计学、会计、会计学、会计硕士,,,,,,中共党员（含中共预备党员）,笔试+面试,,,,,江苏省卫生健康委员会,全额拨款,纳入编制管理,面试50%,1.取得相应学位；2.中共党员（含中共预备党员）,0517-80329939、80329931（传真），沈老师,
1141-367,2026-shengshu,江苏,江苏护理职业学院,财务工作人员,从事财务相关工作,经济类（会计、审计）,1,2026年毕业生,硕士研究生以上,,,,会计、会计学、会计硕士、财政学（含税收学）、税务,,,,,,,笔试+面试,,,,,江苏省卫生健康委员会,全额拨款,纳入编制管理,面试50%,取得相应学位,0517-80329939、80329931（传真），沈老师,
1142-368,2026-shengshu,江苏,江苏省军队离休退休干部服务中心（江苏省退役军人信息中心）,信息管理,从事信息管理相关工作,管理类,1,2026年毕业生,硕士研究生以上,,,,大数据技术与工程，人工智能，软件工程，计算机科学与技术，计算机应用技术,,,,,,,笔试+面试,,,,,江苏省退役军人事务厅,差额拨款,进编,面试50%,取得相应学位,025-86616609  施雯玉,
1143-369,2026-shengshu,江苏,江苏省退役军人就业创业服务中心（江苏省退役军人人力资源市场）,会计,从事总账会计及财务审计管理工作,经济类（会计、审计）,1,不限,本科以上,,,会计学，财务会计与审计，会计，审计学,会计学，财务会计与审计，会计，审计学,,,具有2年及以上相关工作经历,,,,笔试+面试,,,,,江苏省退役军人事务厅,差额拨款,进编,面试50%,取得相应学位，具有2年及以上相关工作经历,"025-85607008
徐硕辰",
1144-370,2026-shengshu,江苏,江苏省安全生产科学研究院,冶金安全技术研究,从事冶金安全生产智能化风险防控、监测预警等技术与装备研究。,其他专技类,1,社会人员,硕士研究生,,,,冶金工程、有色金属冶金、钢铁冶金、冶金物理化学,,,具有3年及以上冶金企业工艺或安全管理工作经历,,,,笔试+面试,,,,,江苏省应急管理厅,全额拨款,进编,面试50%,1.取得相应学位；2.具有3年及以上冶金企业工艺或安全管理工作经历。,"025-85400551（电话）
025-85411655（传真）
路老师",
1144-371,2026-shengshu,江苏,江苏省安全生产科学研究院,工业自动化及仪器仪表和检测仪器仪表技术研究,从事工业自动化控制系统仿真和研究，自动化系统和检测仪器仪表的设计开发工作。,其他专技类,1,2026年毕业生,硕士研究生以上,,,,电气工程、控制科学与工程、电子信息、检测技术与自动化装置,,,,,,,笔试+面试,,,,,江苏省应急管理厅,全额拨款,进编,面试25%，专业测试25%,取得相应学位,"025-85400551（电话）
025-85411655（传真）
路老师",
1145-372,2026-shengshu,江苏,江苏省安全生产宣传教育中心,综合文字,主要从事文字、综合管理工作。,管理类,1,2026年毕业生,本科以上,,,汉语言文学、汉语言、应用语言学、语言学、语言学及应用语言学、汉语言文字学、公共管理、行政管理,汉语言文学、汉语言、应用语言学、语言学、语言学及应用语言学、汉语言文字学、公共管理、行政管理,,,,,,,笔试+面试,,,,,江苏省应急管理厅,全额拨款,进编,面试50%,取得相应学位,"025-85400619
曹老师",
1145-373,2026-shengshu,江苏,江苏省安全生产宣传教育中心,培训管理,主要从事安全生产专业人才服务工作。,其他专技类,1,2026年毕业生,硕士研究生,,,,化学工程、材料科学与工程、化学工程与技术、化工过程机械、材料与化工、材料工程,,,,,,,笔试+面试,,,,,江苏省应急管理厅,全额拨款,进编,面试50%,取得相应学位,"025-85400619
曹老师",
1145-374,2026-shengshu,江苏,江苏省安全生产宣传教育中心,综合管理,主要从事培训考试等组织管理工作。,管理类,1,社会人员,硕士研究生,,,,公共管理、行政管理、人力资源管理、教育管理、教育领导与管理、社会学、社会工作,,,,,,,笔试+面试,,,,,江苏省应急管理厅,全额拨款,进编,面试50%,取得相应学位,"025-85400619
曹老师",
1145-375,2026-shengshu,江苏,江苏省安全生产宣传教育中心,编辑记者,主要从事应急管理新闻报道和文字编辑工作。,其他专技类,1,社会人员,硕士研究生,,,,新闻学、传播学、新闻传播学、新闻与传播,,,具有2年及以上新闻记者或文字编辑工作经历,,,,笔试+面试,,,,,江苏省应急管理厅,全额拨款,进编,面试50%,1.取得相应学位；2.具有2年及以上新闻记者或文字编辑工作经历。,"025-85400619
曹老师",
1146-376,2026-shengshu,江苏,江苏省应急管理服务中心,财务,主要从事财务、会计、预算管理和审计等相关工作。,经济类（会计、审计）,1,社会人员,本科以上,,,会计、会计学、审计、审计学、财务管理、财务会计与审计,会计、会计学、审计、审计学、财务管理、财务会计与审计,,,具有2年及以上财务工作经历,,,,笔试+面试,,,,,江苏省应急管理厅,全额拨款,1.进编。2.须参与突发事件现场应急通讯保障，并参加24小时值班。,面试50%,1.取得相应学位；2.具有2年及以上财务工作经历。,"025-83332887
关老师",
1147-377,2026-shengshu,江苏,江苏省公共资源交易中心,系统运维岗,负责信息化软硬件运维、信息化项目管理和综合协调等工作。,计算机类,1,社会人员,硕士研究生以上,,,,计算机类,,,有两年及以上信息化工作经验,,,,笔试+面试,,,,,江苏省数据局（江苏省政务服务管理办公室）,全额拨款,经常加班；进编,面试50%,取得相应学位；有两年及以上信息化工作经验。,陈老师，025-83668689,
1148-378,2026-shengshu,南京,江苏省特种设备安全监督检验研究院（院本部）,特种设备检验检测,从事特种设备检验检测及质量管理,其他专技类,1,社会人员,本科以上,,,热能工程，动力工程及工程热物理，安全工程，过程装备与控制工程，化工过程机械,热能工程，动力工程及工程热物理，安全工程，过程装备与控制工程，化工过程机械,,,,大学英语四级以上,,,笔试+面试,,,持有承压类特种设备高级检验师证,,江苏省市场监督管理局,全额拨款,进编；工作地点南京；高空作业,面试50％,取得相应学位；大学英语四级以上；持有承压类特种设备高级检验师证,"吴以山025-89621062
孙培江025-89621010",
1148-379,2026-shengshu,南京,江苏省特种设备安全监督检验研究院（院本部）,特种设备检验检测,从事特种设备检验检测及技术管理,其他专技类,1,社会人员,本科以上,,,机电控制类，机械工程类,机电控制类，机械工程类,,,,大学英语四级以上,,,笔试+面试,,,持有机电类特种设备高级检验师证,,江苏省市场监督管理局,全额拨款,进编；工作地点南京；高空作业,面试50％,取得相应学位；大学英语四级以上；持有机电类特种设备高级检验师证,"吴以山025-89621062
孙培江025-89621010",
1148-380,2026-shengshu,南京,江苏省特种设备安全监督检验研究院（院本部）,特种设备人工智能,从事特种设备相关数据处理、模型构建及应用,计算机类,1,2026年毕业生,博士研究生,,,,人工智能，大数据技术与工程，模式识别与智能系统，智能科学与技术，大数据技术与工程,,,,大学英语六级,,,笔试+面试,,,,,江苏省市场监督管理局,全额拨款,进编；工作地点南京,面试50％,取得相应学位；大学英语六级,"吴以山025-89621062
孙培江025-89621010",
1148-381,2026-shengshu,南京,江苏省特种设备安全监督检验研究院（院本部）,财务会计,从事财务、审计相关工作,经济类（会计、审计）,2,社会人员,本科以上,,,会计学，财务会计与审计，审计学，税收学,会计学，财务会计与审计，审计学，税收学,,,具有2年及上财务相关工作经历,大学英语四级以上,具有中级及以上会计（经济）师职称或持有注册会计师证,,笔试+面试,,,,,江苏省市场监督管理局,全额拨款,进编；工作地点南京,面试50％,取得相应学位；大学英语四级以上；具有2年及上财务相关工作经历；具有中级及以上会计（经济）师职称或持有注册会计师证,"吴以山025-89621062
孙培江025-89621010",
1149-382,2026-shengshu,无锡,江苏省特种设备安全监督检验研究院（无锡分院）,特种设备检验检测,从事特种设备检验检测,其他专技类,1,2026年毕业生,硕士研究生以上,,,,机械工程类，材料工程类，能源动力类,,,,大学英语六级,,,笔试+面试,,,取得相应的学位,,江苏省市场监督管理局,自收自支,进编；工作地点无锡；高空作业,面试50％,取得相应的学位；大学英语六级,"吴以山025-89621062
孙培江025-89621010",
1149-383,2026-shengshu,无锡,江苏省特种设备安全监督检验研究院（无锡分院）,特种设备检验检测,从事特种设备检验检测,其他专技类,1,社会人员,硕士研究生以上,,,,化工过程机械，材料加工工程，热能工程，机械电子工程，控制科学与工程，机械设计及理论，机械制造及其自动化，过程装备与控制工程,,,,大学英语六级；持有特种设备检验检测人员证,,,笔试+面试,,,,,江苏省市场监督管理局,自收自支,进编；工作地点无锡；高空作业,面试50％,取得相应学位；大学英语六级；持有特种设备检验检测人员证,"吴以山025-89621062
孙培江025-89621010",
1149-384,2026-shengshu,无锡,江苏省特种设备安全监督检验研究院（无锡分院）,特种设备检验检测,从事特种设备检验检测,其他专技类,1,社会人员,本科以上,,,机电控制类，机械工程类，材料工程类，能源动力类，基础理学类,机电控制类，机械工程类，材料工程类，能源动力类，基础理学类,,,,大学英语四级以上；持有特种设备检验检测人员证,,,笔试+面试,,,,,江苏省市场监督管理局,自收自支,进编；工作地点无锡；高空作业,面试50％,取得相应学位；大学英语四级以上；持有特种设备检验检测人员证,"吴以山025-89621062
孙培江025-89621010",
1150-385,2026-shengshu,江苏,江苏省特种设备安全监督检验研究院（徐州分院）,特种设备检验检测,从事特种设备检验检测,其他专技类,1,2026年毕业生,本科以上,,,机电控制类，机械工程类，材料工程类，能源动力类，化学工程类,机电控制类，机械工程类，材料工程类，能源动力类，化学工程类,,,,大学英语四级以上,,,笔试+面试,,,,,江苏省市场监督管理局,自收自支,进编；工作地点新沂；高空作业,面试50％,取得相应学位；大学英语四级以上,"吴以山025-89621062
孙培江025-89621010",
1150-386,2026-shengshu,徐州,江苏省特种设备安全监督检验研究院（徐州分院）,特种设备检验检测,从事特种设备检验检测,其他专技类,1,社会人员,本科以上,,,机电控制类，机械工程类，材料工程类，能源动力类，化学工程类,机电控制类，机械工程类，材料工程类，能源动力类，化学工程类,,,,大学英语四级以上；持有特种设备检验检测人员证,,,笔试+面试,,,,,江苏省市场监督管理局,自收自支,进编；工作地点徐州沛县；高空作业,面试50％,取得相应学位；大学英语四级以上；持有特种设备检验检测人员证,"吴以山025-89621062
孙培江025-89621010",
1150-387,2026-shengshu,徐州,江苏省特种设备安全监督检验研究院（徐州分院）,特种设备检验检测,从事特种设备检验检测,其他专技类,1,社会人员,本科以上,,,机电控制类，机械工程类，材料工程类，能源动力类，化学工程类,机电控制类，机械工程类，材料工程类，能源动力类，化学工程类,,,,大学英语四级以上；持有特种设备检验检测人员证,,,笔试+面试,,,,,江苏省市场监督管理局,自收自支,进编；工作地点徐州；高空作业,面试50％,取得相应学位；大学英语四级以上；持有特种设备检验检测人员证,"吴以山025-89621062
孙培江025-89621010",
1151-388,2026-shengshu,常州,江苏省特种设备安全监督检验研究院（常州分院）,特种设备检验检测,从事特种设备检验检测,其他专技类,1,2026年毕业生,硕士研究生以上,,,,机电控制类，机械工程类，材料工程类,,,,大学英语六级,,,笔试+面试,,,,,江苏省市场监督管理局,自收自支,进编；工作地点常州；高空作业,面试50％,取得相应学位；大学英语六级,"吴以山025-89621062
孙培江025-89621010",
1151-389,2026-shengshu,常州,江苏省特种设备安全监督检验研究院（常州分院）,特种设备检验检测,从事特种设备检验检测,其他专技类,1,2026年毕业生,硕士研究生以上,,,,化工过程机械，过程装备与控制工程，热能工程，动力工程及工程热物理,,,,大学英语六级,,,笔试+面试,,,,,江苏省市场监督管理局,自收自支,进编；工作地点常州；高空作业,面试50％,取得相应学位；大学英语六级,"吴以山025-89621062
孙培江025-89621010",
1151-390,2026-shengshu,常州,江苏省特种设备安全监督检验研究院（常州分院）,特种设备检验检测,从事特种设备检验检测,其他专技类,1,社会人员,硕士研究生以上,,,,化工过程机械，过程装备与控制工程，动力工程及工程热物理，动力工程，热能工程，制冷及低温工程，冶金工程，材料科学与工程,,,,大学英语六级；持有特种设备检验检测人员证,,,笔试+面试,,,,,江苏省市场监督管理局,自收自支,进编；工作地点常州；高空作业,面试50％,取得相应学位；大学英语六级；持有特种设备检验检测人员证,"吴以山025-89621062
孙培江025-89621010",
1152-391,2026-shengshu,苏州,江苏省特种设备安全监督检验研究院（苏州分院）,特种设备检验检测,从事特种设备检验检测,其他专技类,1,2026年毕业生,硕士研究生以上,,,,热能工程，动力工程，流体机械及工程，动力工程及工程热物理，化工过程机械,,,,大学英语六级,,,笔试+面试,,,,,江苏省市场监督管理局,自收自支,进编；工作地点苏州；高空作业,面试50％,取得相应学位；大学英语六级,"吴以山025-89621062
孙培江025-89621010",
1152-392,2026-shengshu,苏州,江苏省特种设备安全监督检验研究院（苏州分院）,特种设备检验检测,从事特种设备检验检测,其他专技类,1,社会人员,硕士研究生以上,,,,热能工程，动力工程，流体机械及工程，动力工程及工程热物理，化工过程机械,,,,大学英语六级；持有特种设备检验检测人员证,,,笔试+面试,,,,,江苏省市场监督管理局,自收自支,进编；工作地点苏州；高空作业,面试50％,取得相应学位；大学英语六级；持有特种设备检验检测人员证,"吴以山025-89621062
孙培江025-89621010",
1153-393,2026-shengshu,南通,江苏省特种设备安全监督检验研究院(南通分院),特种设备检验检测,从事特种设备检验检测,其他专技类,1,社会人员,本科以上,,,热能与动力工程，过程装备与控制工程，化工过程机械，化学工程与工艺，材料成型及控制工程，材料加工工程,热能与动力工程，过程装备与控制工程，化工过程机械，化学工程与工艺，材料成型及控制工程，材料加工工程,,,,大学英语四级以上；持有特种设备检验检测人员证,,,笔试+面试,,,,,江苏省市场监督管理局,差额拨款,进编；工作地点南通；高空作业,面试50％,取得相应学位；大学英语四级以上；持有特种设备检验检测人员证,"吴以山025-89621062
孙培江025-89621010",
1153-394,2026-shengshu,南通,江苏省特种设备安全监督检验研究院(南通分院),特种设备检验检测,从事特种设备检验检测,其他专技类,1,社会人员,本科以上,,,机械工程及自动化，机械工程及其自动化，测控技术与仪器，机械设计制造及其自动化，电气工程及其自动化，机械设计及理论,机械工程及自动化，机械工程及其自动化，测控技术与仪器，机械设计制造及其自动化，电气工程及其自动化，机械设计及理论,,,,大学英语四级以上；持有特种设备检验检测人员证,,,笔试+面试,,,,,江苏省市场监督管理局,自收自支,进编；工作地点南通；高空作业,面试50％,取得相应学位；大学英语四级以上；持有特种设备检验检测人员证,"吴以山025-89621062
孙培江025-89621010",
1153-395,2026-shengshu,南通,江苏省特种设备安全监督检验研究院(南通分院),特种设备检验检测,从事特种设备检验检测,其他专技类,2,2026年毕业生,硕士研究生以上,,,,化工过程机械，工程热物理，热能工程，材料加工工程，过程装备与控制工程，动力机械及工程，动力工程及工程热物理，动力工程，能源动力,,,,大学英语六级,,,笔试+面试,,,,,江苏省市场监督管理局,自收自支,进编；工作地点南通；高空作业,面试50％,取得相应学位；大学英语六级,"吴以山025-89621062
孙培江025-89621010",
1154-396,2026-shengshu,连云港,江苏省特种设备安全监督检验研究院（连云港分院）,财务会计,从事财务会计相关工作,经济类（会计、审计）,1,2026年毕业生,本科以上,,,会计学，财务管理，审计学，会计,会计学，财务管理，审计学，会计,,,,大学英语四级以上,,,笔试+面试,,,,,江苏省市场监督管理局,自收自支,进编；工作地点连云港,面试50％,取得相应学位；大学英语四级以上,"吴以山025-89621062
孙培江025-89621010",
1155-397,2026-shengshu,淮安,江苏省特种设备安全监督检验研究院（淮安分院）,特种设备检验检测,从事特种设备检验检测,其他专技类,1,2026年毕业生,硕士研究生以上,,,,动力工程，动力工程及工程热物理，过程装备与控制工程，化工过程机械，机械制造及其自动化，机械设计及理论，机械工程,,,,大学英语六级,,,笔试+面试,,,,,江苏省市场监督管理局,自收自支,进编；工作地点淮安；高空作业,面试50％,取得相应学位；大学英语六级,"吴以山025-89621062
孙培江025-89621010",
1156-398,2026-shengshu,盐城,江苏省特种设备安全监督检验研究院（盐城分院）,特种设备检验检测,从事特种设备检验检测,其他专技类,1,社会人员,本科以上,,,机械设计制造及其自动化，热能与动力工程，电气工程及其自动化，材料科学与工程，自动化，材料成型及控制工程，机械工程及自动化，高分子材料与工程 ，化学工程与工艺,机械设计制造及其自动化，热能与动力工程，电气工程及其自动化，材料科学与工程，自动化，材料成型及控制工程，机械工程及自动化，高分子材料与工程 ，化学工程与工艺,,,,大学英语四级以上；持有特种设备检验检测人员证,,,笔试+面试,,,,,江苏省市场监督管理局,自收自支,进编；工作地点盐城响水县；高空作业,面试50％,取得相应学位；大学英语四级以上；持有特种设备检验检测人员证,"吴以山025-89621062
孙培江025-89621010",
1156-399,2026-shengshu,盐城,江苏省特种设备安全监督检验研究院（盐城分院）,特种设备检验检测,从事特种设备检验检测,其他专技类,1,社会人员,本科以上,,,机械设计制造及其自动化，电气工程及其自动化，焊接技术与工程，电气工程，机械工程,机械设计制造及其自动化，电气工程及其自动化，焊接技术与工程，电气工程，机械工程,,,,大学英语四级以上；持有特种设备检验检测人员证,,,笔试+面试,,,,,江苏省市场监督管理局,自收自支,进编；工作地点盐城滨海县；高空作业,面试50％,取得相应学位；大学英语四级以上；持有特种设备检验检测人员证,"吴以山025-89621062
孙培江025-89621010",
1156-400,2026-shengshu,盐城,江苏省特种设备安全监督检验研究院（盐城分院）,特种设备检验检测,从事特种设备检验检测,其他专技类,1,2026年毕业生,本科以上,,,机械设计制造及其自动化，材料科学与工程，自动化，焊接技术与工程，过程装备与控制工程，油气储运工程 ，智能制造工程,机械设计制造及其自动化，材料科学与工程，自动化，焊接技术与工程，过程装备与控制工程，油气储运工程 ，智能制造工程,,,,大学英语四级以上,,,笔试+面试,,,,,江苏省市场监督管理局,自收自支,进编；工作地点盐城；高空作业,面试50％,取得相应学位；大学英语四级以上,"吴以山025-89621062
孙培江025-89621010",
1157-401,2026-shengshu,扬州,江苏省特种设备安全监督检验研究院（扬州分院）,财务会计,从事财务会计工作,经济类（会计、审计）,1,社会人员,硕士研究生以上,,,,会计学，审计，税务，会计,,,具有2年以上财务相关工作经历,大学英语六级,具有中级及以上会计（经济）师职称或持有注册会计师证,,笔试+面试,,,,,江苏省市场监督管理局,自收自支,进编；工作地点扬州,面试50％,取得相应学位；大学英语六级；具有2年以上财务相关工作经历；具有中级及以上会计（经济）师职称或持有注册会计师证,"吴以山025-89621062
孙培江025-89621010",
1157-402,2026-shengshu,扬州,江苏省特种设备安全监督检验研究院（扬州分院）,特种设备检验检测,从事特种设备检验检测,其他专技类,1,2026年毕业生,硕士研究生以上,,,,化工过程机械，材料加工工程，过程装备与控制工程，动力工程及工程热物理，动力工程，机械工程,,,,大学英语六级,,,笔试+面试,,,,,江苏省市场监督管理局,自收自支,进编；工作地点扬州；高空作业,面试50％,取得相应学位；大学英语六级,"吴以山025-89621062
孙培江025-89621010",
1158-403,2026-shengshu,镇江,江苏省特种设备安全监督检验研究院（镇江分院）,特种设备检验检测,从事特种设备检验检测,其他专技类,3,2026年毕业生,硕士研究生以上,,,,机械工程类，能源动力类,,,,大学英语六级,,,笔试+面试,,,,,江苏省市场监督管理局,自收自支,进编；工作地点镇江；高空作业,面试50％,取得相应学位；大学英语六级,"吴以山025-89621062
孙培江025-89621010",
1158-404,2026-shengshu,镇江,江苏省特种设备安全监督检验研究院（镇江分院）,特种设备检验检测,从事特种设备检验检测,其他专技类,2,社会人员,本科以上,,,热能与动力工程，能源与动力工程，热能工程，动力工程，能源动力，材料科学与工程,热能与动力工程，能源与动力工程，热能工程，动力工程，能源动力，材料科学与工程,,,,大学英语四级以上；持有特种设备检验检测人员证,,,笔试+面试,,,,,江苏省市场监督管理局,自收自支,进编；工作地点镇江；高空作业,面试50％,取得相应学位；大学英语四级以上；持有特种设备检验检测人员证,"吴以山025-89621062
孙培江025-89621010",
1159-405,2026-shengshu,江苏,江苏省特种设备安全监督检验研究院（泰州分院）,特种设备检验检测,从事特种设备检验检测,其他专技类,1,社会人员,本科以上,,,机械工程类，机电控制类，能源动力类，材料工程类，安全生产类,机械工程类，机电控制类，能源动力类，材料工程类，安全生产类,,,,大学英语四级以上；持有特种设备检验检测人员证,,,笔试+面试,,,,,江苏省市场监督管理局,自收自支,进编；工作地点靖江；高空作业,面试50％,取得相应学位；大学英语四级以上；持有特种设备检验检测人员证,"吴以山025-89621062
孙培江025-89621010",
1159-406,2026-shengshu,江苏,江苏省特种设备安全监督检验研究院（泰州分院）,特种设备检验检测,从事特种设备检验检测,其他专技类,1,2026年毕业生,硕士研究生以上,,,,机械工程类，机电控制类，能源动力类，材料工程类,,,,大学英语六级,,,笔试+面试,,,,,江苏省市场监督管理局,自收自支,进编；工作地点泰兴；高空作业,面试50％,取得相应学位；大学英语六级,"吴以山025-89621062
孙培江025-89621010",
1160-407,2026-shengshu,江苏,江苏省特种设备安全监督检验研究院（宜兴分院）,特种设备检验检测,从事特种设备检验检测,其他专技类,1,2026年毕业生,硕士研究生以上,,,,能源动力类，材料工程类,,,,大学英语六级,,,笔试+面试,,,,,江苏省市场监督管理局,自收自支,进编；工作地点宜兴；高空作业,面试50％,取得相应学位；大学英语六级,"吴以山025-89621062
孙培江025-89621010",
1160-408,2026-shengshu,江苏,江苏省特种设备安全监督检验研究院（宜兴分院）,特种设备检验检测,从事特种设备检验检测,其他专技类,1,社会人员,本科以上,,,焊接技术与工程，金属材料工程，材料成型及控制工程，测控技术与仪器，过程装备与控制工程，能源与动力工程，热能与动力工程,焊接技术与工程，金属材料工程，材料成型及控制工程，测控技术与仪器，过程装备与控制工程，能源与动力工程，热能与动力工程,,,,大学英语四级以上；持有特种设备检验检测人员证,,,笔试+面试,,,,,江苏省市场监督管理局,自收自支,进编；工作地点宜兴；高空作业,面试50％,取得相应学位；大学英语四级以上；持有特种设备检验检测人员证,"吴以山025-89621062
孙培江025-89621010",
1161-409,2026-shengshu,江苏,江苏省特种设备安全监督检验研究院（常熟分院）,特种设备检验检测,从事特种设备检验检测,其他专技类,1,2026年毕业生,硕士研究生以上,,,,电气工程，机械制造及其自动化，化工过程机械，材料加工工程，材料科学与工程，仪器科学与技术，测试计量技术及仪器，电子信息,,,,大学英语六级,,,笔试+面试,,,,,江苏省市场监督管理局,自收自支,进编；工作地点常熟；高空作业,面试50％,取得相应学位；大学英语六级,"吴以山025-89621062
孙培江025-89621010",
1162-410,2026-shengshu,江苏,江苏省特种设备安全监督检验研究院（昆山分院）,特种设备检验检测,从事特种设备检验检测,其他专技类,1,2026年毕业生,硕士研究生以上,,,,机电控制类，机械工程类,,,,大学英语六级,,,笔试+面试,,,,,江苏省市场监督管理局,自收自支,进编；工作地点昆山；高空作业,面试50％,取得相应学位；大学英语六级,"吴以山025-89621062
孙培江025-89621010",
1163-411,2026-shengshu,南京,江苏省计量科学研究院（江苏省能源计量数据中心）,计量科学技术研究,从事光学、声学、温度、碳计量等领域产业融合计量科研工作,其他专技类,4,社会人员,博士研究生,,,,光学工程，化学工程与技术，控制理论与控制工程，动力工程及工程热物理,,,,大学英语六级,,,笔试+面试,,,,,江苏省市场监督管理局,全额拨款,进编；工作地点南京,面试50％,取得相应学位；大学英语六级,孙振华025-86435560,
1163-412,2026-shengshu,南京,江苏省计量科学研究院（江苏省能源计量数据中心）,计量科学技术研究,从事碳计量、量子计量等领域产业融合计量科研工作,其他专技类,2,2026年毕业生,博士研究生,,,,粒子物理与原子核物理，大气物理学与大气环境，化学，生物化学与分子生物学，生物物理学,,,,大学英语六级,,,笔试+面试,,,,,江苏省市场监督管理局,全额拨款,进编；工作地点南京,面试50％,取得相应学位；大学英语六级,孙振华025-86435560,
1163-413,2026-shengshu,南京,江苏省计量科学研究院（江苏省能源计量数据中心）,计量科学技术研究,从事低空经济、量子计量等领域产业融合计量科研工作,其他专技类,2,2026年毕业生,博士研究生,,,,计算机科学与技术，电子科学与技术，电气工程，新一代电子信息技术（含量子技术等）,,,,大学英语六级,,,笔试+面试,,,,,江苏省市场监督管理局,全额拨款,进编；工作地点南京,面试50％,取得相应学位；大学英语六级,孙振华025-86435560,
1164-414,2026-shengshu,南京,江苏省质量和标准化研究院,标准研究,从事标准化研究与咨询工作,其他专技类,1,2026年毕业生,硕士研究生以上,,,,工业工程、智能制造技术、纺织材料与纺织品设计、城市规划与设计,,,,大学英语六级,,,笔试+面试,,,,,江苏省市场监督管理局,全额拨款,进编；工作地点南京,面试50％,取得相应学位；大学英语六级,纪霞025-86632991,
1164-415,2026-shengshu,南京,江苏省质量和标准化研究院,AI算法工程师,从事AI技术研发与应用，算法优化与智能系统开发,计算机类,1,2026年毕业生,本科以上,,,人工智能、人工智能工程技术、大数据技术与工程、计算机软件与理论,人工智能、人工智能工程技术、大数据技术与工程、计算机软件与理论,,,,大学英语四级,,,笔试+面试,,,,,江苏省市场监督管理局,全额拨款,进编；工作地点南京,面试50％,取得相应学位；大学英语四级,纪霞025-86632991,
1165-416,2026-shengshu,南京,江苏省纺织产品质量监督检验研究院,信息化管理,从事检验检测数字化、智能化提升工作,计算机类,1,社会人员,硕士研究生以上,,,,大数据技术与工程，人工智能，软件工程，模式识别与智能系统,,,具有2年以上相关工作经历,大学英语六级,,,笔试+面试,,,本科为计算机类专业并取得相应学位,,江苏省市场监督管理局,全额拨款,进编；工作地点南京,面试50％,取得相应学位；大学英语六级；本科为计算机类专业并取得相应学位；具有2年以上相关工作经历,徒晓茜025-85778537,
1166-417,2026-shengshu,南京,江苏省市场监督管理局数据中心,财务会计,从事事业单位财务会计、审计工作,经济类（会计、审计）,1,2026年毕业生,硕士研究生以上,,,,会计学、会计、会计硕士、审计、会计与金融,,,,大学英语六级,,,笔试+面试,,,本科为财务财会类专业并取得相应学位,,江苏省市场监督管理局,全额拨款,进编；工作地点南京,面试50％,取得相应学位；大学英语六级；本科为财务财会类专业并取得相应学位,宋方方025-86916196,
1166-418,2026-shengshu,南京,江苏省市场监督管理局数据中心,数据应用分析,从事数据应用分析与数据资源管理工作,计算机类,1,社会人员,硕士研究生以上,,,,大数据技术与工程，人工智能，软件工程，信息安全,,,,大学英语六级,,,笔试+面试,,,本科为计算机类专业并取得相应学位；具有数字经济（电子信息、大数据、人工智能）工程中级及以上职称或中级及以上计算机技术与软件专业技术资格,,江苏省市场监督管理局,全额拨款,进编；工作地点南京,面试50%,取得相应学位；大学英语六级；本科为计算机类专业并取得相应学位；具有数字经济（电子信息、大数据、人工智能）工程中级及以上职称或中级及以上计算机技术与软件专业技术资格,宋方方025-86916196,
1167-419,2026-shengshu,南京,江苏省消费者权益保护委员会秘书处,财务会计,从事财务会计工作,工勤类,1,2026年毕业生,本科以上,,,会计、会计学、审计学、审计、财务管理、财务会计与审计,会计、会计学、审计学、审计、财务管理、财务会计与审计,,,,大学英语四级,,,笔试+面试,,,,,江苏省市场监督管理局,差额拨款,进编；工作地点南京,面试50％,取得相应学位；大学英语四级,"季燕025-
83736570",
1168-420,2026-shengshu,南京,江苏省计算机系统工程测试中心,人工智能科研岗,从事声学、机器人等人工智能产品与技术测评研究工作,计算机类,1,2026年毕业生,博士研究生,,,,人工智能，模式识别与智能系统，计算机科学与技术，计算机技术,,,,大学英语六级,,,笔试+面试,,,,,江苏省市场监督管理局,自收自支,进编；工作地点南京,面试50％,取得相应学位；大学英语六级,孙振华025-86435560,
1169-421,2026-shengshu,江苏,江苏省体育局训练中心,人事管理,从事人事管理相关工作,管理类,1,2026年毕业生,硕士研究生,,,,公共管理类、社会政治类、中文文秘类,,,,,,,笔试+面试,,,,,江苏省体育局,全额拨款,进编,面试50%,取得相应学位,"冯老师
025-85788036",
1170-422,2026-shengshu,江苏,江苏省社会体育管理中心（江苏省健身气功管理办公室）,行政事务管理,负责社会体育管理、党建及党风廉政建设、对外联络交流、文字材料等工作。,其他专技类,1,2026年毕业生,硕士研究生以上,,,,法学、体育人文社会学、体育学、社会体育指导,,,,大学英语六级,,中共党员,笔试+面试,,,,,江苏省体育局,全额拨款,进编,面试50%,1.取得相应学位；2.中共党员；3.大学英语六级,"封老师
025-51889163",
1171-423,2026-shengshu,江苏,江苏省体育产业指导中心（江苏省体育产业研究院）,体育产业管理,体育产业政策研究、体育产业统计、消费调查等工作，需具有较好的文字功底。,管理类,1,2026年毕业生,硕士研究生以上,,,,国民经济学、区域经济学、产业经济学、统计学、企业管理、工商管理、公共管理、民商法学、经济法学,,,,,,,笔试+面试,,,,,江苏省体育局,自收自支,进编,面试50%,,"夏老师
025-51889610",
1172-424,2026-shengshu,江苏,江苏省体育彩票管理中心,计算机技术,技术系统网络建设和日常管理，技术系统网络安全。,管理类,1,不限,硕士研究生以上,,,,计算机类、计算机（软件）类、计算机（网络管理）类,,,,,,,笔试+面试,,,,,江苏省体育局,自收自支,进编,面试50%,取得相应学位,"王老师
025-51886120",
1172-425,2026-shengshu,江苏,江苏省体育彩票管理中心,数据统计分析,产品研究、数据统计分析。,管理类,1,2026年毕业生,硕士研究生以上,,,,统计类,,,,,,,笔试+面试,,,,,江苏省体育局,自收自支,进编,面试50%,取得相应学位,"王老师
025-51886120",
1173-426,2026-shengshu,江苏,江苏省体育人才流动服务中心 （江苏省体育行业特有工种职业技能鉴定站）,综合管理,文字文稿、数据统计、综合管理。,其他专技类,1,2026年毕业生,本科以上,,,计算机类、公共管理类、经济类,计算机类、公共管理类、经济类,,,,,,,笔试+面试,,,,,江苏省体育局,自收自支,进编,面试50%,取得相应学位,"张老师
025-51889232",
1174-427,2026-shengshu,江苏,江苏省五台山体育中心,信息化管理,从事场馆信息化建设、智慧场馆系统运维管理、网络管理、数据库管理与信息安全管理、硬件及网络维护工作。,计算机类,1,社会人员,本科以上,,,计算机（软件）类、计算机（网络管理）类 、电子与计算机工程、计算机及应用、数据科学、计算机应用工程、系统工程、通信工程,计算机（软件）类、计算机（网络管理）类 、电子与计算机工程、计算机及应用、数据科学、计算机应用工程、系统工程、通信工程,,,,,,,笔试+面试,,,本科阶段需为招考专业并取得相应学位；具有3年及以上信息系统的项目规划管理、技术开发、系统运维、信息化平台建设相关工作经历,,江苏省体育局,差额拨款,进编,面试50%,1.本科阶段需为招考专业并取得相应学位；2.具有3年及以上信息系统的项目规划管理、技术开发、系统运维、信息化平台建设相关工作经历。,华老师     025-51889559,
1174-428,2026-shengshu,江苏,江苏省五台山体育中心,人力资源管理,从事人员、薪资、绩效管理、人事档案管理等人力资源相关工作。,管理类,1,2026年毕业生,硕士研究生,,,,民商法学（含：劳动法学、社会保障法学）、企业管理、人力资源管理、工商管理、行政管理、公共管理、档案学,,,,,,中共党员,笔试+面试,,,,,江苏省体育局,差额拨款,进编,面试50%,1.取得相应学位；2.中共党员。,华老师     025-51889559,
1174-429,2026-shengshu,江苏,江苏省五台山体育中心,工程管理,从事体育场馆基建工程测绘测量、现场管理及施工观测、竣工验收、项目预决算、资料整理等相关工作（具体工作待人员到岗后视残疾程度确定）。,工勤类,1,残疾人,本科以上,,,建筑与土木工程、土木工程、建筑学、结构工程、建筑设计及其理论、工程管理、项目管理、工程造价,建筑与土木工程、土木工程、建筑学、结构工程、建筑设计及其理论、工程管理、项目管理、工程造价,,,,,,,笔试+面试,②视力残疾4级或相应残疾情形的军残，且较好眼矫正视力0.2（含）以上；残疾人岗位,,具备正常履行岗位职责的身体条件，符合下列情形之一：①听力残疾3～4级或军残5～8级,,江苏省体育局,差额拨款,进编；在场馆施工、修缮期间，根据工作需要有夜班。,面试50%,1.取得相应学位；2.具备正常履行岗位职责的身体条件，符合下列情形之一：①听力残疾3～4级或军残5～8级；②视力残疾4级或相应残疾情形的军残，且较好眼矫正视力0.2（含）以上。,华老师     025-51889559,
1175-430,2026-shengshu,江苏,江苏棋院（省棋牌运动管理中心）,综合管理,从事相关体育项目文化建设、信息宣传、外事活动、赛事活动管理等综合管理工作。,管理类,1,2026年毕业生,硕士研究生,,,,法律类、经济类、中文文秘类、公共管理类,,,,大学英语六级,,,笔试+面试,,,,,江苏省体育局,差额拨款,进编；长期出差。,面试50%,1.取得相应学位；2.大学英语六级,"杨老师
025-51888638",
1175-431,2026-shengshu,江苏,江苏棋院（省棋牌运动管理中心）,运动队管理,从事运动队党建、思想政治教育、训练竞赛管理等工作。,管理类,1,社会人员,硕士研究生,,,,应用心理学、运动训练、体育教育训练学、思想政治教育,,,具有3年以上专业运动队相关管理工作经历,,,中共党员,笔试+面试,,,,,江苏省体育局,差额拨款,进编；长期跟运动队出差；笔试成绩合格人员中，成绩从高到低按1∶5（不足该比例按实际人数）确定专业测试人选；在专业测试成绩合格人员中，按笔试+专业测试成绩从高到低按1∶3确定面试人选。,专业测试20%，面试30%,1.取得相应学位；2.中共党员；3.具有3年以上专业运动队相关管理工作经历。,"杨老师
025-51888638",
1176-432,2026-shengshu,江苏,江苏省民防指挥信息保障中心,网络智能化,从事通信网络基础设施运维保障工作,计算机类,1,2026年毕业生,研究生,,,,人工智能、软件工程、大数据技术与工程、网络与信息安全,,,,,,,笔试+面试,,,,,江苏省国防动员办公室,全额拨款,进编,面试50%,取得相应学位,025-86339879，孙峰,
1176-433,2026-shengshu,江苏,江苏省民防指挥信息保障中心,通信建设与保障,从事通信系统、数据中心、云平台的规划、建设、运维工作,其他专技类,1,2026年毕业生,研究生,,,,信息与通信工程、通信工程（含宽带网络、移动通信等）、电子与通信工程、通信与信息系统,,,,,,,笔试+面试,,,,,江苏省国防动员办公室,全额拨款,进编,面试50%,取得相应学位,025-86339879，孙峰,
1177-434,2026-shengshu,江苏,江苏省人防工程标准定额站,工程管理,从事工程定额（造价管理）工作,其他专技类,1,社会人员,本科以上,,,供热、供燃气、通风及空调工程，防灾减灾工程及防护工程，建筑与土木工程，土木工程，工程管理,供热、供燃气、通风及空调工程，防灾减灾工程及防护工程，建筑与土木工程，土木工程，工程管理,,,有两年工作经历,,,,笔试+面试,,,,,江苏省国防动员办公室,全额拨款,进编,面试50%,取得相应学位，有两年工作经历,025-86339879，孙峰,
1178-435,2026-shengshu,江苏,江苏省知识产权保护中心（江苏省专利信息服务中心）,专利预审,承担高端装备领域发明和实用新型专利预审工作,其他专技类,1,2026年毕业生,硕士研究生以上,,,,电力系统及其自动化、电力电子与电力传动、模式识别与智能系统、集成电路工程,,,,大学英语六级,,,笔试+面试,,,,,江苏省知识产权局,全额拨款,进编,面试50%,1.取得相应学位；2.大学英语六级。,025-83238219，王老师,
1178-436,2026-shengshu,江苏,江苏省知识产权保护中心（江苏省专利信息服务中心）,软件开发管理,承担知识产权大数据应用场景拓展开发、信息化系统规划设计及开发管理等工作,计算机类,1,社会人员,硕士研究生以上,,,,大数据技术与工程，人工智能，模式识别与智能系统，智能科学与技术,,,具有3年以上大数据平台开发、计算机视觉算法研发、智能系统设计等相关工作经验,大学英语六级,,,笔试+面试,,,,,江苏省知识产权局,全额拨款,进编,面试50%,1.取得相应学位；2.大学英语六级；3.具有3年以上大数据平台开发、计算机视觉算法研发、智能系统设计等相关工作经验。,025-83238219，王老师,
1178-437,2026-shengshu,江苏,江苏省知识产权保护中心（江苏省专利信息服务中心）,快速维权,承担涉外知识产权纠纷应对和海外知识产权维权援助的管理服务工作,法律类,1,不限,硕士研究生以上,,,,法学、法律、知识产权、国际法,,,,取得国家法律职业资格证书（A类）；大学英语六级,,,笔试+面试,,,,,江苏省知识产权局,全额拨款,进编,面试50%,1.取得国家法律职业资格证书（A类）；2.大学英语六级；3.取得相应学位。,025-83238219，王老师,
1179-438,2026-shengshu,江苏,江苏省粮油质量监测中心,粮油质检,从事粮油（食品）检验监测、化学分析、仪器分析、协助质量安全管理,其他专技类,1,社会人员,硕士研究生以上,,,,食品科学、食品科学与工程、食品工程、食品加工与安全,,,具有3年及以上粮油食品检测相关工作经验,,具有食品工程类中级及以上专业技术职称,,笔试+面试,,,,,江苏省粮食和物资储备局,全额拨款,进编；工作条件艰苦，适应经常性出差、粮库攀爬等工作。,面试50%,1.取得相应学位；2.具有食品工程类中级及以上专业技术职称；3.具有3年及以上粮油食品检测相关工作经验。,联系电话：025-83422675，联系人：王飞,
1180-439,2026-shengshu,江苏,江苏粮油商品交易市场,信息化与物流管理,从事物流管理信息化、信息系统运维等相关工作,管理类,1,不限,本科以上,,,计算机科学与技术、通信工程、控制科学与工程、物流管理、物流与供应链管理,计算机科学与技术、通信工程、控制科学与工程、物流管理、物流与供应链管理,,,,,,,笔试+面试,,,,,江苏省粮食和物资储备局,自收自支,进编,面试50%,取得相应学位。,联系电话：025-83422675，联系人：王飞,
1180-440,2026-shengshu,江苏,江苏粮油商品交易市场,品牌推广,从事粮食品牌推广等工作,管理类,1,2026年毕业生,本科以上,,,汉语言文学、传播学、广告学、网络与新媒体,汉语言文学、传播学、广告学、网络与新媒体,,,,,,,笔试+面试,,,,,江苏省粮食和物资储备局,自收自支,进编,面试50%,取得相应学位。,联系电话：025-83422675，联系人：王飞,
1180-441,2026-shengshu,江苏,江苏粮油商品交易市场,科技成果转化与管理,负责粮食行业政策研究与资源整合、科技成果评估、技术合作及产业化对接，推动科技成果转化,其他专技类,1,社会人员,本科以上,,,食品科学、食品质量与安全、粮食工程、食品工程技术、食品科学与工程,食品科学、食品质量与安全、粮食工程、食品工程技术、食品科学与工程,,,具有3年及以上从事成果转化相关工作经历,,具有食品工程类中级及以上专业技术职称,,笔试+面试,,,,,江苏省粮食和物资储备局,自收自支,进编,面试50%,1.取得相应学位；2.具有食品工程类中级及以上专业技术职称；3.具有3年及以上从事成果转化相关工作经历。,联系电话：025-83422675，联系人：王飞,
1181-442,2026-shengshu,江苏,江苏省供销社机关服务中心,审计,从事审计等工作,经济类（会计、审计）,1,2026年毕业生,硕士研究生以上,,,,审计类,,,,,,,笔试+面试,,,,,江苏省供销合作总社,自收自支,进编,面试50%,取得相应学位,陶鑫                025-83459602,
1181-443,2026-shengshu,江苏,江苏省供销社机关服务中心,财务会计,从事财务管理、会计、资产评估等工作,经济类（会计、审计）,1,2026年毕业生,硕士研究生以上,,,,会计学，会计，财政学，会计与金融，会计硕士,,,,,,,笔试+面试,,,,,江苏省供销合作总社,自收自支,进编,面试50%,取得相应学位,陶鑫                025-83459602,
1182-444,2026-shengshu,江苏,江苏省森林资源监测中心,专业技术,从事单位账务处理、报表编制、资金管理及财务核算，税务申报与财务档案整理等,经济类（会计、审计）,1,2026年毕业生,本科以上,,,会计学、财务管理、财务会计与审计、会计,会计学、财务管理、财务会计与审计、会计,,,,,,,笔试+面试,,,,,江苏省林业局,全额拨款,进编,面试50%,取得相应学位,电话：025-86275286，联系人：许老师,
1183-445,2026-shengshu,江苏,江苏省药品监督检验研究院,药品检验1,从事药品、疫苗质量检验、检测及相关科学研究,其他专技类,2,2026年毕业生,研究生,,,,药物分析学、药物化学、药剂学、药学,,,,,,,笔试+面试,,,,,江苏省药品监督管理局,全额拨款,进编,技能操作30%，面试20%,取得相应学位,025-86251023李老师,
1183-446,2026-shengshu,江苏,江苏省药品监督检验研究院,药品检验2,从事药品、疫苗质量检验、检测及相关科学研究,其他专技类,2,不限,研究生,,,,药物分析学、药物化学、药剂学、药学,,,,,,,笔试+面试,,,,,江苏省药品监督管理局,全额拨款,进编,技能操作30%，面试20%,取得相应学位,025-86251023李老师,
1183-447,2026-shengshu,江苏,江苏省药品监督检验研究院,化妆品检验,从事化妆品质量检验、检测,其他专技类,1,不限,研究生,,,,中药学、生药学、药物分析学、分析化学,,,,,,,笔试+面试,,,,,江苏省药品监督管理局,全额拨款,进编,技能操作30%，面试20%,取得相应学位,025-86251023李老师,
1184-448,2026-shengshu,江苏,江苏省药品监督管理局审评中心,药品审评员（1）,从事药品审评、备案审查等工作,其他专技类,1,2026年毕业生,研究生,,,,药物化学、药剂学、药物分析学、药学、制药工程、化学、化学工程与技术、化学工程、材料物理与化学,,,,,,,笔试+面试,,,取得相应学位2.大学英语六级,,江苏省药品监督管理局,全额拨款,进编,面试50%,1.取得相应学位2.大学英语六级,"025-84533381李老师
025-83209393王老师",
1184-449,2026-shengshu,江苏,江苏省药品监督管理局审评中心,药品审评员（2）,从事药品审评、备案审查等工作,其他专技类,1,社会人员,研究生,,,,中药学、中药分析学、中药制剂学、中药药理学、中药资源学、中药炮制学、中药化学、生药学,,,,,,,笔试+面试,,,取得相应学位2.大学英语六级3.具有连续2年及以上中药药学研发、药品审评、药品核查或药品检验工作经历,,江苏省药品监督管理局,全额拨款,进编,面试50%,1.取得相应学位2.大学英语六级3.具有连续2年及以上中药药学研发、药品审评、药品核查或药品检验工作经历,"025-84533381李老师
025-83209393王老师",
1185-450,2026-shengshu,江苏,江苏省药品监督管理局审核查验中心,药品检查员,从事药品检查工作,其他专技类,1,社会人员,研究生,,,,药物化学、药剂学、生药学、药物分析学、微生物与生化药学、中药学、药学、制药工程,,,取得相应学位2.具有三年及以上药品生产、药品生产检查工作经历,,,,笔试+面试,,,,,江苏省药品监督管理局,全额拨款,进编；长期出差,技能考核30%，面试20%,1.取得相应学位2.具有三年及以上药品生产、药品生产检查工作经历,025-68770132张老师,
1185-451,2026-shengshu,江苏,江苏省药品监督管理局审核查验中心,疫苗、生物制品检查员,从事疫苗、生物制品检查工作,其他专技类,1,2026年毕业生,研究生,,,,微生物与生化药学、生物化学与分子生物学、细胞生物学、药理学、微生物学、生物化工、生物工程、生物医学工程、遗传学、免疫学、化学工程、药物化学、药剂学、药物分析学、药学、制药工程,,,,,,,笔试+面试,,,,,江苏省药品监督管理局,全额拨款,进编；长期出差,面试50%,取得相应学位,025-68770132张老师,
1186-452,2026-shengshu,徐州,江苏省徐州医药高等职业学校,人事管理员,从事学校人事管理及人事档案管理工作,管理类,1,2026年毕业生,研究生,,,,人力资源管理、行政管理、公共管理、公共管理学、公共管理硕士,,,,,,,笔试+面试,编外（不进事业编制）,,取得相应学位2.要求本科专业为人力资源管理、档案学、档案管理、行政管理、行政管理学、公共管理、公共事业管理,,江苏省药品监督管理局,全额拨款,编外，工作地点：徐州,面试50%,1.取得相应学位2.要求本科专业为人力资源管理、档案学、档案管理、行政管理、行政管理学、公共管理、公共事业管理,"电话：051682559012
传真：051682559010
联系人：王老师、张老师",
1186-453,2026-shengshu,徐州,江苏省徐州医药高等职业学校,档案管理员,从事学校综合档案管理和资料整理、文字撰写等工作,管理类,1,2026年毕业生,研究生,,,,档案学、图书情报与档案管理、信息资源管理、行政管理,,,,,,,笔试+面试,编外（不进事业编制）,,取得相应学位2.要求本科专业为档案管理、信息资源管理、档案学、行政管理、行政管理学、高级文秘,,江苏省药品监督管理局,全额拨款,编外，工作地点：徐州,面试50%,1.取得相应学位2.要求本科专业为档案管理、信息资源管理、档案学、行政管理、行政管理学、高级文秘,"电话：051682559012
传真：051682559010
联系人：王老师、张老师",
1186-454,2026-shengshu,徐州,江苏省徐州医药高等职业学校,资产管理员,从事学校资产管理和招标采购资料管理等工作（具体工作待人员到岗后视残疾程度确定）,管理类,1,残疾人,研究生,,,,财政学、资产评估、审计、审计学、金融学、会计与金融,,,,,,,笔试+面试,视力残疾4级或相应残疾情形的军残，且较好眼矫正视力0.2（含）以上；残疾人岗位；编外（不进事业编制）,,取得相应学位2.要求本科专业为财政学、资产评估、审计学、工程审计、金融学、采购管理、工程造价、工程造价管理3.具备正常履行岗位职责的身体条件4.听力、肢体残疾3-4级或军残5-8级,,江苏省药品监督管理局,全额拨款,编外，工作地点：徐州,面试50%,1.取得相应学位2.要求本科专业为财政学、资产评估、审计学、工程审计、金融学、采购管理、工程造价、工程造价管理3.具备正常履行岗位职责的身体条件4.听力、肢体残疾3-4级或军残5-8级；视力残疾4级或相应残疾情形的军残，且较好眼矫正视力0.2（含）以上,"电话：051682559012
传真：051682559010
联系人：王老师、张老师",
1187-455,2026-shengshu,江苏,江苏省血吸虫病防治研究所,援外项目管理,主要从事援外法语培训班项目管理、培训和带教工作,管理类,1,2026年毕业生,硕士研究生,,,,法语语言文学、法语笔译、法语口译、翻译（法语方向）,,,,取得法语专业八级证书,,,笔试+面试,,,本科为法语专业,,江苏省疾病预防控制局,全额拨款,编内,实践能力考核25%，面试25%,1、取得相应学位；2、本科为法语专业；3、取得法语专业八级证书,薛老师、李老师，联系电话：0510-68781010，传真：0510-85510263,
1187-456,2026-shengshu,江苏,江苏省血吸虫病防治研究所,基建工程,从事基建工程的项目施工管理及监理工作,管理类,1,不限,硕士研究生,,,,土木工程、建筑与土木工程、工程管理、项目管理,,,,具有“一级建造师”执业资格证书（建筑工程、机电工程）,,,笔试+面试,,,具有2年及以上建筑工程施工管理经历,,江苏省疾病预防控制局,全额拨款,编内，需长期户外工作,面试50%,1、取得相应学位；2、具有“一级建造师”执业资格证书（建筑工程、机电工程）；3、具有2年及以上建筑工程施工管理经历,薛老师、李老师，联系电话：0510-68781010，传真：0510-85510263,
1188-457,2026-shengshu,江苏,江苏省地质调查研究院,网络安全和信息化建设,从事网络安全和信息化建设、数据中心和算力中心建设运行维护、卫星地面站运行维护。（专业技术十二级岗位。）,计算机类,1,2026年毕业生,硕士研究生以上,,,,网络与信息安全、网络空间安全、信息安全、信息与通信工程、通信工程（含宽带网络、移动通信等）、大数据技术与工程,,,,,,,笔试+面试,,,,,江苏省地质局,全额拨款,进编；工作地点：南京,面试50%,取得相应学位,"025-51816428
陆老师",
1189-458,2026-shengshu,江苏,江苏省地质局第六地质大队,实验分析,从事实验室化学分析工作。,其他专技类,1,2026年毕业生,硕士研究生以上,,,,有机化学、分析化学、应用化学、高分子化学与物理,,,,,,,笔试+面试,,,,,江苏省地质局,全额拨款,进编；单位驻地：连云港,面试50%,取得相应学位,"0518-81176010
武老师",
1189-459,2026-shengshu,江苏,江苏省地质局第六地质大队,地质科普宣传岗,从事地质科普宣传讲解、设计、综合文字相关工作。,其他专技类,1,不限,本科以上,,,新闻学、传播学、新闻与传播、新闻传播学、环境设计、环境艺术设计、广播电视学、广播电视,新闻学、传播学、新闻与传播、新闻传播学、环境设计、环境艺术设计、广播电视学、广播电视,,,,,,,笔试+面试,,,,,江苏省地质局,全额拨款,进编；单位驻地：连云港,面试50%,取得相应学位,0518-81176010武老师,
1190-460,2026-shengshu,江苏,江苏省地质局大数据中心,地质大数据系统开发岗,从事地质大数据管理系统平台前后端及移动端开发相关工作。,计算机类,1,2026年毕业生,硕士研究生以上,,,,计算机（软件）类,,,,,,,笔试+面试,,,,,江苏省地质局,全额拨款,进编；工作地点：南京,面试50%,取得相应学位,"025-84688262
王老师",
1191-461,2026-shengshu,江苏,财务处（招标办）,财务,主要从事会计及财会管理相关工作。,经济类（会计、审计）,1,不限,本科,,,会计学、会计、财务会计与审计、财务管理,,,,,,,,笔试+面试,,,,,江苏省中国科学院植物研究所,全额拨款,进编,面试50%,取得相应学位,025-84347030陈泽群,
1192-462,2026-shengshu,江苏,国家税务总局江苏省税务局信息中心,信息化综合岗位,负责税收信息化综合管理有关工作，包括但不限于行政管理、项目管理、资产管理、信息系统运维等有关工作,计算机类,2,2026年毕业生,本科以上,,,本科：计算机科学与技术、软件工程、人工智能、人工智能工程技术、计算机软件、计算机应用软件（上述专业是对使用本科学历报名人员的专业要求）研究生：计算机应用技术、计算机技术、计算机科学与技术、软件工程、计算机软件与理论、大数据技术与工程、计算机系统结构、人工智能,本科：计算机科学与技术、软件工程、人工智能、人工智能工程技术、计算机软件、计算机应用软件（上述专业是对使用本科学历报名人员的专业要求）研究生：计算机应用技术、计算机技术、计算机科学与技术、软件工程、计算机软件与理论、大数据技术与工程、计算机系统结构、人工智能,,,,,,,笔试+面试,,,,,国家税务总局江苏省税务局,全额拨款,进编,面试50%,取得相应学位,"025-83101999；
赵雅芝",
1192-463,2026-shengshu,江苏,国家税务总局江苏省税务局信息中心,信息安全管理岗位（一）,负责信息安全管理等专业技术有关工作,计算机类,2,2026年毕业生,本科以上,,,本科：信息安全、网络空间安全、信息安全与管理、密码科学与技术、信息对抗技术（上述专业是对使用本科学历报名人员的专业要求）研究生：网络空间安全、网络与信息安全、信息安全、信息与通信工程,本科：信息安全、网络空间安全、信息安全与管理、密码科学与技术、信息对抗技术（上述专业是对使用本科学历报名人员的专业要求）研究生：网络空间安全、网络与信息安全、信息安全、信息与通信工程,,,,,,,笔试+面试,,,,,国家税务总局江苏省税务局,全额拨款,进编,面试50%,取得相应学位,,
1192-464,2026-shengshu,江苏,国家税务总局江苏省税务局信息中心,信息安全管理岗位（二）,负责信息安全管理等专业技术有关工作,计算机类,2,社会人员,本科以上,,,本科：网络工程、物联网工程、信息安全、计算机科学与技术、信息管理与信息系统、网络空间安全、计算机技术及其应用、物联网工程技术、网络工程技术、信息安全与管理、传感网技术、信息工程、信息与计算科学、保密技术（上述专业是对使用本科学历报名人员的专业要求）研究生：网络空间安全、网络与信息安全、信息安全、信息与通信工程,本科：网络工程、物联网工程、信息安全、计算机科学与技术、信息管理与信息系统、网络空间安全、计算机技术及其应用、物联网工程技术、网络工程技术、信息安全与管理、传感网技术、信息工程、信息与计算科学、保密技术（上述专业是对使用本科学历报名人员的专业要求）研究生：网络空间安全、网络与信息安全、信息安全、信息与通信工程,,,具有3年及以上网络安全有关工作从业经历,,,,笔试+面试,,,具有注册数据安全治理专业人员（CISP-DSG）或注册信息安全工程师（CISE）或注册信息安全管理人员（CISO）或注册渗透测试工程师（CISP-PTE）证书,,国家税务总局江苏省税务局,全额拨款,进编,面试50%,（1）取得相应学位；（2）具有3年及以上网络安全有关工作从业经历；（3）具有注册数据安全治理专业人员（CISP-DSG）或注册信息安全工程师（CISE）或注册信息安全管理人员（CISO）或注册渗透测试工程师（CISP-PTE）证书。,,
1192-465,2026-shengshu,江苏,国家税务总局江苏省税务局信息中心,信息化技术管理岗位,负责新技术在税收领域的应用等有关工作,计算机类,2,社会人员,研究生,,,,软件工程、模式识别与智能系统、计算机软件与理论、人工智能、大数据技术与工程,,,具有3年及以上信息化项目建设、管理等相关从业经历,,,,笔试+面试,,,,,国家税务总局江苏省税务局,全额拨款,进编,面试50%,（1）取得相应学位；（2）具有3年及以上信息化项目建设、管理等相关从业经历。,,
1192-466,2026-shengshu,江苏,国家税务总局江苏省税务局信息中心,信息系统管理岗位（一）,负责信息系统的主机、数据库、中间件、应用软件的监控、优化和维护有关工作,计算机类,2,社会人员,本科以上,,,本科：计算机科学与技术、软件工程、计算机软件、计算机应用软件（上述专业是对使用本科学历报名人员的专业要求）研究生：计算机应用技术、计算机技术、计算机科学与技术、软件工程、计算机软件与理论,本科：计算机科学与技术、软件工程、计算机软件、计算机应用软件（上述专业是对使用本科学历报名人员的专业要求）研究生：计算机应用技术、计算机技术、计算机科学与技术、软件工程、计算机软件与理论,,,具有3年及以上信息化项目建设、管理等相关从业经历,,,,笔试+面试,,,,,国家税务总局江苏省税务局,全额拨款,进编,面试50%,（1）取得相应学位；（2）具有3年及以上信息化项目建设、管理等相关从业经历。,,
1192-467,2026-shengshu,江苏,国家税务总局江苏省税务局信息中心,信息系统管理岗位（二）,负责信息系统的主机、数据库、中间件、应用软件的监控、优化和维护有关工作,计算机类,8,2026年毕业生,本科以上,,,本科：计算机科学与技术、软件工程、计算机软件、计算机应用软件（上述专业是对使用本科学历报名人员的专业要求）研究生：计算机应用技术、计算机技术、计算机科学与技术、软件工程、计算机软件与理论,本科：计算机科学与技术、软件工程、计算机软件、计算机应用软件（上述专业是对使用本科学历报名人员的专业要求）研究生：计算机应用技术、计算机技术、计算机科学与技术、软件工程、计算机软件与理论,,,,,,,笔试+面试,,,,,国家税务总局江苏省税务局,全额拨款,进编,面试50%,取得相应学位,,
1193-468,2026-shengshu,江苏,国家税务总局江苏省税务局机关服务中心,后勤技术岗位,负责基建工程、房屋维修管理、机电设施运行维护等有关工作,其他专技类,1,2026年毕业生,本科以上,,,本科：建筑工程类、机电控制类（上述专业是对使用本科学历报名人员的专业要求）研究生：建筑工程类、机电控制类,本科：建筑工程类、机电控制类（上述专业是对使用本科学历报名人员的专业要求）研究生：建筑工程类、机电控制类,,,,,,,笔试+面试,,,,,国家税务总局江苏省税务局,全额拨款,进编,面试50%,取得相应学位,,
1194-469,2026-shengshu,江苏,国家税务总局江苏省税务局税收科学研究所,税收政策研究岗位,负责税务理论与政策研究、税费征管课题调研、数据统计分析等有关工作,管理类,2,2026年毕业生,研究生,,,,应用经济学、数量经济学、产业经济学、税务,,,,,,,笔试+面试,,,,,国家税务总局江苏省税务局,全额拨款,进编,面试50%,取得相应学位,,
1195-470,2026-shengshu,南京,国家税务总局南京市税务局信息中心,信息化运营岗位,负责信息化运营等有关工作,计算机类,10,2026年毕业生,本科以上,,,本科：计算机（软件）类、计算机（网络管理）类（上述专业是对使用本科学历报名人员的专业要求）研究生：计算机（软件）类、计算机（网络管理）类,本科：计算机（软件）类、计算机（网络管理）类（上述专业是对使用本科学历报名人员的专业要求）研究生：计算机（软件）类、计算机（网络管理）类,,,,,,,笔试+面试,,,,,国家税务总局江苏省税务局,全额拨款,进编,面试50%,取得相应学位,"025-84570953；
张伟",
1196-471,2026-shengshu,南京,国家税务总局南京市税务局税收科学研究所,税收科研文秘岗位,负责利用现代新媒体技术，开展内刊设计、编辑、出版等有关工作,管理类,1,2026年毕业生,本科以上,,,本科：汉语言文学、汉语言、编辑出版学、媒体创意、秘书学、高级文秘、汉语言文学教育、文秘教育（上述专业是对使用本科学历报名人员的专业要求）研究生：语言学及应用语言学、新闻学、传播学、新闻传播学、出版,本科：汉语言文学、汉语言、编辑出版学、媒体创意、秘书学、高级文秘、汉语言文学教育、文秘教育（上述专业是对使用本科学历报名人员的专业要求）研究生：语言学及应用语言学、新闻学、传播学、新闻传播学、出版,,,,,,,笔试+面试,,,,,国家税务总局江苏省税务局,全额拨款,进编,面试50%,取得相应学位,,
1197-472,2026-shengshu,无锡,国家税务总局无锡市税务局信息中心,信息化运营岗位,负责信息化运营等有关工作,计算机类,2,2026年毕业生,本科,,,计算机（软件）类、计算机（网络管理）类,,,,,,,,笔试+面试,,,,,国家税务总局江苏省税务局,全额拨款,进编,面试50%,取得相应学位,"0510-82820829；
刘浩彬",
1198-473,2026-shengshu,无锡,国家税务总局无锡市税务局机关服务中心,后勤服务岗位,负责机关后勤综合保障和服务等有关工作,其他专技类,1,2026年毕业生,本科,,,公共管理类、经济类,,,,,,,,笔试+面试,,,,,国家税务总局江苏省税务局,全额拨款,进编,面试50%,取得相应学位,,
1199-474,2026-shengshu,常州,国家税务总局常州市税务局信息中心,信息化运营岗位,负责信息化运营等有关工作,计算机类,4,2026年毕业生,本科,,,计算机（软件）类、计算机（网络管理）类,,,,,,,,笔试+面试,,,,,国家税务总局江苏省税务局,全额拨款,进编,面试50%,取得相应学位,"0519-89855563；
周洁茹",
1200-475,2026-shengshu,常州,国家税务总局常州市税务局机关服务中心,后勤技术岗位,负责基建工程、房屋维修管理、机电设施运行维护等有关工作,其他专技类,1,2026年毕业生,本科,,,建筑工程类、机电控制类,,,,,,,,笔试+面试,,,,,国家税务总局江苏省税务局,全额拨款,进编,面试50%,取得相应学位,,
1201-476,2026-shengshu,苏州,国家税务总局苏州市税务局机关服务中心,后勤技术岗位,负责基建工程、房屋维修管理、机电设施运行维护等有关工作,其他专技类,1,2026年毕业生,本科,,,建筑工程类、机电控制类,,,,,,,,笔试+面试,,,,,国家税务总局江苏省税务局,全额拨款,进编,面试50%,取得相应学位,"0512-68358152；
王磊",
1202-477,2026-shengshu,苏州,国家税务总局苏州市税务局信息中心,信息化运营岗位,负责信息化运营等有关工作,计算机类,3,2026年毕业生,本科以上,,,本科：计算机（软件）类、计算机（网络管理）类（上述专业是对使用本科学历报名人员的专业要求）研究生：计算机（软件）类、计算机（网络管理）类,本科：计算机（软件）类、计算机（网络管理）类（上述专业是对使用本科学历报名人员的专业要求）研究生：计算机（软件）类、计算机（网络管理）类,,,,,,,笔试+面试,,,,,国家税务总局江苏省税务局,全额拨款,进编,面试50%,取得相应学位,,
1203-478,2026-shengshu,苏州,国家税务总局苏州高新技术产业开发区（苏州市虎丘区）税务局信息中心,信息化运营岗位,负责信息化运营等有关工作,计算机类,1,2026年毕业生,本科以上,,,本科：计算机（软件）类、计算机（网络管理）类（上述专业是对使用本科学历报名人员的专业要求）研究生：计算机（软件）类、计算机（网络管理）类,本科：计算机（软件）类、计算机（网络管理）类（上述专业是对使用本科学历报名人员的专业要求）研究生：计算机（软件）类、计算机（网络管理）类,,,,,,,笔试+面试,,,,,国家税务总局江苏省税务局,全额拨款,进编,面试50%,取得相应学位,,
1204-479,2026-shengshu,南通,国家税务总局南通市税务局信息中心,信息化运营岗位,负责信息化运营等有关工作,计算机类,4,2026年毕业生,本科以上,,,本科：计算机（软件）类、计算机（网络管理）类（上述专业是对使用本科学历报名人员的专业要求）研究生：计算机（软件）类、计算机（网络管理）类,本科：计算机（软件）类、计算机（网络管理）类（上述专业是对使用本科学历报名人员的专业要求）研究生：计算机（软件）类、计算机（网络管理）类,,,,,,,笔试+面试,,,,,国家税务总局江苏省税务局,全额拨款,进编,面试50%,取得相应学位,"0513-81589622；
邢昊抒",
1205-480,2026-shengshu,连云港,国家税务总局连云港市税务局信息中心,信息化运营岗位,负责信息化运营等有关工作,计算机类,3,2026年毕业生,本科以上,,,本科：计算机（软件）类、计算机（网络管理）类（上述专业是对使用本科学历报名人员的专业要求）研究生：计算机（软件）类、计算机（网络管理）类,本科：计算机（软件）类、计算机（网络管理）类（上述专业是对使用本科学历报名人员的专业要求）研究生：计算机（软件）类、计算机（网络管理）类,,,,,,,笔试+面试,,,,,国家税务总局江苏省税务局,全额拨款,进编,面试50%,取得相应学位,"0518-85992015；
鲁春",
1206-481,2026-shengshu,淮安,国家税务总局淮安市税务局信息中心,信息化运营岗位,负责信息化运营等有关工作,计算机类,4,2026年毕业生,本科以上,,,本科：计算机（软件）类、计算机（网络管理）类（上述专业是对使用本科学历报名人员的专业要求）研究生：计算机（软件）类、计算机（网络管理）类,本科：计算机（软件）类、计算机（网络管理）类（上述专业是对使用本科学历报名人员的专业要求）研究生：计算机（软件）类、计算机（网络管理）类,,,,,,,笔试+面试,,,,,国家税务总局江苏省税务局,全额拨款,进编,面试50%,取得相应学位,"0517-83639267； 
边文涛",
1207-482,2026-shengshu,盐城,国家税务总局盐城市税务局信息中心,信息化运营岗位,负责信息化运营等有关工作,计算机类,4,2026年毕业生,本科以上,,,本科：计算机（软件）类、计算机（网络管理）类（上述专业是对使用本科学历报名人员的专业要求）研究生：计算机（软件）类、计算机（网络管理）类,本科：计算机（软件）类、计算机（网络管理）类（上述专业是对使用本科学历报名人员的专业要求）研究生：计算机（软件）类、计算机（网络管理）类,,,,,,,笔试+面试,,,,,国家税务总局江苏省税务局,全额拨款,进编,面试50%,取得相应学位,"0515-88355090；
沈城",
1208-483,2026-shengshu,扬州,国家税务总局扬州市税务局信息中心,信息化运营岗位,负责信息化运营等有关工作,管理类,2,2026年毕业生,研究生,,,,计算机（软件）类、计算机（网络管理）类,,,,,,,笔试+面试,,,,,国家税务总局江苏省税务局,全额拨款,进编,面试50%,取得相应学位,"0514-89333272；
唐建业",
1209-484,2026-shengshu,镇江,国家税务总局镇江市税务局信息中心,信息化运营岗位,负责信息化运营等有关工作,计算机类,2,2026年毕业生,本科以上,,,本科：计算机（软件）类、计算机（网络管理）类（上述专业是对使用本科学历报名人员的专业要求）研究生：计算机（软件）类、计算机（网络管理）类,本科：计算机（软件）类、计算机（网络管理）类（上述专业是对使用本科学历报名人员的专业要求）研究生：计算机（软件）类、计算机（网络管理）类,,,,,,,笔试+面试,,,,,国家税务总局江苏省税务局,全额拨款,进编,面试50%,取得相应学位,"0511-88983978；
施婧超",
1210-485,2026-shengshu,镇江,国家税务总局镇江市税务局机关服务中心,后勤服务岗位,负责机关后勤综合保障和服务等有关工作,其他专技类,1,2026年毕业生,本科以上,,,本科：公共管理类、经济类（上述专业是对使用本科学历报名人员的专业要求）研究生：公共管理类、经济类,本科：公共管理类、经济类（上述专业是对使用本科学历报名人员的专业要求）研究生：公共管理类、经济类,,,,,,,笔试+面试,,,,,国家税务总局江苏省税务局,全额拨款,进编,面试50%,取得相应学位,,
1211-486,2026-shengshu,泰州,国家税务总局泰州市税务局信息中心,信息化运营岗位,负责信息化运营等有关工作,计算机类,2,2026年毕业生,本科,,,计算机（软件）类、计算机（网络管理）类,,,,,,,,笔试+面试,,,,,国家税务总局江苏省税务局,全额拨款,进编,面试50%,取得相应学位,"0523-80198512；
黄志春",
1212-487,2026-shengshu,宿迁,国家税务总局宿迁市税务局纳税服务中心（税收宣传中心）,税收宣传岗位,负责税收宣传等有关工作,其他专技类,1,2026年毕业生,研究生,,,,新闻与传播、中国语言文学、法学、经济法,,,,,,,笔试+面试,,,,,国家税务总局江苏省税务局,全额拨款,进编,面试50%,取得相应学位,"0527-84387617；
李政锦",
1213-488,2026-shengshu,宿迁,国家税务总局宿迁市税务局信息中心,信息化运营岗位,负责信息化运营等有关工作,计算机类,3,2026年毕业生,研究生,,,,计算机（软件）类、计算机（网络管理）类,,,,,,,笔试+面试,,,,,国家税务总局江苏省税务局,全额拨款,进编,面试50%,取得相应学位,,
1213-489,2026-shengshu,宿迁,国家税务总局宿迁市税务局信息中心,信息化运营岗位,负责信息化运营等有关工作（具体工作待人员到岗后视残疾程度确定）,计算机类,1,2026年毕业生（残疾人）,本科以上,,,本科：计算机（软件）类、计算机（网络管理）类（上述专业是对使用本科学历报名人员的专业要求）研究生：计算机（软件）类、计算机（网络管理）类,本科：计算机（软件）类、计算机（网络管理）类（上述专业是对使用本科学历报名人员的专业要求）研究生：计算机（软件）类、计算机（网络管理）类,,,,,,,笔试+面试,听力残疾3-4级或军残5-8级；视力残疾4级或相应残疾情形的军残，且较好眼矫正视力0.2（含）以上；残疾人岗位,,,,国家税务总局江苏省税务局,全额拨款,进编,面试50%,（1）取得相应学位；（2）具备正常履行岗位职责的身体条件；（3）听力残疾3-4级或军残5-8级；视力残疾4级或相应残疾情形的军残，且较好眼矫正视力0.2（含）以上。,,具备正常履行岗位职责的身体条件
1214-490,2026-shengshu,苏州,国家税务总局苏州工业园区税务局信息中心,信息化运营岗位,负责信息化运营等有关工作,计算机类,4,2026年毕业生,本科以上,,,本科：计算机（软件）类、计算机（网络管理）类（上述专业是对使用本科学历报名人员的专业要求）研究生：计算机（软件）类、计算机（网络管理）类,本科：计算机（软件）类、计算机（网络管理）类（上述专业是对使用本科学历报名人员的专业要求）研究生：计算机（软件）类、计算机（网络管理）类,,,,,,,笔试+面试,,,,,国家税务总局江苏省税务局,全额拨款,进编,面试50%,取得相应学位,"0512-66962176；
李雯",
1215-491,2026-shengshu,江苏,江苏省税务干部学校(中共国家税务总局江苏省税务局党校）,经济税收教研岗位,负责财税培训项目经济税收相关课程开发、考试命题出卷以及学习资源建设有关工作,经济类（统计、其他经济）,1,2026年毕业生,研究生,,,,政治经济学、国民经济学、区域经济学、数字经济、应用经济学,,,,,,,笔试+面试,,,,,国家税务总局江苏省税务局,全额拨款,进编，工作地点在江苏无锡,面试50%,取得相应学位,"0510-85535957；
杨澜",
1215-492,2026-shengshu,江苏,江苏省税务干部学校(中共国家税务总局江苏省税务局党校）,税收分析教研岗位,负责财税培训项目税收分析相关课程开发、考试命题出卷以及学习资源建设有关工作,经济类（统计、其他经济）,1,2026年毕业生,研究生,,,,统计学、应用统计、概率论与数理统计、数学、应用数学,,,,,,,笔试+面试,,,,,国家税务总局江苏省税务局,全额拨款,进编，工作地点在江苏无锡,面试50%,取得相应学位,,
1215-493,2026-shengshu,江苏,江苏省税务干部学校(中共国家税务总局江苏省税务局党校）,财税教研岗位,负责财税培训项目税收会计的课程开发、考试命题出卷以及学习资源建设有关工作,经济类（会计、审计）,1,2026年毕业生,研究生,,,,财政学（含税收学）、税务、会计学、审计,,,,,,,笔试+面试,,,,,国家税务总局江苏省税务局,全额拨款,进编，工作地点在江苏无锡,面试50%,取得相应学位,,
1215-494,2026-shengshu,江苏,江苏省税务干部学校(中共国家税务总局江苏省税务局党校）,公共管理教研岗位,负责行政管理、领导学等课程开发和教研任务；开展学习资源建设有关工作,其他专技类,1,2026年毕业生,研究生,,,,行政管理、公共管理、社会学、管理科学与工程、工商管理,,,,,,,笔试+面试,,,,,国家税务总局江苏省税务局,全额拨款,进编，工作地点在江苏无锡,面试50%,取得相应学位,,
1215-495,2026-shengshu,江苏,江苏省税务干部学校(中共国家税务总局江苏省税务局党校）,法政教研岗位,负责税法、党内法规、纪检监察等课程开发和教研任务；开展学习资源建设有关工作,法律类,2,2026年毕业生,研究生,,,,经济法学、法学、法律、纪检监察学,,,,,,,笔试+面试,,,,,国家税务总局江苏省税务局,全额拨款,进编，工作地点在江苏无锡,面试50%,取得相应学位,,
1215-496,2026-shengshu,江苏,江苏省税务干部学校(中共国家税务总局江苏省税务局党校）,思政教研岗位,负责思想政治教育、心理学等课程开发和教研任务；开展学习资源建设有关工作,其他专技类,1,2026年毕业生,研究生,,,,教育学、思想政治教育、心理学、应用心理学,,,,,,,笔试+面试,,,,,国家税务总局江苏省税务局,全额拨款,进编，工作地点在江苏无锡,面试50%,取得相应学位,,
1215-497,2026-shengshu,江苏,江苏省税务干部学校(中共国家税务总局江苏省税务局党校）,网络教研岗位,负责数字化背景下的税收征管等课程开发和教研任务；开展学习资源建设有关工作,计算机类,1,2026年毕业生,研究生,,,,大数据技术与工程、人工智能、计算机应用技术、网络与信息安全,,,,,,,笔试+面试,,,,,国家税务总局江苏省税务局,全额拨款,进编，工作地点在江苏无锡,面试50%,取得相应学位,,
1216-498,2026-shengshu,江苏,金陵协和神学院,英语教师,教授英语相关课程，参与考试、翻译、教研及学术交流。,其他专技类,1,2026年毕业生,硕士研究生以上,,,,英语语言文学、翻译、英语口译、英语笔译、外国语言文学、外国语言学及应用语言学,,,,,,,笔试+面试,,,尊重基督教信仰,,江苏省民族宗教事务委员会（受委托管理）,全额拨款,进编,面试50%,取得相应学位，尊重基督教信仰。,"电话：025-52832212
传真：025-84726082 
联系人：唐勇权",
1216-499,2026-shengshu,江苏,金陵协和神学院,历史教师,教授历史相关课程，参与考试、指导论文、教研及学术交流。,其他专技类,1,2026年毕业生,硕士研究生以上,,,,世界史，史学理论及史学史，外国哲学，国际政治，国际关系,,,,,,,笔试+面试,,,尊重基督教信仰,,江苏省民族宗教事务委员会（受委托管理）,全额拨款,进编,面试50%,取得相应学位，尊重基督教信仰。,"电话：025-52832212
传真：025-84726082
联系人：唐勇权",
1216-500,2026-shengshu,江苏,金陵协和神学院,中文教师,教授中文相关课程，参与考试、指导论文、教研及学术交流。,其他专技类,1,2026年毕业生,硕士研究生以上,,,,语言学及应用语言学，汉语言文字学，中国古代文学，中国现当代文学，中国文学与文化，中国语言文学,,,,,,,笔试+面试,,,尊重基督教信仰,,江苏省民族宗教事务委员会（受委托管理）,全额拨款,进编,面试50%,取得相应学位，尊重基督教信仰。,"电话：025-52832212
传真：025-84726082
联系人：唐勇权",
1216-501,2026-shengshu,江苏,金陵协和神学院,伦理学教师,伦理学相关课程教学，指导论文，学术科研。,其他专技类,1,社会人员,硕士研究生以上,,,,伦理学、应用伦理、美学、宗教学、哲学、社会学,,,,,,,笔试+面试,,,尊重基督教信仰,,江苏省民族宗教事务委员会（受委托管理）,全额拨款,进编,面试50%,取得相应学位，尊重基督教信仰。,"电话：025-52832212
传真：025-84726082
联系人：唐勇权",
1216-502,2026-shengshu,江苏,金陵协和神学院,心理学教师,心理学相关课程教学，指导论文，学术科研。,其他专技类,1,社会人员,硕士研究生以上,,,,心理学、基础心理学、应用心理学、心理健康教育、应用心理、发展与教育心理学,,,,,,,笔试+面试,,,尊重基督教信仰,,江苏省民族宗教事务委员会（受委托管理）,全额拨款,进编,面试50%,取得相应学位，尊重基督教信仰。,"电话：025-52832212
传真：025-84726082
联系人：唐勇权",
1216-503,2026-shengshu,江苏,金陵协和神学院,宗教学教师,宗教学相关课程教学，指导论文，学术科研。,其他专技类,1,社会人员,硕士研究生以上,,,,宗教学、哲学、宗教哲学、社会学、美学、伦理学,,,,,,,笔试+面试,,,尊重基督教信仰,,江苏省民族宗教事务委员会（受委托管理）,全额拨款,进编,面试50%,取得相应学位，尊重基督教信仰。,"电话：025-52832212
传真：025-84726082
联系人：唐勇权",
