岗位代码,批次,城市,招聘单位,工作部门,岗位职责,岗位等级,招聘人数,考生类别,学历要求,学位要求,专业要求(大专),专业要求(本科),专业要求(研究生),年龄,放宽年龄(硕士),工作经历,资格证书,职称要求,政治面貌,考试方式,专项招聘对象,户籍要求,其他条件,链接,所属,主管部门,经费来源,笔试类别,用人方式,其他说明,其他条件原文,咨询电话
1,2026-tongyi,南京,南京市纪委监委清风园管理中心（南京市纪委监委警示教育中心）,综合管理1,从事留置场所审查调查保障相关工作。,管理岗,1,2026年毕业生,本科,,,监所管理，管理科学，智慧司法技术与应用，数字安防技术,,,,,,,中共党员,笔试50%，面试50%,,,,,市级单位,中共南京市纪律检查委员会、南京市监察委员会,全额拨款,管理类,编内,需长期驻点值班，保持24小时工作响应。,取得相应学位；中共党员。,025-82281827，http://www.njjj.gov.cn
2,2026-tongyi,南京,南京市纪委监委清风园管理中心（南京市纪委监委警示教育中心）,综合管理2,从事留置场所审查调查保障相关工作。,专技岗,1,2026年毕业生,本科,,,水务工程，给排水科学与工程，给水排水，给排水工程，给水排水工程，消防工程，建设工程管理,,,,,,,中共党员,笔试50%，面试50%,,,,,市级单位,中共南京市纪律检查委员会、南京市监察委员会,全额拨款,其他专技类,编内,需长期驻点值班，保持24小时工作响应。,取得相应学位；中共党员。,025-82281827，http://www.njjj.gov.cn
3,2026-tongyi,南京,南京国际传播中心,宣传宣讲,从事理论宣传宣讲、综合文稿写作工作。,管理岗,1,2026年毕业生,本科以上,,,社会政治类，经济类,社会政治类，经济类,,,,,,,笔试50%，面试50%,,,,,市级单位,中共南京市委宣传部,全额拨款,管理类,编内,,取得相应学位。,025-83638939，http://nj.wenming.cn
4,2026-tongyi,南京,南京国际传播中心,综合文字,从事综合文稿写作、国际人文交流调研策划。,管理岗,1,不限,硕士研究生以上,,,,新闻学，传播学，新闻与传播，新闻传播学,,,,通过大学英语六级,,中共党员,笔试50%，面试50%,,,,,市级单位,中共南京市委宣传部,全额拨款,管理类,编内,,取得相应学位；通过大学英语六级；中共党员。,025-83638939，http://nj.wenming.cn
5,2026-tongyi,南京,南京国际传播中心,新媒体运维,从事互联网信息平台维护与管理，开展网络外宣。,专技岗,1,社会人员,本科以上,,,计算机类,计算机类,,,具有2年及以上工作经历,,,中共党员,笔试50%，面试50%,,,,,市级单位,中共南京市委宣传部,全额拨款,计算机类,编内,,取得相应学位；具有2年及以上工作经历；中共党员。,025-83638939，http://nj.wenming.cn
6,2026-tongyi,南京,南京市社会主义学院,教学科研1,开展马克思主义理论、统一战线理论等教学科研工作。,专技岗,1,2026年毕业生,博士研究生,,,,马克思主义理论，马克思主义哲学，马克思主义基本原理，马克思主义中国化研究，思想政治教育，中国近现代史,,,,,,,笔试50%，面试50%（其中，结构化面试占40%，专业测试占60%）,,,,,市级单位,中共南京市委统战部,全额拨款,其他专技类,编内,,取得相应学位。,025-83191678，025-83192001，https://sy.nanjing.gov.cn/
7,2026-tongyi,南京,南京市社会主义学院,教学科研2,开展统一战线理论、中华文化以及民营经济发展、科技创新等教学科研工作。,专技岗,1,不限,博士研究生,,,,科学技术哲学，社会学，政治学，政治经济学，产业经济学,,,,,,,笔试50%，面试50%（其中，结构化面试占40%，专业测试占60%）,,,,,市级单位,中共南京市委统战部,全额拨款,其他专技类,编内,,取得相应学位。,025-83191678，025-83192001，https://sy.nanjing.gov.cn/
8,2026-tongyi,南京,南京市社会工作发展服务中心,综合管理,从事公文处理、文稿起草、政策研究、新闻宣传等工作。,管理岗,2,2026年毕业生,本科以上,,,语言学及应用语言学，汉语言文字学，汉语言文学，新闻学，传播学，新闻与传播，新闻传播学，政治学，社会学，社会工作，法学，法律，法律硕士，法律（法学），法律（非法学），法律硕士（法学），法律硕士（非法学）,语言学及应用语言学，汉语言文字学，汉语言文学，新闻学，传播学，新闻与传播，新闻传播学，政治学，社会学，社会工作，法学，法律，法律硕士，法律（法学），法律（非法学），法律硕士（法学），法律硕士（非法学）,,,,,,,笔试50%，面试50%,,,,,市级单位,中共南京市委社会工作部,全额拨款,管理类,编内,,取得相应学位。,025-85556865，https://shgz.nanjing.gov.cn
9,2026-tongyi,南京,南京市社会工作发展服务中心,信息系统规划建设,从事信息系统规划建设、集成、网络维护及安全等工作。,管理岗,1,社会人员,硕士研究生以上,,,,计算机类,,,具有2年及以上相关专业工作经历,,,,笔试50%，面试50%,,,本科阶段所学专业为计算机类,,市级单位,中共南京市委社会工作部,全额拨款,管理类,编内,,取得相应学位；本科阶段所学专业为计算机类；具有2年及以上相关专业工作经历。,025-85556865，https://shgz.nanjing.gov.cn
10,2026-tongyi,南京,南京市社会工作发展服务中心,财务管理,从事会计、财务、预决算管理等工作。,管理岗,1,社会人员,本科以上,,,会计学，审计学，会计，审计，财务管理，财务会计与审计,会计学，审计学，会计，审计，财务管理，财务会计与审计,,,具有2年及以上相关专业工作经历,具有会计专业初级及以上专业技术资格证书,,,笔试50%，面试50%,,,,,市级单位,中共南京市委社会工作部,全额拨款,管理类,编内,,取得相应学位；具有2年及以上相关专业工作经历；具有会计专业初级及以上专业技术资格证书。,025-85556865，https://shgz.nanjing.gov.cn
11,2026-tongyi,南京,南京市社会治安综合治理中心,综合管理,从事综合文字、新闻宣传等相关工作。,管理岗,1,2026年毕业生,硕士研究生以上,,,,中文文秘类，社会政治类,,,,取得计算机等级考试一级及以上证书,,,笔试40%，面试60%,,,,,市级单位,中共南京市委政法委员会,全额拨款,管理类,编内,需经常加班。,取得相应学位；取得计算机等级考试一级及以上证书。,025-83608512，http://www.njzf.gov.cn/
12,2026-tongyi,南京,南京市社会治安综合治理中心,党务及综合管理,从事综合文字、党务、人事行政等相关工作。,管理岗,1,社会人员,硕士研究生以上,,,,中文文秘类，社会政治类，公共管理类,,,具有2年及以上综合文字相关工作经历,,,中共党员,笔试40%，面试60%,,,,,市级单位,中共南京市委政法委员会,全额拨款,管理类,编内,,取得相应学位；具有2年及以上综合文字相关工作经历；中共党员。,025-83608512，http://www.njzf.gov.cn/
13,2026-tongyi,南京,南京市社会治安综合治理中心,法律,从事矛盾调解相关法律指导工作。,管理岗,1,2026年毕业生,硕士研究生以上,,,,法律类,,,,取得国家法律职业资格证书（A类）,,,笔试50%，面试50%,,,本科阶段须为法律类专业并取得相应学位,,市级单位,中共南京市委政法委员会,全额拨款,管理类,编内,,取得相应学位；取得国家法律职业资格证书（A类）；本科阶段须为法律类专业并取得相应学位。,025-83608512，http://www.njzf.gov.cn/
14,2026-tongyi,南京,南京市社会治安综合治理中心,财务财会,从事资产管理、综合财务工作，编写相关工作报告。,管理岗,1,社会人员,本科以上,,,财务财会类,财务财会类,,,具有2年及以上财务相关工作经历,具有会计专业初级及以上专业技术资格证书,,,笔试50%，面试50%,,,,,市级单位,中共南京市委政法委员会,全额拨款,管理类,编内,,取得相应学位；具有会计专业初级及以上专业技术资格证书；具有2年及以上财务相关工作经历。,025-83608512，http://www.njzf.gov.cn/
15,2026-tongyi,南京,南京市社会治安综合治理中心,统计管理,运用统计分析系统开展社会治理相关数据统计研究分析工作，编写相关工作报告。,管理岗,1,2026年毕业生,硕士研究生以上,,,,统计类,,,,取得计算机等级考试二级及以上证书,,,笔试50%，面试50%,,,,,市级单位,中共南京市委政法委员会,全额拨款,管理类,编内,需经常加班。,取得相应学位；取得计算机等级考试二级及以上证书。,025-83608512，http://www.njzf.gov.cn/
16,2026-tongyi,南京,南京市社会治安综合治理中心,计算机管理,从事信息化建设、维护及网络管理等相关工作。,专技岗,1,社会人员,硕士研究生以上,,,,计算机类,,,具有2年及以上相应专业工作经历,,,,笔试50%，面试50%,,,本科阶段须为计算机类专业并取得相应学位,,市级单位,中共南京市委政法委员会,全额拨款,计算机类,编内,需经常加班，保持24小时工作响应。,取得相应学位；具有2年及以上相应专业工作经历；本科阶段须为计算机类专业并取得相应学位；博士研究生或具有相应专业中级职称的，年龄可放宽至43周岁。,025-83608512，http://www.njzf.gov.cn/
17,2026-tongyi,南京,南京市社会治安综合治理中心,软件开发,从事软件开发管理、数据库维护和管理等工作。,专技岗,1,2026年毕业生,硕士研究生以上,,,,计算机科学与技术，软件工程，大数据技术与工程，人工智能,,,,,,,笔试50%，面试50%,,,本科阶段须为计算机类专业并取得相应学位,,市级单位,中共南京市委政法委员会,全额拨款,计算机类,编内,需经常加班，保持24小时工作响应。,取得相应学位；本科阶段须为计算机类专业并取得相应学位。,025-83608512，http://www.njzf.gov.cn/
18,2026-tongyi,南京,南京市互联网宣传信息中心,新媒体运营,新媒体账号运营与管理。,管理岗,1,社会人员,本科以上,,,中文文秘类，艺术类，经济类，社会政治类,中文文秘类，艺术类，经济类，社会政治类,,,具有2年及以上工作经历,,,,笔试50%，面试50%,,,,,市级单位,中共南京市委网络安全和信息化委员会办公室,全额拨款,管理类,编内,需经常加班、定期值夜班。,取得相应学位；具有2年及以上工作经历。,"025-82212360，
微信公众号：网信南京"
19,2026-tongyi,南京,南京市网络安全应急指挥中心（南京市互联网违法和有害不良信息举报中心）,网络信息研究,互联网信息研究分析，文稿撰写。,管理岗,1,2026年毕业生,本科以上,,,中文文秘类，法律类，经济类，计算机类,中文文秘类，法律类，经济类，计算机类,,,,,,中共党员,笔试50%，面试50%,,,,,市级单位,中共南京市委网络安全和信息化委员会办公室,全额拨款,管理类,编内,需经常加班、定期值夜班。,取得相应学位；中共党员。,"025-82212360，
微信公众号：网信南京"
20,2026-tongyi,南京,南京市企业离休干部管理服务中心（中共南京市委员会老干部党校）,综合管理,从事综合性管理工作。服务于离退休干部党员教育培训、思想政治建设和作用发挥。,管理岗,1,2026年毕业生,本科以上,,,中文文秘类，社会政治类，公共管理类,中文文秘类，社会政治类，公共管理类,,,,,,中共党员,笔试50%，面试50%,,,,,市级单位,中共南京市委老干部局,全额拨款,管理类,编内,,取得相应学位；中共党员。,025-83638827， http://zzb.nanjing.gov.cn/lgbgz/zcgsgk/
21,2026-tongyi,南京,南京市青年创业就业服务中心,青年创业就业服务,组织青年创业就业活动，开展技能培训、项目孵化等服务。,管理岗,1,2026年毕业生,硕士研究生以上,,,,不限,,,,,,,笔试50%，面试50%,,,,,市级单位,中国共产主义青年团南京市委员会,全额拨款,管理类,编内,,取得相应学位。,"025-83630959，
www.njyouth.org.cn"
22,2026-tongyi,南京,南京市残疾人就业管理中心,综合文字,从事综合文字及相关管理工作。,管理岗,1,残疾人,本科以上,,,中文文秘类，法律类，社会政治类,中文文秘类，法律类，社会政治类,,,,,,,笔试50%，面试50%,具备正常履行岗位职责的身体条件，听力或肢体残疾3-4级残疾或军残5-8级残疾；残疾人岗位,,,,市级单位,南京市残疾人联合会,全额拨款,管理类,编内,,取得相应学位；具备正常履行岗位职责的身体条件，听力或肢体残疾3-4级残疾或军残5-8级残疾。,025-85383806，http://cl.nanjing.gov.cn/
23,2026-tongyi,南京,南京市宏观经济研究中心,宏观经济研究,主要负责城市经济发展研究。,专技岗,2,2026年毕业生,硕士研究生以上,,,,政治经济学，西方经济学，世界经济，人口、资源与环境经济学，国民经济学，区域经济学，产业经济学，数量经济学，理论经济学,,,,,,,笔试50%，面试50%,,,,,市级单位,南京市发展和改革委员会,全额拨款,经济类（统计、其他经济）,编内,经常加班。,取得相应学位。,025-85335623，http://fgw.nanjing.gov.cn/
24,2026-tongyi,南京,南京市金陵中学,会计,从事财务会计工作。,专技岗,2,社会人员,本科以上,,,会计学，财务管理，财务会计与审计，会计，财政学,会计学，财务管理，财务会计与审计，会计，财政学,,,具有3年及以上财务相关工作经历,具有会计专业初级及以上专业技术资格证书,,,笔试50%，面试50%（其中，结构化面试占40%，专业测试占60%）,,,,,市级单位,南京市教育局,全额拨款,经济类（会计、审计）,编内,面试各项成绩合格线均为60分。,取得相应学位；具有3年及以上财务相关工作经历；具有会计专业初级及以上专业技术资格证书。,"025-84786260， 
025-84786209， http://edu.nanjing.gov.cn"
25,2026-tongyi,南京,南京市金陵中学,校医1,负责学校师生健康管理，传染病防控工作、健康教育工作等。,专技岗,1,社会人员,本科以上,,,临床医学，中医学，中西医临床医学，内科学，中西医结合临床,临床医学，中医学，中西医临床医学，内科学，中西医结合临床,,,具有3年及以上中学校医或医院临床科室工作经历,具有执业医师资格证书,,,笔试50%，面试50%（其中，结构化面试占40%，专业测试占60%）,,,,,市级单位,南京市教育局,全额拨款,其他专技类,编内,"1.面试各项成绩合格线均为60分。
2.须日常轮班，周末、夜间值班。",取得相应学位；具有执业医师资格证书；具有3年及以上中学校医或医院临床科室工作经历。,"025-84786260，
025-84786209，  http://edu.nanjing.gov.cn"
26,2026-tongyi,南京,南京市金陵中学,校医2,负责学校师生健康管理，传染病防控工作、健康教育工作等。,专技岗,1,2026年毕业生,本科以上,,,临床医学，中医学，中西医临床医学，内科学，中西医结合临床,临床医学，中医学，中西医临床医学，内科学，中西医结合临床,,,,具有执业医师资格证书,,,笔试50%，面试50%（其中，结构化面试占40%，专业测试占60%）,,,,,市级单位,南京市教育局,全额拨款,其他专技类,编内,"1.面试各项成绩合格线均为60分。
2.须日常轮班，周末、夜间值班。",取得相应学位；具有执业医师资格证书。,"025-84786260， 
025-84786209，http://edu.nanjing.gov.cn"
27,2026-tongyi,南京,南京市中华中学,校医,负责学校师生健康管理，传染病防控工作、健康教育工作等。,专技岗,1,社会人员,本科以上,,,临床医学，中医学，中西医临床医学，内科学，中西医结合临床，全科医学,临床医学，中医学，中西医临床医学，内科学，中西医结合临床，全科医学,,,具有3年及以上中学校医或医院临床科室工作经历,具有执业医师资格证书,,,笔试50%，面试50%（其中，结构化面试占40%，专业测试占60%）,,,,,市级单位,南京市教育局,全额拨款,其他专技类,编内,"1.面试各项成绩合格线均为60分。
2.须日常轮班，周末、夜间值班。",取得相应学位；具有执业医师资格证书；具有3年及以上中学校医或医院临床科室工作经历。,"025-52689012，
025-52689922，  http://edu.nanjing.gov.cn"
28,2026-tongyi,南京,南京市职教（成人）教研室（南京市学生资助管理中心）,心理教育研究,从事职业学校心理健康教育研究工作。,管理岗,1,2026年毕业生,硕士研究生以上,,,,发展与教育心理学，应用心理学，心理学，心理健康教育，应用心理,,,,,,,笔试50%，面试50%（其中，结构化面试占40%，技能测试占60%）,,,,,市级单位,南京市教育局,全额拨款,管理类,编内,面试各项成绩合格线为60分。,取得相应学位。,"025-86645673，
http://edu.nanjing.gov.cn/"
29,2026-tongyi,南京,南京市教育科学研究所,教育科研助理,负责综合文字工作、教育科研管理综合事务。,管理岗,1,2026年毕业生,硕士研究生以上,,,,教育学原理，教育经济与管理，教育领导与管理，教育技术学,,,,,,,笔试50%，面试50%（其中，结构化面试占40%，专业测试占60%）,,,,,市级单位,南京市教育局,全额拨款,管理类,编内,面试各项成绩合格线为60分。,取得相应学位。,"025-82212552，
http://edu.nanjing.gov.cn/"
30,2026-tongyi,南京,南京市教育技术装备中心,信息管理,从事计算机信息技术及网络管理。,专技岗,1,2026年毕业生,硕士研究生以上,,,,计算机类,,,,,,,笔试50%，面试50%（其中，结构化面试占40%，专业测试占60%）,,,,,市级单位,南京市教育局,全额拨款,计算机类,编内,面试各项成绩合格线为60分。,取得相应学位。,"025-84550968，
https://edu.nanjing.gov.cn/"
31,2026-tongyi,南京,南京市教育招生考试院,考务管理,从事考试招生组织管理工作。,专技岗,1,2026年毕业生,硕士研究生以上,,,,大数据技术与工程，人工智能，软件工程，网络与信息安全,,,,,,,笔试50%，面试50%（其中，结构化面试占40%，专业测试占60%）,,,,,市级单位,南京市教育局,全额拨款,计算机类,编内,"1.面试各项成绩合格线为60分。
2.须较长时间出差和封闭管理。",取得相应学位。,"025-52310637，
https://edu.nanjing.gov.cn/"
32,2026-tongyi,南京,南京市科技信息研究所（南京市计算机软件服务中心、南京市对外科技交流中心、南京科技发展战略研究院）,科技战略规划研究,从事科技战略规划研究工作。,专技岗,1,2026年毕业生,博士研究生,,,,情报学，图书情报，区域经济学，产业经济学，应用经济学，技术经济及管理，应用数学，人文地理学，统计学，数量经济学，图书情报与档案管理,,,,,,,笔试50%，面试50%,,,,,市级单位,南京市科学技术局,全额拨款,其他专技类,编内,,取得相应学位。,"025-83367210，
www.njkj.gov.cn"
33,2026-tongyi,南京,南京市科技信息研究所（南京市计算机软件服务中心、南京市对外科技交流中心、南京科技发展战略研究院）,科技政策与产业发展研究,从事科技政策与产业发展研究工作。,专技岗,2,2026年毕业生,硕士研究生,,,,机械电子工程，机械工程，机械制造及其自动化，人工智能，应用数学,,,,,,,笔试50%，面试50%,,,,,市级单位,南京市科学技术局,全额拨款,其他专技类,编内,,取得相应学位。,"025-83367210，
www.njkj.gov.cn"
34,2026-tongyi,南京,"南京市科技信息研究所（南京市计算机软件服务中心、南京市对外科
技交流中心、南京科技发展战略研究院）",科技统计与评估,从事数据统计及分析、综合管理等相关工作。,专技岗,1,2026年毕业生,硕士研究生,,,,应用统计，应用数学，大数据技术与工程，计算机应用技术,,,,,,,笔试50%，面试50%,,,,,市级单位,南京市科学技术局,全额拨款,其他专技类,编内,,取得相应学位。,"025-83367210，
www.njkj.gov.cn"
35,2026-tongyi,南京,南京市科技成果转化服务中心（南京技术市场服务中心、南京市科技人才服务中心）,综合技术管理,从事科技咨询、调研等工作。,专技岗,1,2026年毕业生,硕士研究生以上,,,,人工智能，大数据技术与工程，软件工程，计算机应用技术,,,,,,,笔试50%，面试50%,,,,,市级单位,南京市科学技术局,差额拨款,计算机类,编内,,取得相应学位。,025-83677463， www.njkj.gov.cn
36,2026-tongyi,南京,南京市科技成果转化服务中心（南京技术市场服务中心、南京市科技人才服务中心）,科技服务,从事科技、政务服务等工作。,专技岗,1,2026年毕业生,硕士研究生以上,,,,管理科学与工程，公共管理，公共管理硕士，公共管理学,,,,,,,笔试50%，面试50%,,,,,市级单位,南京市科学技术局,差额拨款,其他专技类,编内,,取得相应学位。,025-83677463， www.njkj.gov.cn
37,2026-tongyi,南京,南京市社会儿童福利院,特殊教育（本部）,主要从事残疾儿童特殊教育工作。,专技岗,1,2026年毕业生,本科以上,,,特殊教育，特殊教育学，学前教育，学前教育学，小学教育，小学教育学，音乐教育，体育教育，美术教育,特殊教育，特殊教育学，学前教育，学前教育学，小学教育，小学教育学，音乐教育，体育教育，美术教育,,,,取得相应专业教师资格证书,,,笔试50%，面试50%,,,,,市级单位,南京市民政局,全额拨款,其他专技类,编内,,取得相应学位；取得相应专业教师资格证书。,025-84180056，http://mzj.nanjing.gov.cn/
38,2026-tongyi,南京,南京市祖堂山社会福利院,法务,从事综合管理工作。,管理岗,1,2026年毕业生,硕士研究生以上,,,,法学，法律，法律（法学），法律硕士（法学）,,,,取得国家法律职业资格证书（A类）,,,笔试50%，面试50%,,,本科阶段为法律类专业并取得相应学位,,市级单位,南京市民政局,全额拨款,管理类,编内,,取得相应学位；本科阶段为法律类专业并取得相应学位；取得国家法律职业资格证书（A类）。,025-87134566，http://mzj.nanjing.gov.cn/
39,2026-tongyi,南京,南京市祖堂山社会福利院,资产管理,从事资产管理和相关业务科室工作。,管理岗,1,2026年毕业生,硕士研究生以上,,,,会计学，会计，审计，审计学，资产评估,,,,,,,笔试50%，面试50%,,,,,市级单位,南京市民政局,全额拨款,管理类,编内,,取得相应学位。,025-87134566，http://mzj.nanjing.gov.cn/
40,2026-tongyi,南京,南京市救助管理站,信息比对管理,从事我市居民家庭经济状况信息核对、数据动态比对工作。,管理岗,1,2026年毕业生,硕士研究生以上,,,,计算机科学与技术，大数据技术与工程，计算机应用技术，网络与信息安全，通信与信息系统,,,,,,,笔试50%，面试50%,,,,,市级单位,南京市民政局,全额拨款,管理类,编内,,取得相应学位。,025-85566944，http://mzj.nanjing.gov.cn/
41,2026-tongyi,南京,南京市救助管理站,会计,从事财务内控审计、费用报销及票据审核等工作。,专技岗,1,2026年毕业生,硕士研究生以上,,,,会计学，会计，审计学，审计，会计与金融,,,,,,,笔试50%，面试50%,,,,,市级单位,南京市民政局,全额拨款,经济类（会计、审计）,编内,,取得相应学位。,025-85566944，http://mzj.nanjing.gov.cn/
42,2026-tongyi,南京,江苏省南京市南京公证处,公证员,从事公证法律服务，办理各类公证案件。,专技岗,2,不限,本科以上,,,法律类,法律类,年龄25周岁以上，38周岁以下,,,取得国家法律职业资格证书（A类）,,,笔试50%，面试50%,,,在公证机构实习2年以上或者具有3年以上其他法律职业经历并在公证机构实习1年以上,,市级单位,南京市司法局,自收自支,法律类,编内,,年龄25周岁以上，38周岁以下；取得相应学位；取得国家法律职业资格证书（A类）；在公证机构实习2年以上或者具有3年以上其他法律职业经历并在公证机构实习1年以上。,025-85239066，http://sfj.nanjing.gov.cn/
43,2026-tongyi,南京,江苏省南京市石城公证处,公证员,从事公证法律服务，办理各类公证案件。,专技岗,1,不限,硕士研究生,,,,法律类,年龄25周岁以上，38周岁以下,,,取得国家法律职业资格证书（A类）,,,笔试50%，面试50%,,,在公证机构实习2年以上或者具有3年以上其他法律职业经历并在公证机构实习1年以上,,市级单位,南京市司法局,自收自支,法律类,编内,,年龄25周岁以上，38周岁以下；取得相应学位；取得国家法律职业资格证书（A类）；在公证机构实习2年以上或者具有3年以上其他法律职业经历并在公证机构实习1年以上。,025-83176300，http://sfj.nanjing.gov.cn/
44,2026-tongyi,南京,南京市政府债务监测和债券项目评审中心,政府债务管理,从事政府债务监测和债券项目评审工作。,专技岗,2,2026年毕业生,硕士研究生以上,,,,经济类，财务财会类，审计类，税务税收类,,,,,,,笔试50%，面试50%,,,,,市级单位,南京市财政局,全额拨款,经济类（会计、审计）,编内,,取得相应学位。,025-51808635，025-51808638，https://czj.nanjing.gov.cn/
45,2026-tongyi,南京,南京市人才服务中心（南京市人事人才档案管理中心）,人才工作,从事人才服务相关工作。,管理岗,1,社会人员,硕士研究生以上,,,,语言学及应用语言学，汉语言文字学，新闻学，传播学，新闻与传播，中国语言文学，新闻传播学，社会保障，社会工作，档案学，公共管理，图书情报与档案管理，图书情报，人力资源管理，公共管理学，信息资源管理,,,具有2年及以上相应专业工作经历,,,,笔试50%，面试50%,,,,,市级单位,南京市人力资源和社会保障局,全额拨款,管理类,编内,,取得相应学位；具有2年及以上相应专业工作经历。,025-83151977，025-83151991，http://rsj.nanjing.gov.cn
46,2026-tongyi,南京,南京市职业技术培训指导中心（南京市技工教育教学指导中心）,职业技术培训管理1,从事职业技术培训管理、综合文字、信息宣传、统计分析等工作。,管理岗,1,社会人员,本科以上,,,教育学原理，教育，教育学，职业技术教育管理，教育技术，教育技术学，高等教育学，成人教育学，职业技术教育，职业技术教育学，教育管理，社会保障，社会工作，社会学，公共管理，公共管理学，劳动与社会保障，劳动和社会保障,教育学原理，教育，教育学，职业技术教育管理，教育技术，教育技术学，高等教育学，成人教育学，职业技术教育，职业技术教育学，教育管理，社会保障，社会工作，社会学，公共管理，公共管理学，劳动与社会保障，劳动和社会保障,,,具有2年及以上相应专业工作经历,,,,笔试50%，面试50%,,,,,市级单位,南京市人力资源和社会保障局,全额拨款,管理类,编内,需要经常加班。,取得相应学位；具有2年及以上相应专业工作经历。,"025-84787118，
http://rsj.nanjing.gov.cn"
47,2026-tongyi,南京,南京市职业技术培训指导中心（南京市技工教育教学指导中心）,职业技术培训管理2,从事职业技术培训管理、综合文字、信息宣传、统计分析等工作。,管理岗,1,2026年毕业生,硕士研究生以上,,,,教育学原理，教育，教育学，职业技术教育管理，教育技术，教育技术学，高等教育学，成人教育学，职业技术教育，职业技术教育学，教育管理，社会保障，社会工作，社会学，公共管理，公共管理学，劳动与社会保障，劳动和社会保障,,,,,,,笔试50%，面试50%,,,,,市级单位,南京市人力资源和社会保障局,全额拨款,管理类,编内,需要经常加班。,取得相应学位。,"025-84787118，
http://rsj.nanjing.gov.cn"
48,2026-tongyi,南京,南京市人力资源和社会保障咨询服务中心,综合管理,从事综合文字、信息编辑、统计分析等工作。,管理岗,1,2026年毕业生,硕士研究生以上,,,,人力资源管理，社会工作，社会工作与管理，社会保障，劳动与社会保障，劳动和社会保障，行政管理，公共管理，公共管理学,,,,,,,笔试50%，面试50%,,,,,市级单位,南京市人力资源和社会保障局,全额拨款,管理类,编内,,取得相应学位。,025-86590967，http://rsj.nanjing.gov.cn
49,2026-tongyi,南京,南京市城市建设档案馆,城建档案管理,从事档案接收、管理、对外服务工作。,专技岗,1,社会人员,本科,,,建筑工程，土木工程，工程管理，地质工程，交通工程，消防工程，工民建，道路桥梁与渡河工程，工业与民用建筑,,,,具有2年及以上本专业工作经历,,,,笔试50%，面试50%,,,,,市级单位,南京市规划和自然资源局,全额拨款,其他专技类,编内,需去建设工地一线业务指导，环境艰苦。,具有2年及以上本专业工作经历。,025-84477729，http://ghj.nanjing.gov.cn
50,2026-tongyi,南京,南京市城市规划编制研究中心,国土空间规划研究,主要从事国土空间规划的专业工作，包括总规、详规及各类专项规划的编制，以及涉及国土空间的各类研究。,专技岗,1,社会人员,硕士研究生以上,,,,城乡规划，城乡规划学，城市规划，林业，人文地理学，土地资源管理，建筑学,,,,具有自然资源工程、国土资源工程或建设工程系列中级及以上专业技术资格；具有注册城乡规划师执业资格证书,,,笔试50%，面试50%,,,,,市级单位,南京市规划和自然资源局,差额拨款,其他专技类,编内,,取得相应学位；具有自然资源工程、国土资源工程或建设工程系列中级及以上专业技术资格；具有注册城乡规划师执业资格证书。,"025-84733722，
http://ghj.nanjing.gov.cn/"
51,2026-tongyi,南京,南京市城市规划编制研究中心,国土空间规划数据分析,主要从事国土空间规划数据分析、信息建设等相关工作。,专技岗,1,不限,硕士研究生以上,,,,地图学与地理信息系统，摄影测量与遥感，人工智能，计算机科学与技术,,,,,,,笔试50%，面试50%,,,,,市级单位,南京市规划和自然资源局,差额拨款,其他专技类,编内,,取得相应学位。,"025-84733722，
http://ghj.nanjing.gov.cn/"
52,2026-tongyi,南京,南京市不动产登记中心（南京市不动产档案管理中心）,地籍调查,从事不动产权属调查和不动产测绘工作。,专技岗,1,2026年毕业生,硕士研究生,,,,大地测量学与测量工程，摄影测量与遥感，遥感科学与技术，测绘科学与技术，测绘工程,,,,,,,笔试50%，面试50%,,,本科专业须为测绘类,,市级单位,南京市规划和自然资源局,自收自支,其他专技类,编内,需经常加班，需野外工作，工作强度大。,取得相应学位；本科专业须为测绘类。,"025-89697011，
http://ghj.nanjing.gov.cn"
53,2026-tongyi,南京,南京市不动产登记中心（南京市不动产档案管理中心）,软件开发,负责办公OA等系统信息化需求分析与编码工作。,专技岗,1,2026年毕业生,硕士研究生,,,,计算机软件与理论，软件工程，计算机科学与技术，大数据技术与工程,,,,通过大学英语六级,,,笔试50%，面试50%,,,本科专业须为计算机类,,市级单位,南京市规划和自然资源局,自收自支,计算机类,编内,需经常加班。,取得相应学位；本科专业须为计算机类；通过大学英语六级。,"025-89697011，
http://ghj.nanjing.gov.cn"
54,2026-tongyi,南京,南京市不动产登记中心（南京市不动产档案管理中心）,"不动产登记
业务服务",从事不动产登记历史遗留问题化解及疑难问题处理。,专技岗,1,社会人员,本科,,,资源环境与城乡规划管理，测绘工程，信息工程，地理信息系统,,年龄43周岁以下,,具有5年及以上工作经历,具有自然资源工程或国土资源工程高级专业技术资格,,,笔试50%，面试50%,,,,,市级单位,南京市规划和自然资源局,自收自支,其他专技类,编内,需经常加班，工作强度大。,年龄43周岁以下；具有自然资源工程或国土资源工程高级专业技术资格；具有5年及以上工作经历。,"025-89697011，
http://ghj.nanjing.gov.cn"
55,2026-tongyi,南京,南京市国土资源信息中心,规划资源技术管理1,从事规划和自然资源技术管理相关工作。,专技岗,1,社会人员,本科以上,,,地图学与地理信息系统，地质资源与地质工程，计算机软件与理论，系统分析与集成，网络工程,地图学与地理信息系统，地质资源与地质工程，计算机软件与理论，系统分析与集成，网络工程,年龄43周岁以下,,具有5年及以上本专业工作经历,具有土地、测绘地理信息、地质勘查或信息技术专业高级专业技术资格,,,笔试50%，面试50%,,,,,市级单位,南京市规划和自然资源局,自收自支,其他专技类,编内,服从岗位调配；经常加班；需随时到岗完成应急任务。,年龄43周岁以下；具有土地、测绘地理信息、地质勘查或信息技术专业高级专业技术资格；具有5年及以上本专业工作经历。,025-89690617，http://ghj.nanjing.gov.cn
56,2026-tongyi,南京,南京市国土资源信息中心,规划资源技术管理2,从事规划和自然资源技术管理相关工作。,专技岗,1,社会人员,本科以上,,,测绘工程，摄影测量与遥感，地理信息科学，地理信息系统，软件工程，计算机科学与技术,测绘工程，摄影测量与遥感，地理信息科学，地理信息系统，软件工程，计算机科学与技术,,,具有5年及以上本专业工作经历,,,,笔试50%，面试50%,,,具有土地、测绘地理信息、国土资源工程、计算机与网络或软件设计师专业中级及以上专业技术资格,,市级单位,南京市规划和自然资源局,自收自支,其他专技类,编内,服从岗位调配；经常加班；需随时到岗完成应急任务。,具有土地、测绘地理信息、国土资源工程、计算机与网络或软件设计师专业中级及以上专业技术资格；具有5年及以上本专业工作经历。,025-89690617，http://ghj.nanjing.gov.cn
57,2026-tongyi,南京,南京市国土资源信息中心,规划资源技术研发,从事规划和自然资源信息化建设相关工作。,专技岗,1,2026年毕业生,硕士研究生以上,,,,软件工程，计算机科学与技术，大地测量学与测量工程，摄影测量与遥感，地图学与地理信息系统,,,,,,,笔试50%，面试50%,,,,,市级单位,南京市规划和自然资源局,自收自支,其他专技类,编内,服从岗位调配；经常加班；需随时到岗完成应急任务。,取得相应学位。,025-89690617，http://ghj.nanjing.gov.cn
58,2026-tongyi,南京,南京市土地整理和集体土地征收管理中心（南京市集体土地房屋拆迁管理中心）,土地管理,主要负责征收土地（含房屋）前期工作、拆迁方案审核、土地整治项目管理等。,专技岗,1,2026年毕业生,硕士研究生,,,,土地管理类,,,,,,,笔试50%，面试50%,,,,,市级单位,南京市规划和自然资源局,自收自支,其他专技类,编内,,取得相应学位。,025-84733730，http://ghj.nanjing.gov.cn
59,2026-tongyi,南京,南京市规划和自然资源局财务中心,会计,从事财务管理与监督工作。,专技岗,1,2026年毕业生,硕士研究生以上,,,,会计学，会计，审计，审计学，财政学（含税收学）,,,,具有会计专业初级及以上专业技术资格证书,,,笔试50%，面试50%,,,,,市级单位,南京市规划和自然资源局,自收自支,经济类（会计、审计）,编内,,取得相应学位；具有会计专业初级及以上专业技术资格证书。,"025-89691021，
http://ghj.nanjing.gov.cn"
60,2026-tongyi,南京,南京市生态环境保护科学研究院,科研1,从事生态环境保护、环境污染治理相关技术工作。,专技岗,1,2026年毕业生,硕士研究生以上,,,,环境工程，资源与环境，环境科学与工程，环境科学，资源与环境经济学,,,,,,,笔试50%，面试50%,,,,,市级单位,南京市生态环境局,全额拨款,其他专技类,编内,,取得相应学位。,025-83315590，http://sthjj.nanjing.gov.cn
61,2026-tongyi,南京,南京市生态环境保护科学研究院,科研2,从事生态环境保护、环境污染治理相关技术工作。,专技岗,1,社会人员,硕士研究生以上,,,,法学，环境与资源保护法学，法律，法律（法学），法律（非法学）,,,具有2年及以上环境保护相关法律工作经历,,,,笔试50%，面试50%,,,,,市级单位,南京市生态环境局,全额拨款,法律类,编内,,取得相应学位；具有2年及以上环境保护相关法律工作经历。,025-83315590，http://sthjj.nanjing.gov.cn
62,2026-tongyi,南京,南京市生态环境保护科学研究院,科研3,从事生态环境保护、环境污染治理相关技术工作。,专技岗,1,2026年毕业生,硕士研究生以上,,,,粒子物理与原子核物理，声学，植物保护，生态学，野生动植物保护与利用,,,,,,,笔试50%，面试50%,,,,,市级单位,南京市生态环境局,全额拨款,其他专技类,编内,,取得相应学位。,025-83315590，http://sthjj.nanjing.gov.cn
63,2026-tongyi,南京,南京市生态环境监测监控中心,环境监测1,从事环境监测相关现场采样、实验室分析，数据分析、审核、预警等工作。,专技岗,1,2026年毕业生,硕士研究生以上,,,,环境保护类，生物工程类,,,,,,,笔试50%，面试50%,,,,,市级单位,南京市生态环境局,全额拨款,其他专技类,编内,需要野外作业、加班、值班，从事现场高空和夜间执法监测。,取得相应学位。,025-83630175，http://sthjj.nanjing.gov.cn
64,2026-tongyi,南京,南京市生态环境监测监控中心,环境监测2,从事环境监测和环境突发事件应急监测。,专技岗,1,社会人员,硕士研究生以上,,,,环境保护类，化学工程类,,,具有2年及以上工作经历,,,,笔试50%，面试50%,,,,,市级单位,南京市生态环境局,全额拨款,其他专技类,编内,需要野外作业、加班、值班，从事现场高空和夜间执法监测。,取得相应学位；具有2年及以上工作经历。,025-83630175，http://sthjj.nanjing.gov.cn
65,2026-tongyi,南京,南京市生态环境监测监控中心,环境监测3,从事生态环境监测监控，数据分析，污染源现场监测和应急监测等工作。,专技岗,1,社会人员,本科以上,,,环境保护类，计算机（软件）类，计算（网络管理）类,环境保护类，计算机（软件）类，计算（网络管理）类,,,具有2年及以上工作经历,,,,笔试50%，面试50%,,,,,市级单位,南京市生态环境局,全额拨款,其他专技类,编内,需要野外作业、加班、值班，从事现场高空和夜间执法监测。,取得相应学位；具有2年及以上工作经历。,025-83630175，http://sthjj.nanjing.gov.cn
66,2026-tongyi,南京,南京市生态环境监测监控中心,环境监测4,从事现场采样、应急监测、污染溯源、综合分析、环境样品实验室检测等工作。,专技岗,1,社会人员,本科以上,,,环境工程，资源与环境，环境科学与工程，环境监察，环境科学,环境工程，资源与环境，环境科学与工程，环境监察，环境科学,,,具有2年及以上环境监测工作经历,,具有生态环境工程类中级及以上专业技术职称,,笔试50%，面试50%,,,,,市级单位,南京市生态环境局,全额拨款,其他专技类,编内,工作地点在建邺区。需从事现场高空作业、24小时夜间值班、执法检查。,取得相应学位；具有生态环境工程类中级及以上专业技术职称；具有2年及以上环境监测工作经历。,025-83630175，http://sthjj.nanjing.gov.cn
67,2026-tongyi,南京,南京市生态环境监测监控中心,环境监测5,从事环境监测和环境突发事件应急监测。,专技岗,1,不限,本科以上,,,环境科学，环境工程，资源与环境，化学工程与工艺，应用化学,环境科学，环境工程，资源与环境，化学工程与工艺，应用化学,,,,,,,笔试50%，面试50%,,,,,市级单位,南京市生态环境局,全额拨款,其他专技类,编内,工作地点在雨花台区。需从事高空、野外及夜间作业。,取得相应学位。,025-83630175，http://sthjj.nanjing.gov.cn
68,2026-tongyi,南京,南京市生态环境监测监控中心,环境监测6,从事环境监测和突发环境事件应急监测。,专技岗,1,2026年毕业生,本科以上,,,环境保护类，化学工程类,环境保护类，化学工程类,,,,,,,笔试50%，面试50%,,,,,市级单位,南京市生态环境局,全额拨款,其他专技类,编内,工作地点在栖霞区。需从事高空、野外及夜间作业。,取得相应学位。,025-83630175，http://sthjj.nanjing.gov.cn
69,2026-tongyi,南京,南京市生态环境监测监控中心,环境监测7,从事生态环境监测监控、污染源现场监测和应急监测等工作。,专技岗,1,2026年毕业生,本科以上,,,环境工程，资源与环境，环境科学，生态学，大气科学，大气物理学与大气环境，化学工程与工艺,环境工程，资源与环境，环境科学，生态学，大气科学，大气物理学与大气环境，化学工程与工艺,,,,,,,笔试50%，面试50%,,,,,市级单位,南京市生态环境局,全额拨款,其他专技类,编内,工作地点在江宁区。需要野外作业、加班、值班，从事现场高空和夜间执法监测。,取得相应学位。,025-83630175，http://sthjj.nanjing.gov.cn
70,2026-tongyi,南京,南京市生态环境监测监控中心,环境监测8,从事环境样品实验室检测，大型仪器方法开发研究，环境监测相关调查、采样、制样、分析、报告等工作。,专技岗,1,社会人员,本科以上,,,环境工程，资源与环境，环境科学，无机化学，应用化学，有机化学，分析化学，化学工程与工艺,环境工程，资源与环境，环境科学，无机化学，应用化学，有机化学，分析化学，化学工程与工艺,,,具有2年及以上环境监测工作经历,,取得生态环境工程类中级专业技术及以上职称,,笔试50%，面试50%,,,,,市级单位,南京市生态环境局,全额拨款,其他专技类,编内,工作地点在江宁区。需要野外作业、加班、值班。,取得相应学位；取得生态环境工程类中级专业技术及以上职称；具有2年及以上环境监测工作经历。,025-83630175，http://sthjj.nanjing.gov.cn
71,2026-tongyi,南京,南京市建设项目前期费用审核中心,测算审核,从事市政工程建设项目前期征收费用的测算审核工作。,专技岗,1,2026年毕业生,硕士研究生以上,,,,市政工程，建筑与土木工程，结构工程，工程管理，城乡规划学，建筑设计及其理论，建筑技术科学，城市规划，城乡规划，项目管理,,,,,,,笔试40%，面试60%,,,,,市级单位,南京市城乡建设委员会,全额拨款,其他专技类,编内,,取得相应学位。,025-83753511，http://sjw.nanjing.gov.cn
72,2026-tongyi,南京,南京市规划建设展览馆（南京市城市建设新闻信息中心）,平面设计,从事平面设计相关工作。,管理岗,1,2026年毕业生,本科,,,环境设计，环境艺术设计，视觉传达设计，数字媒体艺术,,,,,,,,笔试40%，面试60%,,,,,市级单位,南京市城乡建设委员会,全额拨款,管理类,编内,,取得相应学位。,025-57717123，http://sjw.nanjing.gov.cn/
73,2026-tongyi,南京,南京市规划建设展览馆（南京市城市建设新闻信息中心）,工程管理,从事工程管理、项目管理相关工作。,专技岗,1,社会人员,本科,,,工程管理，工程造价，工程造价管理，项目管理，土木工程，建筑与土木工程,,,,具有3年及以上工作经历,,,,笔试40%，面试60%,,,,,市级单位,南京市城乡建设委员会,全额拨款,其他专技类,编内,,取得相应学位；具有3年及以上工作经历。,025-57717123，http://sjw.nanjing.gov.cn/
74,2026-tongyi,南京,南京市规划建设展览馆（南京市城市建设新闻信息中心）,信息系统管理,主要从事信息化建设相关工作。,专技岗,1,2026年毕业生,本科以上,,,计算机科学与技术，软件工程，信息管理与信息系统，电子信息科学与技术，信息技术应用与管理，网络工程,计算机科学与技术，软件工程，信息管理与信息系统，电子信息科学与技术，信息技术应用与管理，网络工程,,,,,,,笔试40%，面试60%,,,,,市级单位,南京市城乡建设委员会,全额拨款,计算机类,编内,,取得相应学位。,025-57717123，http://sjw.nanjing.gov.cn/
75,2026-tongyi,南京,南京市城市更新中心,业务管理1,从事城市更新制度建设、涉法涉诉、项目推进相关工作。,专技岗,1,2026年毕业生,硕士研究生以上,,,,宪法学与行政法学，民商法学（含：劳动法学、社会保障法学），诉讼法，诉讼法学，法学，法律，法律硕士，法律（法学），法律（非法学），法律硕士（法学），法律硕士（非法学）,,,,取得国家法律职业资格证书（A类）,,,笔试40%，面试60%,,,,,市级单位,南京市城乡建设委员会,自收自支,法律类,编内,,取得相应学位；取得国家法律职业资格证书（A类）。,025-84715216，http://sjw.nanjing.gov.cn
76,2026-tongyi,南京,南京市城市更新中心,业务管理2,从事城市更新制度建设、评估管理、项目推进相关工作。,专技岗,1,社会人员,硕士研究生以上,,,,资产评估，城乡规划学，城市规划与设计（含：风景园林规划与设计），城市与区域规划，测绘工程，土地资源管理，资源与环境，建筑技术科学，建筑与土木工程,,,具有本专业3年及以上工作经历,,,,笔试40%，面试60%,,,,,市级单位,南京市城乡建设委员会,自收自支,其他专技类,编内,,取得相应学位；具有本专业3年及以上工作经历。,025-84715216，http://sjw.nanjing.gov.cn
77,2026-tongyi,南京,南京市燃气服务中心,行业管理,从事燃气行业监管工作。,管理岗,1,社会人员,本科以上,,,化学工程与工艺，供热、供燃气、通风及空调工程，油气储运工程 ，应急技术与管理,化学工程与工艺，供热、供燃气、通风及空调工程，油气储运工程 ，应急技术与管理,,,,,,,笔试40%，面试60%,,,具有2年及以上燃气安全管理经历,,市级单位,南京市城乡建设委员会,全额拨款,管理类,编内,需到现场协助执法，经常加班，参与24小时应急值班，随时到岗参与应急处置。,取得相应学位；具有2年及以上燃气安全管理经历。,025-84614227， http://sjw.nanjing.gov.cn
78,2026-tongyi,南京,南京市建筑市场监督站（南京市建筑企业服务中心）,建筑市场监管,从事建筑市场行业监督、检查有关工作。,专技岗,1,2026年毕业生,硕士研究生以上,,,,土木工程，建筑与土木工程，土木水利，岩土工程，结构工程,,,,,,,笔试40%，面试60%,,,,,市级单位,南京市城乡建设委员会,自收自支,其他专技类,编内,,取得相应学位。,"025-84607811，
http://sjw.nanjing.gov.cn"
79,2026-tongyi,南京,南京市建筑业施工人员服务管理中心,实名制管理,从事实名制管理、农民工工资支付等制度建设、涉法涉诉、项目推进相关工作。,专技岗,1,2026年毕业生,硕士研究生以上,,,,建筑与土木工程，土木工程，建筑学，工程管理,,,,,,,笔试40%，面试60%,,,,,市级单位,南京市城乡建设委员会,自收自支,其他专技类,编内,,取得相应学位。,"025-84876708，
https://sjw.nanjing.gov.cn/"
80,2026-tongyi,南京,南京市建筑工程质量安全监督站（南京市建筑工程质量安全检测中心）,质量安全监督管理,从事房屋建筑工程施工安全和文明施工监督管理及地基基础、主体结构等质量安全监督抽测、抽检工作。,管理岗,1,2026年毕业生,本科以上,,,机械工程，机械设计制造及其自动化，控制科学与工程，建筑电气与智能化，工程管理，项目管理，建筑技术科学，岩土工程，结构工程，土木工程，工程力学，工程结构分析，城市地下空间工程,机械工程，机械设计制造及其自动化，控制科学与工程，建筑电气与智能化，工程管理，项目管理，建筑技术科学，岩土工程，结构工程，土木工程，工程力学，工程结构分析，城市地下空间工程,,,,,,,笔试40%，面试60%,,,,,市级单位,南京市城乡建设委员会,自收自支,管理类,编内,,取得相应学位。,025-84688581，http://sjw.nanjing.gov.cn
81,2026-tongyi,南京,南京市建设工程消防审验服务中心,政策法规,从事法律相关事务、投诉处理等工作。,管理岗,1,社会人员,本科以上,,,法学，民商法，法律，宪法学与行政法学，民商法学（含：劳动法学、社会保障法学），诉讼法，诉讼法学，法律硕士，法律（法学），法律（非法学），法律硕士（法学），法律硕士（非法学）,法学，民商法，法律，宪法学与行政法学，民商法学（含：劳动法学、社会保障法学），诉讼法，诉讼法学，法律硕士，法律（法学），法律（非法学），法律硕士（法学），法律硕士（非法学）,,,具有2年及以上法律事务相关工作经历,取得国家法律职业资格证书（A类）,,,笔试40%，面试60%,,,,,市级单位,南京市城乡建设委员会,自收自支,管理类,编内,,取得相应学位；具有2年及以上法律事务相关工作经历；取得国家法律职业资格证书（A类）。,025-85326606，http://sjw.nanjing.gov.cn/
82,2026-tongyi,南京,南京市轨道交通建设工程质量安全监督站,监督员,从事全市轨道交通建设工程质量安全监督工作。,专技岗,1,社会人员,硕士研究生以上,,,,供热、供燃气、通风及空调工程，电力系统及其自动化，电气工程，道路与铁道工程,,,具有3年及以上相应专业轨道交通工程现场工作经历,取得建设工程专业中级及以上专业技术资格证书,,,笔试40%，面试60%,,,,,市级单位,南京市城乡建设委员会,自收自支,其他专技类,编内,需经常上工地，经常加班，随时到岗参与应急处置。,取得相应学位；取得建设工程专业中级及以上专业技术资格证书；具有3年及以上相应专业轨道交通工程现场工作经历。,025-83278131，http://sjw.nanjing.gov.cn/
83,2026-tongyi,南京,南京市房地产市场交易中心,房屋交易资金监管,从事房屋交易资金监管工作，开展监管账户日常管理及审核资金监管协议。,管理岗,1,2026年毕业生,硕士研究生,,,,工程管理，审计，审计学，管理科学与工程,,,,,,,笔试50%，面试50%,,,,,市级单位,南京市住房保障和房产局,自收自支,管理类,编内,常态化加班、值班。,取得相应学位。,025-84725323，http://fcj.nanjing.gov.cn/dtxx/tzgg/index.html
84,2026-tongyi,南京,南京市房地产市场交易中心,房屋工程监管,从事房屋工程项目施工进度、款项使用监管工作。,管理岗,2,社会人员,本科,,,工程造价，工程造价管理，建设工程管理，工程审计,,,,具有3年及以上工作经历,,,,笔试50%，面试50%,,,,,市级单位,南京市住房保障和房产局,自收自支,管理类,编内,经常到工程施工现场勘察；常态化加班、值班。,取得相应学位；具有3年及以上工作经历。,025-84725323，http://fcj.nanjing.gov.cn/dtxx/tzgg/index.html
85,2026-tongyi,南京,南京市房地产市场交易中心,楼盘数据维护,从事房屋楼盘平台数据新建、变更及维护工作。,专技岗,1,2026年毕业生,硕士研究生,,,,测绘工程，地图学与地理信息系统，地图制图学与地理信息工程，大数据技术与工程,,,,,,,笔试50%，面试50%,,,,,市级单位,南京市住房保障和房产局,自收自支,其他专技类,编内,经常到工程施工现场勘察；常态化加班、值班。,取得相应学位。,025-84725323，http://fcj.nanjing.gov.cn/dtxx/tzgg/index.html
86,2026-tongyi,南京,南京市住房保障中心,住房保障,从事公租房等住房保障综合管理工作。,管理岗,1,2026年毕业生,本科,,,社会保障，劳动与社会保障，劳动和社会保障，社会工作，社会工作与管理，社会学,,,,,,,,笔试50%，面试50%,,,,,市级单位,南京市住房保障和房产局,自收自支,管理类,编内,,取得相应学位。,025-84221932，http://fcj.nanjing.gov.cn/dtxx/tzgg/index.html
87,2026-tongyi,南京,南京市房屋安全服务中心,结构工程技术,从事既有建筑结构安全排查治理工作。,专技岗,1,2026年毕业生,硕士研究生以上,,,,结构工程，工程力学，建筑与土木工程，土木工程,,,,,,,笔试50%，面试50%,,,,,市级单位,南京市住房保障和房产局,全额拨款,其他专技类,编内,需经常加班并参与24小时应急值班；需随时到岗完成工作任务。,取得相应学位。,025-84727315，http://fcj.nanjing.gov.cn/dtxx/tzgg/index.html
88,2026-tongyi,南京,南京市白蚁防治服务中心,白蚁防治行业管理,从事全市白蚁防治行业的相关业务管理工作。,管理岗,1,2026年毕业生,本科,,,公共管理类,,,,,,,,笔试50%，面试50%,,,,,市级单位,南京市住房保障和房产局,自收自支,管理类,编内,,取得相应学位。,025-52379809，http://fcj.nanjing.gov.cn/dtxx/tzgg/index.html
89,2026-tongyi,南京,南京市房地产市场监测分析中心,数据分析与财务审计,从事房地产市场数据监测分析、财务及审计相关工作。,专技岗,1,2026年毕业生,本科,,,经济与金融，审计学，审计学（ACCA方向），财务会计与审计，大数据与会计,,,,,,,,笔试50%，面试50%,,,,,市级单位,南京市住房保障和房产局,全额拨款,经济类（会计、审计）,编内,,取得相应学位。,025-84785063，http://fcj.nanjing.gov.cn/dtxx/tzgg/index.html
90,2026-tongyi,南京,南京市交通运输综合行政执法总队,行政执法1,从事水上交通管理相关执法工作。,专技岗,1,社会人员,本科以上,,,船舶与海洋结构物设计制造，船舶与海洋工程，船舶工程，轮机工程，船舶动力工程技术，轮机工程技术，船舶电气工程技术，船舶电子电气工程,船舶与海洋结构物设计制造，船舶与海洋工程，船舶工程，轮机工程，船舶动力工程技术，轮机工程技术，船舶电气工程技术，船舶电子电气工程,,,,具有注册验船师B级及以上专业技术资格证书,,,笔试50%，面试50%,,,,,市级单位,南京市交通运输局,全额拨款,其他专技类,编内,单位远离市区，服从调配；需一线执法，定期24小时值守，节假日巡查值守。,取得相应学位；具有注册验船师B级及以上专业技术资格证书。,"025-89607893，
http://jtj.nanjing.gov.cn/"
91,2026-tongyi,南京,南京市交通运输综合行政执法总队,行政执法2,从事交通工程建设管理相关执法工作。,专技岗,1,2026年毕业生,本科以上,,,道路与桥梁工程，道路桥梁工程，桥梁与隧道工程，道路桥梁与渡河工程，道路与铁道工程，铁道工程，交通工程，土木工程,道路与桥梁工程，道路桥梁工程，桥梁与隧道工程，道路桥梁与渡河工程，道路与铁道工程，铁道工程，交通工程，土木工程,,,,,,,笔试50%，面试50%,,,,,市级单位,南京市交通运输局,全额拨款,其他专技类,编内,单位远离市区，服从调配；需一线执法，定期24小时值守，节假日巡查值守。,取得相应学位。,"025-89607893，
http://jtj.nanjing.gov.cn/"
92,2026-tongyi,南京,南京市交通运输综合行政执法总队,行政执法3,从事交通工程建设管理相关执法工作。,专技岗,1,不限,本科以上,,,道路与桥梁工程，道路桥梁工程，桥梁与隧道工程，道路桥梁与渡河工程，道路与铁道工程，铁道工程，交通工程，土木工程,道路与桥梁工程，道路桥梁工程，桥梁与隧道工程，道路桥梁与渡河工程，道路与铁道工程，铁道工程，交通工程，土木工程,,,,,,,笔试50%，面试50%,,,,,市级单位,南京市交通运输局,全额拨款,其他专技类,编内,单位远离市区，服从调配；需一线执法，定期24小时值守，节假日巡查值守。,取得相应学位。,"025-89607893，
http://jtj.nanjing.gov.cn/"
93,2026-tongyi,南京,南京市交通运输综合行政执法总队,行政执法4,从事轨道交通管理相关执法工作。,专技岗,1,2026年毕业生,本科以上,,,轨道交通运输，城市轨道交通信号与控制技术，城市轨道交通设备与控制技术，城市轨道交通设备与控制,轨道交通运输，城市轨道交通信号与控制技术，城市轨道交通设备与控制技术，城市轨道交通设备与控制,,,,,,,笔试50%，面试50%,,,,,市级单位,南京市交通运输局,全额拨款,其他专技类,编内,单位远离市区，服从调配；需一线执法，定期24小时值守，节假日巡查值守。,取得相应学位。,"025-89607893，
http://jtj.nanjing.gov.cn/"
94,2026-tongyi,南京,南京市交通运输综合行政执法总队,行政执法5,从事交通运输管理相关执法工作。,专技岗,3,2026年毕业生,本科以上,,,交通运输，交通运输工程，交通运输规划与管理，物流管理，物流工程与管理，现代物流管理，物流，邮政管理，邮政快递管理，邮政工程，物流工程,交通运输，交通运输工程，交通运输规划与管理，物流管理，物流工程与管理，现代物流管理，物流，邮政管理，邮政快递管理，邮政工程，物流工程,,,,,,,笔试50%，面试50%,,,,,市级单位,南京市交通运输局,全额拨款,其他专技类,编内,单位远离市区，服从调配；需一线执法，定期24小时值守，节假日巡查值守。,取得相应学位。,"025-89607893，
http://jtj.nanjing.gov.cn/"
95,2026-tongyi,南京,南京市交通运输综合行政执法总队,行政执法6,从事交通运输管理相关执法工作。,专技岗,3,社会人员,本科以上,,,交通运输，交通运输工程，交通运输规划与管理，物流管理，物流工程与管理，现代物流管理，物流，邮政管理，邮政快递管理，邮政工程，物流工程,交通运输，交通运输工程，交通运输规划与管理，物流管理，物流工程与管理，现代物流管理，物流，邮政管理，邮政快递管理，邮政工程，物流工程,,,具有2年及以上本专业工作经历,,,,笔试50%，面试50%,,,,,市级单位,南京市交通运输局,全额拨款,其他专技类,编内,单位远离市区，服从调配；需一线执法，定期24小时值守，节假日巡查值守。,取得相应学位；具有2年及以上本专业工作经历。,"025-89607893，
http://jtj.nanjing.gov.cn/"
96,2026-tongyi,南京,南京市公路事业发展中心,工程管理,从事公路桥梁建设、养护等管理工作。,专技岗,10,2026年毕业生,本科以上,,,道路与铁道工程，桥梁与隧道工程，土木工程，道路桥梁与渡河工程，交通工程，交通土建工程，工程管理，道路与桥梁工程，道路桥梁工程,道路与铁道工程，桥梁与隧道工程，土木工程，道路桥梁与渡河工程，交通工程，交通土建工程，工程管理，道路与桥梁工程，道路桥梁工程,,,,,,,笔试50%，面试50%,,,,,市级单位,南京市交通运输局,全额拨款,其他专技类,编内,服从调配；需到工程建设一线，工作环境艰苦，经常加班和值班。,取得相应学位。,"025-83194658，
https://jtj.nanjing.gov.cn/"
97,2026-tongyi,南京,南京市公路事业发展中心,系统管理,从事系统设计、运营维护、网络安全管理和数据安全管理及相关工作,专技岗,1,2026年毕业生,本科以上,,,计算机软件与理论，软件工程，计算机科学与技术，信息与计算科学，信息管理与信息系统，信息技术应用与管理，软件工程技术，信息工程,计算机软件与理论，软件工程，计算机科学与技术，信息与计算科学，信息管理与信息系统，信息技术应用与管理，软件工程技术，信息工程,,,,,,,笔试50%，面试50%,,,具有国家信息安全水平考试（NISP）二级及以上或全国计算机技术与软件专业技术资格中级及以上证书,,市级单位,南京市交通运输局,全额拨款,计算机类,编内,服从调配；经常加班和值班，能随时到岗完成应急处置，需要赴基层开展工作。,取得相应学位；具有国家信息安全水平考试（NISP）二级及以上或全国计算机技术与软件专业技术资格中级及以上证书。,"025-83194658，
https://jtj.nanjing.gov.cn/"
98,2026-tongyi,南京,南京市公路事业发展中心,文秘,从事综合文字工作。,专技岗,2,2026年毕业生,本科以上,,,语言学及应用语言学，汉语言文字学，中国现当代文学，新闻学，传播学，新闻与传播，中国文学与文化，中国语言文学，新闻传播学，汉语言文学，汉语言，秘书学，高级文秘,语言学及应用语言学，汉语言文字学，中国现当代文学，新闻学，传播学，新闻与传播，中国文学与文化，中国语言文学，新闻传播学，汉语言文学，汉语言，秘书学，高级文秘,,,,,,,笔试50%，面试50%,,,,,市级单位,南京市交通运输局,全额拨款,其他专技类,编内,服从调配；经常加班和值班。,取得相应学位。,"025-83194658，
https://jtj.nanjing.gov.cn/"
99,2026-tongyi,南京,南京市公路事业发展中心,安全管理,从事公路安全管理及应急管理、消防安全等工作,专技岗,1,2026年毕业生,本科以上,,,安全技术及工程，安全科学与工程，安全工程，安全防范工程，消防工程，应急管理，应急技术与管理，安全工程技术,安全技术及工程，安全科学与工程，安全工程，安全防范工程，消防工程，应急管理，应急技术与管理，安全工程技术,,,,,,,笔试50%，面试50%,,,,,市级单位,南京市交通运输局,全额拨款,其他专技类,编内,服从调配；需要进行长期户外安全检查和工作。,取得相应学位。,"025-83194658，
https://jtj.nanjing.gov.cn/"
100,2026-tongyi,南京,南京市公路事业发展中心,财务,从事财务相关工作。,专技岗,1,2026年毕业生,本科以上,,,会计学，会计，会计硕士，金融，金融硕士，金融学，审计，财务管理，会计信息技术，财务会计与审计，审计学，金融审计,会计学，会计，会计硕士，金融，金融硕士，金融学，审计，财务管理，会计信息技术，财务会计与审计，审计学，金融审计,,,,,,,笔试50%，面试50%,,,,,市级单位,南京市交通运输局,全额拨款,经济类（会计、审计）,编内,服从调配；经常加班和值班。,取得相应学位。,"025-83194658，
https://jtj.nanjing.gov.cn/"
101,2026-tongyi,南京,南京市城市道路管理中心,路桥隧设施管理,负责路桥隧设施养护管理、经费审核等工作。,专技岗,1,社会人员,本科以上,,,道路与桥梁工程，道路桥梁工程，道路桥梁与渡河工程，道路与铁道工程，桥梁与隧道工程，土木工程，工程管理，工程造价，工程造价管理,道路与桥梁工程，道路桥梁工程，道路桥梁与渡河工程，道路与铁道工程，桥梁与隧道工程，土木工程，工程管理，工程造价，工程造价管理,,,具有2年及以上工程造价工作经历,具有二级及以上造价工程师职业资格证书,,,笔试50%，面试50%,,,,,市级单位,南京市交通运输局,全额拨款,其他专技类,编内,需到工程一线；参与夜间、节假日值班。,取得相应学位；具有二级及以上造价工程师职业资格证书；具有2年及以上工程造价工作经历。,025-58066522，https://jtj.nanjing.gov.cn/
102,2026-tongyi,南京,南京市航道事业发展中心,工程管理,负责工程施工组织与管理等工作。,专技岗,4,2026年毕业生,本科以上,,,道路桥梁与渡河工程，港口航道与海岸工程，交通工程，土木工程，港口、海岸及近海工程，桥梁与隧道工程，道路与铁道工程,道路桥梁与渡河工程，港口航道与海岸工程，交通工程，土木工程，港口、海岸及近海工程，桥梁与隧道工程，道路与铁道工程,,,,,,,笔试50%，面试50%,,,,,市级单位,南京市交通运输局,全额拨款,其他专技类,编内,工作地点高淳、溧水、六合区域，需值班。,取得相应学位。,025-86274983，https://jtj.nanjing.gov.cn/
103,2026-tongyi,南京,南京市板桥汽渡服务中心,渡运管理,从事渡运设施维护及岸基管理工作。,管理岗,1,社会人员,本科以上,,,交通工程，交通运输，交通管理工程，工程管理，交通管理，智能交通管理，水利与交通工程，智慧交通,交通工程，交通运输，交通管理工程，工程管理，交通管理，智能交通管理，水利与交通工程，智慧交通,,,具有2年及以上本专业工作经历,,,,笔试50%，面试50%,,,,,市级单位,南京市交通运输局,全额拨款,管理类,编内,单位远离市区；需定期值班和节假日巡查值守。,取得相应学位；具有2年及以上本专业工作经历。,"025-86720478，
https://jtj.nanjing.gov.cn/"
104,2026-tongyi,南京,南京市板桥汽渡服务中心,安全管理,从事渡运安全管理、船舶安全管理、安全监督、应急管理工作。,专技岗,1,2026年毕业生,本科以上,,,航海技术，船舶与海洋工程，船舶工程，海事管理，安全工程，应急管理，安全技术及工程，应急技术与管理，安全防范工程，安全工程技术，应急装备技术与工程，安全生产监管，智慧应急,航海技术，船舶与海洋工程，船舶工程，海事管理，安全工程，应急管理，安全技术及工程，应急技术与管理，安全防范工程，安全工程技术，应急装备技术与工程，安全生产监管，智慧应急,,,,,,,笔试50%，面试50%,,,,,市级单位,南京市交通运输局,全额拨款,其他专技类,编内,单位远离市区；需定期值班和节假日巡查值守。,取得相应学位。,"025-86720478，
https://jtj.nanjing.gov.cn/"
105,2026-tongyi,南京,南京市板桥汽渡服务中心,科技信息管理,从事渡运科技信息系统运行、维护等相关工作。,专技岗,1,社会人员,本科以上,,,计算机科学与技术，电子与计算机工程，信息管理与信息系统，信息工程，人工智能，电子信息，电子信息技术，电子信息工程技术，电子信息技术与仪器,计算机科学与技术，电子与计算机工程，信息管理与信息系统，信息工程，人工智能，电子信息，电子信息技术，电子信息工程技术，电子信息技术与仪器,,,具有2年及以上本专业工作经历,,,,笔试50%，面试50%,,,,,市级单位,南京市交通运输局,全额拨款,其他专技类,编内,单位远离市区；需定期值班和节假日巡查值守。,取得相应学位；具有2年及以上本专业工作经历。,"025-86720478，
https://jtj.nanjing.gov.cn/"
106,2026-tongyi,南京,南京市板桥汽渡服务中心,综合宣传管理,从事文字及宣传等工作。,管理岗,1,2026年毕业生,本科以上,,,汉语言文学，汉语言，应用语言学，高级文秘，新闻学，新闻与传播，新闻传播学，广播电视新闻，广播电视新闻学，传播学，媒体创意，全媒体新闻采编与制作,汉语言文学，汉语言，应用语言学，高级文秘，新闻学，新闻与传播，新闻传播学，广播电视新闻，广播电视新闻学，传播学，媒体创意，全媒体新闻采编与制作,,,,,,,笔试50%，面试50%,,,,,市级单位,南京市交通运输局,全额拨款,管理类,编内,单位远离市区；需定期值班和节假日巡查值守。,取得相应学位。,"025-86720478，
https://jtj.nanjing.gov.cn/"
107,2026-tongyi,南京,南京交通技师学院(南京交通中等专业学校),汽车专业教师,主要承担汽车相关专业教育教学工作。,专技岗,1,不限,硕士研究生以上,,,,车辆工程，载运工具运用工程，交通运输工程，交通运输,,,,,,,笔试50%，面试50%,,,,,市级单位,南京市交通运输局,全额拨款,其他专技类,编内,,取得相应学位。,025-84368780，http://jtj.nanjing.gov.cn/
108,2026-tongyi,南京,南京交通技师学院(南京交通中等专业学校),计算机专业教师,主要承担计算机相关专业教育教学工作。,专技岗,1,不限,硕士研究生以上,,,,人工智能，计算机科学与技术，大数据技术与工程，计算机应用技术，计算机技术,,,,,,,笔试50%，面试50%,,,,,市级单位,南京市交通运输局,全额拨款,计算机类,编内,,取得相应学位。,025-84368780，http://jtj.nanjing.gov.cn/
109,2026-tongyi,南京,南京交通技师学院(南京交通中等专业学校),机电专业教师,主要承担机电相关专业教育教学工作。,专技岗,1,不限,硕士研究生以上,,,,电气工程，机械电子工程，机器人工程，电力电子与电力传动,,,,,,,笔试50%，面试50%,,,,,市级单位,南京市交通运输局,全额拨款,其他专技类,编内,,取得相应学位。,025-84368780，http://jtj.nanjing.gov.cn/
110,2026-tongyi,南京,南京交通技师学院(南京交通中等专业学校),语文教师,主要承担语文教育教学工作。,专技岗,1,2026年毕业生,硕士研究生以上,,,,学科教学（语文），汉语言文字学，中国现当代文学，语文师范,,,,具有相应专业教师资格证（高中或中职及以上）,,,笔试50%，面试50%,,,,,市级单位,南京市交通运输局,全额拨款,其他专技类,编内,,取得相应学位；具有相应专业教师资格证（高中或中职及以上）。,025-84368780，http://jtj.nanjing.gov.cn/
111,2026-tongyi,南京,南京交通技师学院(南京交通中等专业学校),思政教师,主要承担思政教育教学工作。,专技岗,1,2026年毕业生,硕士研究生以上,,,,学科教学（思政），思想政治教育，马克思主义中国化研究，马克思主义理论,,,,具有相应专业教师资格证（高中或中职及以上）,,,笔试50%，面试50%,,,,,市级单位,南京市交通运输局,全额拨款,其他专技类,编内,,取得相应学位；具有相应专业教师资格证（高中或中职及以上）。,025-84368780，http://jtj.nanjing.gov.cn/
112,2026-tongyi,南京,南京交通技师学院(南京交通中等专业学校),英语教师,主要承担英语教育教学工作。,专技岗,1,2026年毕业生,硕士研究生以上,,,,学科教学（英语），英语语言文学，英语口译，英语师范,,,,具有相应专业教师资格证（高中或中职及以上）,,,笔试50%，面试50%,,,,,市级单位,南京市交通运输局,全额拨款,其他专技类,编内,,取得相应学位；具有相应专业教师资格证（高中或中职及以上）。,025-84368780，http://jtj.nanjing.gov.cn/
113,2026-tongyi,南京,南京市交通运输发展中心（南京航运交易中心）,综合文字,从事综合文字工作。,专技岗,1,2026年毕业生,硕士研究生,,,,汉语言文字学，新闻与传播，新闻学，传播学，新闻传播学,,,,,,,笔试50%，面试50%,,,,,市级单位,南京市交通运输局,自收自支,其他专技类,编内,,取得相应学位。,025-51863000，https://jtj.nanjing.gov.cn/
114,2026-tongyi,南京,南京市交通运输发展中心（南京航运交易中心）,交通经济分析,从事交通运输行业和交通物流产业经济运行监测、研究分析工作。,专技岗,2,2026年毕业生,硕士研究生,,,,统计学，会计学，金融学，数量经济学，应用经济学，会计，会计硕士，金融，金融硕士,,,,,,,笔试50%，面试50%,,,,,市级单位,南京市交通运输局,自收自支,经济类（统计、其他经济）,编内,,取得相应学位。,025-51863000，https://jtj.nanjing.gov.cn/
115,2026-tongyi,南京,南京市交通运输发展中心（南京航运交易中心）,运输服务保障,从事交通运输行业发展服务保障，规划编制，政策研究工作。,专技岗,1,2026年毕业生,硕士研究生,,,,交通运输规划与管理，交通运输，道路交通运输，水路交通运输，交通运输工程，轨道交通运输，航空交通运输,,,,,,,笔试50%，面试50%,,,,,市级单位,南京市交通运输局,自收自支,其他专技类,编内,,取得相应学位。,025-51863000，https://jtj.nanjing.gov.cn/
116,2026-tongyi,南京,南京市交通信息中心（南京市交通运输综合应急指挥中心）,财务财会,从事综合财务工作。,专技岗,1,社会人员,本科以上,,,财务财会类,财务财会类,,,具有2年及以上本专业工作经历,,,,笔试50%，面试50%,,,,,市级单位,南京市交通运输局,自收自支,经济类（会计、审计）,编内,,取得相应学位；具有2年及以上本专业工作经历。,"025-83194224，
https://jtj.nanjing.gov.cn/"
117,2026-tongyi,南京,南京市铁路与航空事业发展中心（南京市低空飞行服务中心）,低空飞行服务管理,从事低空飞行服务管理相关工作。,管理岗,1,2026年毕业生,本科以上,,,航空航天工程，航空工程，飞行器控制与信息工程，无人驾驶航空器系统工程,航空航天工程，航空工程，飞行器控制与信息工程，无人驾驶航空器系统工程,,,,,,,笔试50%，面试50%,,,,,市级单位,南京市交通运输局,全额拨款,管理类,编内,服从调配；需到工程建设一线，工作环境艰苦，经常加班和值班。,取得相应学位。,"025-83194557，
https://jtj.nanjing.gov.cn/"
118,2026-tongyi,南京,南京市长江河道管理处,水务工程管理,从事水务工程现场管理、涉水项目监管等工作。,专技岗,1,2026年毕业生,硕士研究生以上,,,,水利水电工程，港口、海岸及近海工程，水利工程，农业水土工程,,,,,,,笔试50%，面试50%,,,,,市级单位,南京市水务局,全额拨款,其他专技类,编内,需参加防汛抢险，参与24小时值班。,取得相应学位。,025-58592258， http://shuiwu.nanjing.gov.cn/
119,2026-tongyi,南京,南京市长江河道管理处,测绘工程应用,从事水务工程观测、水下地形测绘等工作。,专技岗,1,2026年毕业生,硕士研究生以上,,,,测绘工程，遥感科学与技术，大地测量学与测量工程，测绘科学与技术,,,,,,,笔试50%，面试50%,,,,,市级单位,南京市水务局,全额拨款,其他专技类,编内,需参加防汛抢险，参与24小时值班。,取得相应学位。,025-58592258， http://shuiwu.nanjing.gov.cn/
120,2026-tongyi,南京,南京市长江河道管理处,船舶驾驶,从事操控船舶开展河道岸线巡查、养护、抢险等工作。,专技岗,1,社会人员,本科,,,航海技术，船舶与海洋工程，海洋技术，船舶动力工程技术,,,,具备3年及以上船舶驾驶工作经历,持有效的无限航区或内河三类船舶驾驶员及以上适任证书,,,笔试50%，面试50%,,,,,市级单位,南京市水务局,全额拨款,其他专技类,编内,需参加防汛抢险，参与24小时值班。,取得相应学位；持有效的无限航区或内河三类船舶驾驶员及以上适任证书；具备3年及以上船舶驾驶工作经历。,025-58592258， http://shuiwu.nanjing.gov.cn/
121,2026-tongyi,南京,南京市秦淮河河道管理处,水务工程管理1,从事水务工程施工、涉河监管等工作。,专技岗,1,2026年毕业生,硕士研究生以上,,,,水利水电工程，水工结构工程，水利工程，水文学及水资源,,,,,,,笔试50%，面试50%,,,,,市级单位,南京市水务局,全额拨款,其他专技类,编内,需参加防汛抢险，涉河监管，参加24小时值班。,取得相应学位。,025-68727101，http://shuiwu.nanjing.gov.cn/
122,2026-tongyi,南京,南京市秦淮河河道管理处,水务工程管理2,从事河道养护管理、水务工程前期等工作。,专技岗,1,2026年毕业生,硕士研究生以上,,,,水工结构工程，水利工程，城市规划与设计，水文学及水资源,,,,,,,笔试50%，面试50%,,,,,市级单位,南京市水务局,全额拨款,其他专技类,编内,需参加防汛抢险，涉河监管，参加24小时值班。,取得相应学位。,025-68727101，http://shuiwu.nanjing.gov.cn/
123,2026-tongyi,南京,南京市滁河河道管理处,水务工程管理,从事水务工程现场管理、涉河项目监管等工作。,专技岗,1,2026年毕业生,硕士研究生以上,,,,水工结构工程，水利水电工程，港口、海岸及近海工程，农业水土工程，水利工程,,,,,,,笔试50%，面试50%,,,,,市级单位,南京市水务局,全额拨款,其他专技类,编内,需参加防汛抢险，参与24小时值班。,取得相应学位。,025-57792851，http://shuiwu.nanjing.gov.cn/
124,2026-tongyi,南京,南京市水资源管理中心（南京市水土保持管理中心）,水资源管理,从事水资源管理工作。,专技岗,1,2026年毕业生,硕士研究生以上,,,,水文学及水资源，水利水电工程，土木水利，农业工程与信息技术,,,,,,,笔试50%，面试50%,,,,,市级单位,南京市水务局,全额拨款,其他专技类,编内,需赴一线工作。,取得相应学位。,025-83353227-809，http://shuiwu.nanjing.gov.cn/
125,2026-tongyi,南京,南京市城市管理生活废弃物处置指导中心,综合文字,从事综合文字工作。,管理岗,1,2026年毕业生,硕士研究生以上,,,,新闻学，传播学，新闻与传播，马克思主义基本原理，马克思主义中国化研究，思想政治教育,,,,,,,笔试50%，面试50%,,,,,市级单位,南京市城市管理局,全额拨款,管理类,编内,,取得相应学位。,025-51862076，http://cgj.nanjing.gov.cn
126,2026-tongyi,南京,南京市城市管理生活废弃物处置指导中心,会计,从事财会工作。,专技岗,1,2026年毕业生,本科以上,,,会计学，会计，财务管理，财务会计与审计,会计学，会计，财务管理，财务会计与审计,,,,,,,笔试50%，面试50%,,,,,市级单位,南京市城市管理局,全额拨款,经济类（会计、审计）,编内,,取得相应学位。,025-51862076，http://cgj.nanjing.gov.cn
127,2026-tongyi,南京,南京市城市管理宣传教育中心,编辑,从事政务新媒体策划和编辑工作。,管理岗,1,2026年毕业生,本科以上,,,新闻学，传播学，新闻与传播，马克思主义基本原理，新媒体与信息网络，中国语言与文化,新闻学，传播学，新闻与传播，马克思主义基本原理，新媒体与信息网络，中国语言与文化,,,,,,,笔试50%，面试50%,,,,,市级单位,南京市城市管理局,全额拨款,管理类,编内,,取得相应学位。,025-51862076，http://cgj.nanjing.gov.cn
128,2026-tongyi,南京,南京市园林和林业科学研究院,园林和林业技术1,从事园林和林业技术服务工作。,专技岗,1,2026年毕业生,硕士研究生,,,,土壤学，植物营养学，植物资源工程，林木遗传育种,,,,,,,笔试50%，面试50%（其中，结构化面试占40%，专业测试占60%）,,,,,市级单位,南京市绿化园林局,全额拨款,其他专技类,编内,,取得相应学位。,025-85410906， http://ylj.nanjing.gov.cn/
129,2026-tongyi,南京,南京市园林和林业科学研究院,园林和林业技术2,从事园林和林业技术服务工作。,专技岗,1,不限,博士研究生,,,,风景园林，风景园林学，园林植物与观赏园艺，植物学，生态学,,,,,,,笔试50%，面试50%（其中，结构化面试占40%，专业测试占60%）,,,,,市级单位,南京市绿化园林局,全额拨款,其他专技类,编内,,取得相应学位。,025-85410906， http://ylj.nanjing.gov.cn/
130,2026-tongyi,南京,南京市蔬菜科学研究所,农业科研及推广,从事农业科研及推广工作。,专技岗,1,不限,硕士研究生以上,,,,土壤学，植物营养学，生态学，农业资源与环境，资源利用与植物保护，农业资源利用，植物保护,,,,,,,笔试50%，面试50%,,,,,市级单位,南京市农业农村局,全额拨款,其他专技类,编内,需长期驻点园区工作。,取得相应学位。,"025-85411689，
http://nyncj.nanjing.gov.cn/"
131,2026-tongyi,南京,南京市蔬菜科学研究所,种质保护与创新利用,从事南京地方蔬菜种质资源保护、种质创新利用、农技推广等工作。,专技岗,2,2026年毕业生,硕士研究生,,,,农艺与种业，作物遗传育种，蔬菜学，植物学，作物学，园艺学,,,,,,,笔试50%，面试50%,,,,,市级单位,南京市农业农村局,全额拨款,其他专技类,编内,需长期驻点园区工作。,取得相应学位。,"025-85411689，
http://nyncj.nanjing.gov.cn/"
132,2026-tongyi,南京,南京市蔬菜科学研究所,蔬菜机械化技术,从事设施蔬菜机械化生产技术研究与推广工作。,专技岗,1,不限,硕士研究生以上,,,,农业机械化工程，农机装备工程，农业电气化与自动化，农业工程与信息技术，农业机械化，农业信息化，设施农业,,,,,,,笔试50%，面试50%,,,,,市级单位,南京市农业农村局,全额拨款,其他专技类,编内,需长期驻点园区工作。,取得相应学位。,"025-85411689，
http://nyncj.nanjing.gov.cn/"
133,2026-tongyi,南京,南京市蔬菜科学研究所,蔬菜栽培,从事蔬菜栽培工作。,专技岗,1,2026年毕业生,硕士研究生,,,,蔬菜学，园艺学，作物栽培学与耕作学，农艺与种业，植物营养学,,,,,,,笔试50%，面试50%,,,,,市级单位,南京市农业农村局,全额拨款,其他专技类,编内,需长期驻点园区工作。,取得相应学位。,"025-85411689，
http://nyncj.nanjing.gov.cn/"
134,2026-tongyi,南京,南京市水产科学研究所,水产科研1,从事水产病害科研工作。,专技岗,1,2026年毕业生,硕士研究生以上,,,,水产养殖，水产，基础兽医学，病原生物学,,,,,,,笔试50%，面试50%,,,专业方向须为水产病害研究方向,,市级单位,南京市农业农村局,全额拨款,其他专技类,编内,需要在郊区基地长期工作。,取得相应学位；专业方向须为水产病害研究方向。,"025-86566711，
http://nyncj.nanjing.gov.cn/"
135,2026-tongyi,南京,南京市水产科学研究所,水产科研2,从事水产装备研发工作。,专技岗,1,不限,硕士研究生以上,,,,水产，农业机械化工程，农业电气化与自动化，农机装备工程,,,,,,,笔试50%，面试50%,,,,,市级单位,南京市农业农村局,全额拨款,其他专技类,编内,需要在郊区基地长期工作。,取得相应学位。,"025-86566711，
http://nyncj.nanjing.gov.cn/"
136,2026-tongyi,南京,南京市水产科学研究所,水产推广,从事水产养殖技术推广工作。,专技岗,2,不限,硕士研究生以上,,,,水产，水产养殖，渔业，渔业发展,,,,,,,笔试50%，面试50%,,,,,市级单位,南京市农业农村局,全额拨款,其他专技类,编内,需要在郊区基地长期工作。,取得相应学位。,"025-86566711，
http://nyncj.nanjing.gov.cn/"
137,2026-tongyi,南京,南京市水产科学研究所,财务,从事财务会计工作。,专技岗,1,社会人员,本科以上,,,会计学，会计，财务管理，审计，审计学,会计学，会计，财务管理，审计，审计学,,,具有1年及以上本专业工作经历,,,,笔试50%，面试50%,,,,,市级单位,南京市农业农村局,全额拨款,经济类（会计、审计）,编内,,取得相应学位；具有1年及以上本专业工作经历。,"025-86566711，
http://nyncj.nanjing.gov.cn/"
138,2026-tongyi,南京,南京市畜牧家禽科学研究所（南京市畜牧技术推广站）,畜禽生物安全建设和技术推广,从事畜禽生物安全生产保障、畜牧养殖技术集成与科研。,专技岗,1,2026年毕业生,硕士研究生以上,,,,临床兽医学，预防兽医学，基础兽医学，动物营养与饲料科学，特种经济动物饲养，畜牧,,,,,,,笔试50%，面试50%,,,,,市级单位,南京市农业农村局,全额拨款,其他专技类,编内,,取得相应学位。,"025-86216149，
http://nyncj.nanjing.gov.cn/"
139,2026-tongyi,南京,南京市畜牧家禽科学研究所（南京市畜牧技术推广站）,科研工作管理,科技信息平台管理与科研项目管理。,专技岗,1,2026年毕业生,硕士研究生以上,,,,农村发展，农业经济管理，动物学，农业工程与信息技术,,,,,,,笔试50%，面试50%,,,,,市级单位,南京市农业农村局,全额拨款,其他专技类,编内,,取得相应学位。,"025-86216149，
http://nyncj.nanjing.gov.cn/"
140,2026-tongyi,南京,南京市农业装备推广中心,装备与技术推广,从事农业新装备、新技术推广与服务等工作。,专技岗,2,2026年毕业生,硕士研究生以上,,,,农业机械化工程，农业电气化与自动化，农业工程与信息技术，农机装备工程,,,,,,,笔试50%，面试50%,,,,,市级单位,南京市农业农村局,全额拨款,其他专技类,编内,,取得相应学位。,"025-51809557，
http://nyncj.nanjing.gov.cn/"
141,2026-tongyi,南京,南京市农业装备推广中心,信息管理,从事计算机软硬件系统维护、需求分析等工作。,专技岗,1,不限,硕士研究生以上,,,,计算机应用技术，计算机科学与技术，信息与通信工程，软件工程，网络与信息安全,,,,,,,笔试50%，面试50%,,,,,市级单位,南京市农业农村局,全额拨款,计算机类,编内,经常需要加夜班。,取得相应学位。,"025-51809557，
http://nyncj.nanjing.gov.cn/"
142,2026-tongyi,南京,南京市农产品质量检测院,农产品质量安全检测,从事农产品质量安全检测工作。,专技岗,3,2026年毕业生,硕士研究生以上,,,,资源利用与植物保护，农药学，预防兽医学，水产,,,,,,,笔试50%，面试50%,,,,,市级单位,南京市农业农村局,全额拨款,其他专技类,编内,需经常在户外及夜间进行抽样和制样工作。,取得相应学位。,025-86575602，http://nyncj.nanjing.gov.cn
143,2026-tongyi,南京,南京市畜牧兽医站,动物防疫、检疫综合管理与疫病诊断,从事动物防疫、检疫综合管理与动物疫病免疫技术指导、疫病诊断等工作。,专技岗,3,2026年毕业生,硕士研究生,,,,基础兽医学，预防兽医学，临床兽医学，兽医学,,,,,,,笔试50%，面试50%,,,本科阶段须为动物医学或动植物检疫（动物检疫方向）专业，并取得相应学位,,市级单位,南京市农业农村局,全额拨款,其他专技类,编内,岗位环境工作艰苦；需加夜班，能随时到岗完成应急处置工作。,取得相应学位；本科阶段须为动物医学或动植物检疫（动物检疫方向）专业，并取得相应学位。,"025-52873256，
http://nyncj.nanjing.gov.cn/"
144,2026-tongyi,南京,南京市植保植检站,植物保护,从事植物病虫害测报与防治工作。,专技岗,1,不限,硕士研究生以上,,,,植物病理学，农业昆虫与害虫防治，农药学，植物保护，农业资源利用，资源利用与植物保护,,,,,,,笔试50%，面试50%,,,,,市级单位,南京市农业农村局,全额拨款,其他专技类,编内,,取得相应学位。,"025-86575739，
http://nyncj.nanjing.gov.cn/"
145,2026-tongyi,南京,南京城墙保护管理中心,讲解宣传,从事英文讲解工作。,专技岗,2,不限,硕士研究生以上,,,,英语语言文学，翻译，英语口译，英语笔译,,,,取得全国翻译专业资格（水平）考试英语二级口译及以上证书,,,笔试50%，面试50%,,,通过大学英语专业八级且成绩为优秀；专业为翻译的，须为英语方向,,市级单位,南京市文化和旅游局,全额拨款,其他专技类,编内,,取得相应学位；通过大学英语专业八级且成绩为优秀；取得全国翻译专业资格（水平）考试英语二级口译及以上证书；专业为翻译的，须为英语方向。,025-83217636，https://njcitywall.cn/
146,2026-tongyi,南京,南京市考古研究院,田野考古,从事田野调查、勘探、发掘工作。,专技岗,2,2026年毕业生,本科以上,,,考古学，考古学及博物馆学，文物与博物馆，文物与博物馆学,考古学，考古学及博物馆学，文物与博物馆，文物与博物馆学,,,,,,,笔试50%，面试50%,,,以研究生学历报考的，本科阶段专业须为考古学或文物与博物馆学，并取得相应学位,,市级单位,南京市文化和旅游局,全额拨款,其他专技类,编内,需长期从事田野调查、勘探和发掘，工作条件艰苦。,取得相应学位；以研究生学历报考的，本科阶段专业须为考古学或文物与博物馆学，并取得相应学位。,"025-86375232，
https://wlj.nanjing.gov.cn/"
147,2026-tongyi,南京,南京市第一医院,医保管理,从事财会、医保相关工作。,专技岗,1,2026年毕业生,硕士研究生,,,,会计，会计学，会计硕士，应用经济学,,,,通过大学英语六级,,,笔试50%，面试50%,编外（不进事业编制）,,本科专业为会计或会计学，并取得相应学位,,市级单位,南京市卫生健康委员会,差额拨款,经济类（会计、审计）,编外,,取得相应学位；通过大学英语六级；本科专业为会计或会计学，并取得相应学位。,025-86623374，www.njsdyyy.com.cn
148,2026-tongyi,南京,南京脑科医院（南京市胸科医院）,人工智能,从事医学人工智能和设备维护等工作。,专技岗,1,社会人员,硕士研究生以上,,,,电子信息类,,,具有1年及以上本专业工作经历,通过大学英语六级,,,笔试40%，面试60%（其中，结构化面试占50%，技能测试占50%）,编外（不进事业编制）,,,,市级单位,南京市卫生健康委员会,差额拨款,计算机类,编外,,取得相应学位；通过大学英语六级；具有1年及以上本专业工作经历。,025-82296293，www.c-nbh.com
149,2026-tongyi,南京,南京脑科医院（南京市胸科医院）,信息技术,从事信息化建设与管理工作。,专技岗,1,2026年毕业生,博士研究生,,,,计算机技术，计算机科学与技术，网络与信息安全，信号与信息处理，大数据技术与工程,,,,通过大学英语六级,,,笔试40%，面试60%（其中，结构化面试占50%，技能测试占50%）,,,,,市级单位,南京市卫生健康委员会,差额拨款,计算机类,编内,,取得相应学位；通过大学英语六级。,025-82296293， www.c-nbh.com
150,2026-tongyi,南京,南京市中医院,运动康复科研人员,从事运动康复及研究工作。,专技岗,1,不限,硕士研究生以上,,,,运动人体科学，体育人文社会学，体育教育训练学，体育学,,,,具有中国体育科学学会认证的运动处方师证书,,,笔试50%，面试50%（其中，结构化面试占40%，技能测试占60%）,编外（不进事业编制）,,参与体育运动科研课题1项及以上,,市级单位,南京市卫生健康委员会,差额拨款,其他专技类,编外,,取得相应学位；具有中国体育科学学会认证的运动处方师证书；参与体育运动科研课题1项及以上。,"025-86369633, www.njszyy.cn"
151,2026-tongyi,南京,南京市中医院,电气自动化工程师,从事电气自动化设备设计、运行管理。,专技岗,1,2026年毕业生,硕士研究生,,,,电气工程，电力系统及其自动化，电力电子与电力传动，电机与电器,,,,通过大学英语六级,,,笔试50%，面试50%（其中，结构化面试占40%，技能测试占60%）,编外（不进事业编制）,,,,市级单位,南京市卫生健康委员会,差额拨款,其他专技类,编外,,取得相应学位；通过大学英语六级。,"025-86369633,
www.njszyy.cn"
152,2026-tongyi,南京,南京市中医院,信息工程师,从事医院信息化建设工作。,专技岗,1,社会人员,本科,,,信息工程，网络工程，大数据技术与应用，人工智能工程技术,,,,具有3年及以上信息化工作经历,,具有助理工程师及以上专业技术职称,,笔试50%，面试50%（其中，结构化面试占40%，技能测试占60%）,编外（不进事业编制）,,,,市级单位,南京市卫生健康委员会,差额拨款,计算机类,编外,,取得相应学位；具有助理工程师及以上专业技术职称；具有3年及以上信息化工作经历。,"025-86369633,
www.njszyy.cn"
153,2026-tongyi,南京,南京市儿童医院,安全生产,从事医院安全生产及消防安全管理工作。,专技岗,1,不限,硕士研究生,,,,安全技术及工程，安全科学与工程，安全工程，防灾减灾工程及防护工程,,,,,,,笔试50%，面试50%,编外（不进事业编制）,,,,市级单位,南京市卫生健康委员会,差额拨款,其他专技类,编外,,取得相应学位。,025-52862929， www.njch.com.cn
154,2026-tongyi,南京,南京市儿童医院,信息中心1,从事硬件基础设施与终端设备管理工作。,专技岗,1,2026年毕业生,本科,,,网络工程，信息安全，计算机科学与技术，电子信息科学与技术,,,,,,,,笔试50%，面试50%,编外（不进事业编制）,,,,市级单位,南京市卫生健康委员会,差额拨款,其他专技类,编外,,取得相应学位。,025-52862929，  www.njch.com.cn
155,2026-tongyi,南京,南京市儿童医院,信息中心2,从事软件的轻量级开发与日常运维工作。,专技岗,1,不限,硕士研究生以上,,,,计算机软件与理论，软件工程，计算机科学与技术，计算机应用技术，计算机系统结构,,,,,,,笔试50%，面试50%（其中，结构化面试占40%，技能测试占60%）,编外（不进事业编制）,,,,市级单位,南京市卫生健康委员会,差额拨款,计算机类,编外,,取得相应学位。,025-52862929， www.njch.com.cn
156,2026-tongyi,南京,南京市儿童医院,临床医学研究中心,从事临床指南方法学研究和制作（国际指南）工作。,专技岗,1,不限,硕士研究生以上,,,,英语笔译，学科教学（英语），英语口译，英语语言文学,,,,,,,笔试50%，面试50%,编外（不进事业编制）,,,,市级单位,南京市卫生健康委员会,差额拨款,其他专技类,编外,,取得相应学位。,025-52862929，  www.njch.com.cn
157,2026-tongyi,南京,南京市疾病预防控制中心（南京市卫生监督所）,新闻宣传,从事全媒体维护运营工作。,专技岗,1,2026年毕业生,硕士研究生,,,,新闻学，传播学，新闻传播学，新闻与传播,,,,通过大学英语六级,,中共党员,笔试40%，面试60%,,,,,市级单位,南京市卫生健康委员会,全额拨款,其他专技类,编内,,取得相应学位；通过大学英语六级；中共党员。,025-83538317，www.njcdc.cn
158,2026-tongyi,南京,南京市疾病预防控制中心（南京市卫生监督所）,会计,从事出纳、记账工作。,专技岗,1,2026年毕业生,本科以上,,,会计学，会计，审计学，审计,会计学，会计，审计学，审计,,,,通过大学英语四级,,,笔试40%，面试60%,,,,,市级单位,南京市卫生健康委员会,全额拨款,经济类（会计、审计）,编内,,取得相应学位；通过大学英语四级。,025-83538317，www.njcdc.cn
159,2026-tongyi,南京,南京市疾病预防控制中心（南京市卫生监督所）,安全生产,从事安全生产管理、消防管理等工作。,专技岗,1,2026年毕业生,本科以上,,,安全科学与工程，安全工程，工程管理，安全防范工程，应急管理，应急技术管理,安全科学与工程，安全工程，工程管理，安全防范工程，应急管理，应急技术管理,,,,通过大学英语四级,,,笔试40%，面试60%,,,,,市级单位,南京市卫生健康委员会,全额拨款,其他专技类,编内,,取得相应学位；通过大学英语四级。,025-83538317，www.njcdc.cn
160,2026-tongyi,南京,南京市疾病预防控制中心（南京市卫生监督所）,后勤管理,从事后勤保障相关管理工作。,专技岗,1,2026年毕业生,本科以上,,,公共管理，行政管理，行政管理学，公共事业管理,公共管理，行政管理，行政管理学，公共事业管理,,,,通过大学英语四级,,,笔试40%，面试60%,,,,,市级单位,南京市卫生健康委员会,全额拨款,其他专技类,编内,,取得相应学位；通过大学英语四级。,025-83538317，www.njcdc.cn
161,2026-tongyi,南京,南京市卫生信息中心,卫生信息化岗位1,从事卫生信息化工作。,专技岗,1,2026年毕业生,硕士研究生以上,,,,计算机科学与技术，大数据技术与工程，人工智能，计算机软件与理论，模型识别与智能系统，软件工程，智能科学与技术，生物医学工程,,,,,,,笔试50%，面试50%（其中，结构化面试占50%，技能测试占50%）,,,,,市级单位,南京市卫生健康委员会,全额拨款,计算机类,编内,,取得相应学位。,025-83626627，www.nj12320.org/index.jsp
162,2026-tongyi,南京,南京市卫生信息中心,卫生信息化岗位2,从事卫生信息化工作。,专技岗,1,不限,硕士研究生以上,,,,计算机科学与技术，大数据技术与工程，人工智能，计算机软件与理论，模型识别与智能系统，软件工程，智能科学与技术，生物医学工程,,,,,,,笔试50%，面试50%（其中，结构化面试占50%，技能测试占50%）,,,,,市级单位,南京市卫生健康委员会,全额拨款,计算机类,编内,,取得相应学位。,025-83626627，www.nj12320.org/index.jsp
163,2026-tongyi,南京,南京市退役军人服务中心,综合文字,从事综合文字工作。,管理岗,1,2026年毕业生,硕士研究生以上,,,,汉语言文字学，语言学及应用语言学，中国语言文学，思想政治教育,,,,,,,笔试50%，面试50%,,,,,市级单位,南京市退役军人事务局,全额拨款,管理类,编内,需经常加班和驻外值班，能随时到岗完成应急处置。,取得相应学位。,"025-85286960，
https://tyjrswj.nanjing.gov.cn/"
164,2026-tongyi,南京,南京市退役军人服务中心,信息管理,从事信息化系统维护和信息化管理工作。,管理岗,1,社会人员,硕士研究生以上,,,,计算机应用技术，计算机技术，计算机科学与技术，网络与信息安全,,,具有2年及以上信息系统日常运维或数据安全管理等相关工作经历,,,,笔试50%，面试50%,,,,,市级单位,南京市退役军人事务局,全额拨款,管理类,编内,需经常加班和驻外值班，能随时到岗完成应急处置。,取得相应学位；具有2年及以上信息系统日常运维或数据安全管理等相关工作经历。,"025-85286960，
https://tyjrswj.nanjing.gov.cn/"
165,2026-tongyi,南京,南京市人民政府军事保障供应站,食品安全管理,从事食品化验检验工作。,管理岗,1,2026年毕业生,硕士研究生以上,,,,食品科学，营养与食品卫生学，食品加工与安全，食品工程，食品科学与工程，食品与营养,,,,,,,笔试50%，面试50%,,,,,市级单位,南京市退役军人事务局,全额拨款,管理类,编内,需要从事厨务、野外和夜间作业，需露营、加班、值班；工作地点在栖霞区、玄武区。,取得相应学位。,"025-85506308，
http://tyjrswj.nanjing.gov.cn/"
166,2026-tongyi,南京,南京市人民政府军事保障供应站,信息管理与维护,从事计算机管理、系统维护、网络安全相关工作。,管理岗,1,社会人员,硕士研究生以上,,,,计算机应用技术，计算机技术，计算机科学与技术，大数据技术与工程，计算机软件与理论，软件工程,,,具有2年及以上信息系统日常运维或数据安全管理等相关工作经历,,,,笔试50%，面试50%,,,,,市级单位,南京市退役军人事务局,全额拨款,管理类,编内,需要从事厨务、野外和夜间作业，需露营、加班、值班；工作地点在栖霞区、玄武区。,取得相应学位；具有2年及以上信息系统日常运维或数据安全管理等相关工作经历。,"025-85506308，
http://tyjrswj.nanjing.gov.cn/"
167,2026-tongyi,南京,南京市政府投资项目审计中心,工程审计1,从事工程审计工作。,专技岗,2,2026年毕业生,硕士研究生以上,,,,水利水电工程，水利工程，土木水利，建筑与土木工程，土木工程,,,,,,,笔试50%，面试50%,,,,,市级单位,南京市审计局,全额拨款,其他专技类,编内,长期户外工地作业，环境艰苦，出差较多。,取得相应学位。,025-89660229， http://sjj.nanjing.gov.cn/
168,2026-tongyi,南京,南京市政府投资项目审计中心,工程审计2,从事工程审计工作。,专技岗,1,不限,本科以上,,,水利水电工程，港口航道与海岸工程，水务工程，水利水电与港航工程，工程造价，土木工程，治河与港航工程，水环境工程，城市地下空间工程，建筑工程，给水排水工程，道路桥梁与渡河工程，工业与民用建筑，给水排水，给排水工程，工民建，水利工程，建筑设计，城市地下工程，市政工程,水利水电工程，港口航道与海岸工程，水务工程，水利水电与港航工程，工程造价，土木工程，治河与港航工程，水环境工程，城市地下空间工程，建筑工程，给水排水工程，道路桥梁与渡河工程，工业与民用建筑，给水排水，给排水工程，工民建，水利工程，建筑设计，城市地下工程，市政工程,,,具有3年及以上工程造价相关工作经历,,具有工程系列中级及以上专业技术职称,,笔试50%，面试50%,,,,,市级单位,南京市审计局,全额拨款,其他专技类,编内,长期户外工地作业，环境艰苦，出差较多。,取得相应学位；具有工程系列中级及以上专业技术职称；具有3年及以上工程造价相关工作经历。,025-89660229， http://sjj.nanjing.gov.cn/
169,2026-tongyi,南京,南京市政府投资项目审计中心,财务审计,从事财务审计工作。,专技岗,1,不限,本科以上,,,"会计学,会计，审计学，财务管理，财务会计与审计，大数据与财务管理，大数据与审计","会计学,会计，审计学，财务管理，财务会计与审计，大数据与财务管理，大数据与审计",,,具有2年及以上财会工作经历,,,,笔试50%，面试50%,,,,,市级单位,南京市审计局,全额拨款,经济类（会计、审计）,编内,长期户外工地作业，环境艰苦，出差较多。,取得相应学位；具有2年及以上财会工作经历。,025-89660229， http://sjj.nanjing.gov.cn/
170,2026-tongyi,南京,南京市公共资源交易中心,综合管理,从事综合管理工作。,管理岗,1,社会人员,硕士研究生,,,,法律类，财务财会类,,,具有2年及以上本专业工作经历,,取得国家法律职业资格证书（A类）或取得相应专业中级及以上职称,,笔试50%，面试50%,,,,,市级单位,南京市数据局,全额拨款,管理类,编内,,取得相应学位；取得国家法律职业资格证书（A类）或取得相应专业中级及以上职称；具有2年及以上本专业工作经历。,025-68505952，http://njsj.nanjing.gov.cn/
171,2026-tongyi,南京,南京市公共资源交易中心,系统维护,从事交易服务系统管理、维护工作。,专技岗,1,2026年毕业生,硕士研究生,,,,计算机类,,,,,,,笔试50%，面试50%,,,,,市级单位,南京市数据局,全额拨款,计算机类,编内,,取得相应学位。,025-68505952，http://njsj.nanjing.gov.cn/
172,2026-tongyi,南京,南京市企业综合服务中心,企业服务1,从事企业综合服务工作。,管理岗,1,2026年毕业生,硕士研究生,,,,工商管理类,,,,,,,笔试50%，面试50%,,,,,市级单位,南京市数据局,全额拨款,管理类,编内,,取得相应学位。,025-68505015，http://njsj.nanjing.gov.cn/
173,2026-tongyi,南京,南京市企业综合服务中心,企业服务2,从事企业综合服务工作。,专技岗,1,2026年毕业生,硕士研究生,,,,经济类,,,,,,,笔试50%，面试50%,,,,,市级单位,南京市数据局,全额拨款,经济类（统计、其他经济）,编内,,取得相应学位。,025-68505015，http://njsj.nanjing.gov.cn/
174,2026-tongyi,南京,南京市企业综合服务中心,系统建设,从事企业服务系统建设和运行管理工作。,专技岗,1,2026年毕业生,硕士研究生,,,,计算机类,,,,,,,笔试50%，面试50%,,,,,市级单位,南京市数据局,全额拨款,计算机类,编内,,取得相应学位。,025-68505015，http://njsj.nanjing.gov.cn/
175,2026-tongyi,南京,南京市12315消费者投诉举报中心,财务财会,从事财会相关工作。,管理岗,1,2026年毕业生,本科以上,,,会计学，会计，财务管理，财务会计与审计,会计学，会计，财务管理，财务会计与审计,,,,取得初级及以上会计专业技术资格证书,,,笔试50%，面试50%,,,,,市级单位,南京市市场监督管理局,全额拨款,管理类,编内,,取得相应学位；取得初级及以上会计专业技术资格证书。,025-84648771，http://amr.nanjing.gov.cn/
176,2026-tongyi,南京,南京市知识产权保护中心,发明及实用新型专利预审1,主要负责电子信息领域发明及实用新型专利预审。,专技岗,1,2026年毕业生,硕士研究生以上,,,,信息与通信工程，通信与信息系统，电子与通信工程，信号与信息处理，电路与系统，电磁场与微波技术，物理电子学，微电子学与固体电子学,,,,通过大学英语六级,,,笔试50%，面试50%,,,,,市级单位,南京市市场监督管理局,全额拨款,其他专技类,编内,,取得相应学位；通过大学英语六级。,"025-58283080，
025-58186117，http://amr.nanjing.gov.cn/"
177,2026-tongyi,南京,南京市知识产权保护中心,发明及实用新型专利预审2,主要负责计算机领域发明及实用新型专利预审。,专技岗,1,2026年毕业生,硕士研究生以上,,,,计算机软件与理论，软件工程，计算机科学与技术，模式识别与智能系统，计算机应用技术，计算机系统结构，计算机技术，大数据技术与工程，人工智能,,,,通过大学英语六级,,,笔试50%，面试50%,,,,,市级单位,南京市市场监督管理局,全额拨款,计算机类,编内,,取得相应学位；通过大学英语六级。,"025-58283080，
025-58186117，http://amr.nanjing.gov.cn/"
178,2026-tongyi,南京,南京市知识产权保护中心,发明及实用新型专利预审3,主要负责计算机网络领域发明及实用新型专利预审。,管理岗,1,2026年毕业生,硕士研究生以上,,,,网络空间安全，网络与信息安全，信息安全，信息与通信工程，通信工程（含宽带网络、移动通信等）,,,,通过大学英语六级,,,笔试50%，面试50%,,,,,市级单位,南京市市场监督管理局,全额拨款,管理类,编内,,取得相应学位；通过大学英语六级。,025-58283080，025-58186117，http://amr.nanjing.gov.cn/
179,2026-tongyi,南京,南京市产品质量监督检验院,财务管理,从事财务管理相关工作。,专技岗,1,社会人员,硕士研究生以上,,,,财务财会类，审计类,,,具有1年以上财务管理相关工作经历,具有注册会计师资格证书,,,笔试50%，面试50%（其中，结构化面试占40%，专业测试占60%）,,,,,市级单位,南京市市场监督管理局,差额拨款,经济类（会计、审计）,编内,,取得相应学位；具有注册会计师资格证书；具有1年以上财务管理相关工作经历。,"025-86673817，
https://amr.nanjing.gov.cn/"
180,2026-tongyi,南京,南京市产品质量监督检验院,党建党务及综合文字,从事党建党务及综合文字相关工作。,专技岗,1,社会人员,硕士研究生以上,,,,中文文秘类，法律类,,,具有1年以上党建党务及综合文字相关工作经历,,,中共党员,笔试50%，面试50%（其中，结构化面试占40%，专业测试占60%）,,,,,市级单位,南京市市场监督管理局,差额拨款,其他专技类,编内,,取得相应学位；具有1年以上党建党务及综合文字相关工作经历；中共党员。,"025-86673817，
https://amr.nanjing.gov.cn/"
181,2026-tongyi,南京,南京市锅炉压力容器检验研究院,压力容器压力管道检验与技术研发,从事压力容器压力管道检验检测技术服务与研发。,专技岗,2,社会人员,硕士研究生以上,,,,机械工程类，材料工程类，安全生产类,年龄在43周岁以下,,,,具有相应专业中级及以上职称,,笔试50%，面试50%（其中，结构化面试占40%，专业测试占60%）,,,持有2项中华人民共和国特种设备检验检测人员证，级别为检验师，项目为压力容器检验和压力管道检验,,市级单位,南京市市场监督管理局,自收自支,其他专技类,编内,需登高和经常室外作业。,年龄在43周岁以下；取得相应学位；具有相应专业中级及以上职称；持有2项中华人民共和国特种设备检验检测人员证，级别为检验师，项目为压力容器检验和压力管道检验。,025-86673608，http://amr.nanjing.gov.cn/
182,2026-tongyi,南京,南京市锅炉压力容器检验研究院,承压特种设备现场检验,从事承压特种设备现场检验检测。,专技岗,1,2026年毕业生,硕士研究生以上,,,,机械工程，动力工程及工程热物理，动力工程，能源动力，热能工程，化工过程机械，测试计量技术及仪器，仪器科学与技术，材料加工工程，材料工程，材料与化工，材料科学与工程,,,,,,,笔试50%，面试50%（其中，结构化面试占40%，专业测试占60%）,,,,,市级单位,南京市市场监督管理局,自收自支,其他专技类,编内,需登高和经常室外作业。,取得相应学位。,025-86673608，http://amr.nanjing.gov.cn/
183,2026-tongyi,南京,南京市特种设备安全监督检验研究院,机电类特种设备检验技术岗,从事电梯、起重机等机电类特种设备检验技术服务工作。,专技岗,1,2026年毕业生,硕士研究生以上,,,,机械工程类，机电控制类,,,,,,,笔试50%，面试50%,,,,,市级单位,南京市市场监督管理局,自收自支,其他专技类,编内,,取得相应学位。,025-86673530，https://www.njtjy.org.cn/
184,2026-tongyi,南京,南京市清凉山体育运动学校,综合文秘,从事综合文字、综合管理工作。,管理岗,1,2026年毕业生,硕士研究生,,,,语言学及应用语言学，汉语言文字学，中国文学与文化，中国语言文学,,,,,,,笔试50%，面试50%,,,,,市级单位,南京市体育局,全额拨款,管理类,编内,,取得相应学位。,025-84653571，https://sports.nanjing.gov.cn/
185,2026-tongyi,南京,南京市体育科学研究所,体育科研,从事运动队科研保障、开展科学健身指导等相关工作。,专技岗,1,不限,硕士研究生,,,,运动人体科学，体育教育训练学，运动训练，体育学,,,具有本专业1年及以上工作经历,,,,笔试50%，面试50%,,,,,市级单位,南京市体育局,全额拨款,其他专技类,编内,需长期出差，驻点运动队开展科研保障工作。,取得相应学位；具有本专业1年及以上工作经历。,025-84653571，https://sports.nanjing.gov.cn/
186,2026-tongyi,南京,南京市体育彩票管理中心,综合文秘,从事综合文字工作。,管理岗,1,2026年毕业生,硕士研究生,,,,语言学及应用语言学，汉语言文字学，中国文学与文化，中国语言文学,,,,,,,笔试50%，面试50%,,,,,市级单位,南京市体育局,自收自支,管理类,编内,,取得相应学位。,025-84653571，https://sports.nanjing.gov.cn/
187,2026-tongyi,南京,南京市体育竞赛和社会体育指导中心,赛事监管,从事赛事监管服务及赛事组织工作。,管理岗,1,2026年毕业生,硕士研究生,,,,宪法学与行政法学，法学，法律，法律（法学），法律（非法学），法律硕士，法律硕士（法学），法律硕士（非法学）,,,,,,,笔试50%，面试50%,,,,,市级单位,南京市体育局,全额拨款,管理类,编内,节假日需经常驻赛事活动一线现场加班。,取得相应学位。,025-84653571，https://sports.nanjing.gov.cn/
188,2026-tongyi,南京,南京市医疗保障综合服务中心,软件开发,从事软件开发管理、系统维护和管理等工作。,专技岗,1,2026年毕业生,硕士研究生以上,,,,计算机科学与技术，计算机系统结构，计算机软件与理论，计算机应用技术，软件工程，计算机技术,,,,,,,笔试50%，面试50%,,,,,市级单位,南京市医疗保障局,全额拨款,计算机类,编内,需要经常加班。,取得相应学位。,"025-86275063，
https://ybj.nanjing.gov.cn/"
189,2026-tongyi,南京,南京市民族宗教事务管理中心,综合管理,从事行政管理相关工作。,管理岗,1,2026年毕业生,硕士研究生以上,,,,民族学，马克思主义民族理论与政策，宗教学，宗教哲学,,,,,,,笔试50%，面试50%,,,,,市级单位,南京市民族宗教事务局,全额拨款,管理类,编内,,取得相应学位。,025-83635739，https://mzzjj.nanjing.gov.cn/
190,2026-tongyi,南京,南京市人防工程监督管理处,信息管理,从事人防工程信息与数据管理工作。,专技岗,1,2026年毕业生,硕士研究生以上,,,,计算机应用技术，大数据技术与工程，软件工程，信息与通信工程,,,,,,,笔试50%，面试50%,,,,,市级单位,南京市国防动员办公室,全额拨款,计算机类,编内,,取得相应学位。,025-86631661-8656，https://gdb.nanjing.gov.cn
191,2026-tongyi,南京,南京住房公积金管理中心,信息管理,从事住房公积金信息系统建设、维护、安全管理等工作。,管理岗,1,2026年毕业生,硕士研究生以上,,,,网络与信息安全，信息安全，网络空间安全，信息与通信工程，软件工程，计算机应用技术，计算机科学与技术，大数据技术与工程,,,,,,,笔试50%，面试50%,,,,,市级单位,南京住房公积金管理中心,自收自支,管理类,编内,,取得相应学位。,025-84552835，http://gjj.nanjing.gov.cn
192,2026-tongyi,南京,中山陵园管理局,财会,从事会计业务工作。,专技岗,1,2026年毕业生,本科以上,,,财务财会类,财务财会类,,,,,,,笔试50%，面试50%,,,,,市级单位,中山陵园管理局,自收自支,经济类（会计、审计）,编内,因景区工作性质，节假日需要加班。,取得相应学位。,025-85769072，http://zschina.nanjing.gov.cn
193,2026-tongyi,南京,中山陵园管理局,建筑研究,从事中国近现代建筑历史、建筑风格、遗产价值等研究工作。,专技岗,1,2026年毕业生,硕士研究生以上,,,,建筑历史与理论，建筑，建筑学，建筑设计及其理论，建筑技术科学,,,,,,,笔试50%，面试50%,,,,,市级单位,中山陵园管理局,自收自支,其他专技类,编内,因景区工作性质，节假日需要加班。,取得相应学位。,025-85769072，http://zschina.nanjing.gov.cn
194,2026-tongyi,南京,中山陵园管理局,法律,从事法规政策管理工作。,管理岗,1,2026年毕业生,本科以上,,,法学，法学理论，民商法，民商法学，环境与资源保护法学，法律,法学，法学理论，民商法，民商法学，环境与资源保护法学，法律,,,,具有国家法律职业资格证书（A类）,,,笔试50%，面试50%,,,,,市级单位,中山陵园管理局,自收自支,管理类,编内,因景区工作性质，节假日需要加班。,取得相应学位；具有国家法律职业资格证书（A类）。,025-85769072，http://zschina.nanjing.gov.cn
195,2026-tongyi,南京,中山陵园管理局,天文科普,从事紫金山天文台博物馆科普教育工作。,管理岗,1,2026年毕业生,本科以上,,,天文学，地球与空间科学，空间科学与技术，科学技术史，天体测量与天体力学,天文学，地球与空间科学，空间科学与技术，科学技术史，天体测量与天体力学,,,,,,,笔试50%，面试50%,,,,,市级单位,中山陵园管理局,自收自支,管理类,编内,因景区工作性质，节假日需要加班。,取得相应学位。,025-85769072，http://zschina.nanjing.gov.cn
196,2026-tongyi,南京,中山陵园管理局,园林管理,从事景区园林设计、环境管理及养护等工作。,专技岗,1,2026年毕业生,本科以上,,,风景园林学，风景园林，园林植物与观赏园艺，园艺，园林景观工程，园林,风景园林学，风景园林，园林植物与观赏园艺，园艺，园林景观工程，园林,,,,,,,笔试50%，面试50%,,,,,市级单位,中山陵园管理局,自收自支,其他专技类,编内,因景区工作性质，节假日需要加班。,取得相应学位。,025-85769072，http://zschina.nanjing.gov.cn
197,2026-tongyi,南京,中山陵园管理局,综合文字,从事综合文字工作。,管理岗,1,2026年毕业生,硕士研究生以上,,,,中文文秘类,,,,,,,笔试50%，面试50%,,,,,市级单位,中山陵园管理局,自收自支,管理类,编内,因景区工作性质，节假日需要加班。,取得相应学位。,025-85769072，http://zschina.nanjing.gov.cn
198,2026-tongyi,南京,中山陵园管理局,文物修复,从事世界遗产明孝陵、文博场馆文物修复工作。,专技岗,1,2026年毕业生,本科以上,,,文物修复与保护，文物保护与修复，文物鉴赏与修复，文物保护技术，文物与博物馆学,文物修复与保护，文物保护与修复，文物鉴赏与修复，文物保护技术，文物与博物馆学,,,,,,,笔试50%，面试50%,,,,,市级单位,中山陵园管理局,自收自支,其他专技类,编内,因景区工作性质，节假日需要加班。,取得相应学位。,025-85769072，http://zschina.nanjing.gov.cn
199,2026-tongyi,南京,中山陵园管理局,信息化管理与建设,从事信息化建设、维护、网络管理、大数据统计和分析工作。,专技岗,1,2026年毕业生,本科以上,,,计算机软件，计算机软件与理论，软件工程，软件工程技术，计算机应用软件，大数据工程技术，大数据技术与工程,计算机软件，计算机软件与理论，软件工程，软件工程技术，计算机应用软件，大数据工程技术，大数据技术与工程,,,,,,,笔试50%，面试50%,,,,,市级单位,中山陵园管理局,自收自支,计算机类,编内,因景区工作性质，节假日需要加班。,取得相应学位。,025-85769072，http://zschina.nanjing.gov.cn
200,2026-tongyi,南京,南京市雨花台烈士陵园管理局,场馆讲解1,从事讲解接待工作。,专技岗,2,2026年毕业生,硕士研究生以上,,,,中共党史（含：党的学说与党的建设），中国近现代史基本问题研究，中国近现代史,,,,具有普通话二级甲等（含）以上证书,,,笔试50%，面试50%,,,,,市级单位,南京市雨花台烈士陵园管理局,全额拨款,其他专技类,编内,,取得相应学位；具有普通话二级甲等（含）以上证书。,025-69786953，https://yht.nanjing.gov.cn/
201,2026-tongyi,南京,南京市雨花台烈士陵园管理局,场馆讲解2,从事讲解接待工作。,专技岗,2,2026年毕业生,硕士研究生以上,,,,广播电视，广播电视艺术学 ，传播学，新闻与传播,,,,具有普通话一级乙等（含）以上证书,,,笔试50%，面试50%,,,,,市级单位,南京市雨花台烈士陵园管理局,全额拨款,其他专技类,编内,,取得相应学位；具有普通话一级乙等（含）以上证书。,025-69786953，https://yht.nanjing.gov.cn/
202,2026-tongyi,南京,南京市红山森林动物园管理处,野生动物饲养员1,从事野生动物饲养管理工作。,专技岗,2,2026年毕业生,硕士研究生以上,,,,动物学，养殖，畜牧，畜牧学，动物遗传育种与繁殖，动物营养与饲料科学，兽医学，兽医，基础兽医学，预防兽医学，临床兽医学,,,,,,,笔试50%，面试50%（其中，结构化面试占40%，技能测试占60%）,,,,,市级单位,南京文旅集团有限责任公司,自收自支,其他专技类,编内,,取得相应学位。,025-85620026， https://www.njhszoo.com
203,2026-tongyi,南京,南京市红山森林动物园管理处,野生动物饲养员2,从事野生动物饲养管理工作。,专技岗,2,社会人员,本科以上,,,动物科学，动物医学，养殖，畜牧，野生动物与自然保护区管理，兽医，兽医学，动物遗传育种与繁殖，生物技术，动物学，生物技术与工程,动物科学，动物医学，养殖，畜牧，野生动物与自然保护区管理，兽医，兽医学，动物遗传育种与繁殖，生物技术，动物学，生物技术与工程,,,具有2年及以上野生动物饲养工作经历,,,,笔试50%，面试50%（其中，结构化面试占40%，技能测试占60%）,,,,,市级单位,南京文旅集团有限责任公司,自收自支,其他专技类,编内,,具有2年及以上野生动物饲养工作经历。,025-85620026， https://www.njhszoo.com
204,2026-tongyi,南京,南京晓庄学院,男生辅导员及公寓管理,负责学生思想引导、日常管理、学业与心理辅导等相关工作。,管理岗,4,2026年毕业生,硕士研究生以上,,,,不限,,,,,,中共党员,笔试40%，面试60%,,,限男性,,市级单位,南京晓庄学院,全额拨款,管理类,编内,需驻男生公寓，开展公寓管理工作。,取得相应学位；中共党员；限男性。,025-86178380，https://www.njxzc.edu.cn
205,2026-tongyi,南京,南京晓庄学院,女生辅导员及公寓管理,负责学生思想引导、日常管理、学业与心理辅导等相关工作。,管理岗,4,2026年毕业生,硕士研究生以上,,,,不限,,,,,,中共党员,笔试40%，面试60%,,,限女性,,市级单位,南京晓庄学院,全额拨款,管理类,编内,需驻女生公寓，开展公寓管理工作。,取得相应学位；中共党员；限女性。,025-86178380，https://www.njxzc.edu.cn
206,2026-tongyi,南京,南京晓庄学院,男生辅导员及留学生公寓管理,负责学生思想引导、日常管理、学业与心理辅导等相关工作。,管理岗,1,2026年毕业生,硕士研究生以上,,,,英语语言文学，英语口译，英语笔译，学科教学（英语），翻译,,,,,,中共党员,笔试40%，面试60%,,,限男性；专业为翻译的，须为英语方向,,市级单位,南京晓庄学院,全额拨款,管理类,编内,需驻男生（留学生）公寓，开展公寓管理工作。,取得相应学位；中共党员；限男性；专业为翻译的，须为英语方向。,025-86178380，https://www.njxzc.edu.cn
207,2026-tongyi,南京,南京市玄武区融媒体中心（南京市玄武区网络安全应急指挥中心）,网络安全维护,负责网络舆情监测分析处置，网络安全事件受理处置，7×24小时应急值班值守。,管理岗,1,2026年毕业生,硕士研究生以上,,,,计算机（网络管理）类,,,,,,中共党员,笔试50%，面试50%,,,,,玄武区,中共南京市玄武区委员会宣传部,自收自支,管理类,编内,需经常加班和夜间值班。,取得相应学位；中共党员。,025-83680089，http://www.xwzf.gov.cn/
208,2026-tongyi,南京,南京市玄武区融媒体中心（南京市玄武区网络安全应急指挥中心）,材料编报,负责互联网违法和有害不良信息举报处置，撰写互联网相关信息文稿等材料，7×24小时应急值班值守。,管理岗,1,社会人员,硕士研究生以上,,,,新闻与传播，新闻传播学，广播电视，汉语言文字学,,,具有2年及以上从事新闻采写或新媒体撰稿工作经历,,,中共党员,笔试50%，面试50%,,,,,玄武区,中共南京市玄武区委员会宣传部,自收自支,管理类,编内,需经常加班和夜间值班。,取得相应学位；具有2年及以上从事新闻采写或新媒体撰稿工作经历；中共党员。,025-83680089，http://www.xwzf.gov.cn/
209,2026-tongyi,南京,南京市玄武区社会治安综合治理中心,综合管理1,从事综合文字和新闻宣传工作。,管理岗,1,2026年毕业生,本科以上,,,汉语言文字学，汉语言文学，新闻与传播，新闻传播学，新媒体与信息网络,汉语言文字学，汉语言文学，新闻与传播，新闻传播学，新媒体与信息网络,,,,,,,笔试50%，面试50%,,,,,玄武区,中共南京市玄武区委政法委员会,全额拨款,管理类,编内,工作需要加班、值班，服从工作安排，需随时到岗完成应急处置。,取得相应学位。,025-83683053， www.xwzf.gov.cn
210,2026-tongyi,南京,南京市玄武区社会治安综合治理中心,综合管理2,从事法律法务相关工作。,管理岗,1,不限,本科以上,,,法律类,法律类,,,具有3年以上工作经历,,,,笔试50%，面试50%,,,,,玄武区,中共南京市玄武区委政法委员会,全额拨款,管理类,编内,工作需要加班、值班，服从工作安排，需随时到岗完成应急处置。,取得相应学位；具有3年以上工作经历。,025-83683053，www.xwzf.gov.cn
211,2026-tongyi,南京,南京市玄武区投资促进中心,产业招商,从事产业招商工作。,管理岗,1,2026年毕业生,硕士研究生以上,,,,计算机类,,,,,,,笔试50%，面试50%,,,,,玄武区,南京市玄武区投资促进局,全额拨款,管理类,编内,,取得相应学位。,"025-83681983，
www.xwzf.gov.cn"
212,2026-tongyi,南京,南京市玄武区投资促进中心,英语翻译,从事商务翻译工作。,管理岗,1,不限,本科以上,,,英语，英语语言文学，英语翻译，英语口译，翻译,英语，英语语言文学，英语翻译，英语口译，翻译,,,,具有翻译专业资格(CATTI)英语二级口译或上海英语高级口译证书,,,笔试50%，面试50%,,,,,玄武区,南京市玄武区投资促进局,全额拨款,管理类,编内,,取得相应学位；具有翻译专业资格(CATTI)英语二级口译或上海英语高级口译证书。,"025-83681983，
www.xwzf.gov.cn"
213,2026-tongyi,南京,南京市玄武区城市数字治理中心,人工智能运营管理,从事人工智能及数据产业规划、政策研究、运营推广等相关工作。,管理岗,1,2026年毕业生,硕士研究生以上,,,,人工智能，大数据技术与工程，模式识别与智能系统，智能科学与技术，机器人工程，智能制造技术,,,,,,,笔试50%，面试50%,,,,,玄武区,南京市玄武区数据局,全额拨款,管理类,编内,需经常加班、值班、出差，需随时到岗完成应急任务。,取得相应学位。,025-83682039，  www.xwzf.gov.cn
214,2026-tongyi,南京,南京市玄武区城市数字治理中心,人工智能开发应用,从事人工智能及数据产业招商、运营、推广、开发利用等相关工作。,管理岗,1,社会人员,硕士研究生以上,,,,人工智能，大数据技术与工程，模式识别与智能系统，智能科学与技术，机器人工程，智能制造技术,,,具有3年及以上人工智能领域开发运营相关工作经历,,,,笔试50%，面试50%,,,,,玄武区,南京市玄武区数据局,全额拨款,管理类,编内,需经常加班、值班、出差，需随时到岗完成应急任务。,取得相应学位；具有3年及以上人工智能领域开发运营相关工作经历。,025-83682039，  www.xwzf.gov.cn
215,2026-tongyi,南京,南京市玄武区建设工程质量监督站（南京市玄武区建筑安全生产监督站）,建设工程质量安全监督,从事建筑一线施工监督及各类突发事件处理等工作。,专技岗,1,2026年毕业生,本科以上,,,建筑工程类,建筑工程类,,,,,,,笔试50%，面试50%,,,,,玄武区,南京市玄武区建设局,全额拨款,其他专技类,编内,需夜间巡查和应急值班。,取得相应学位。,"025-52400791，
www.xwzf.gov.cn"
216,2026-tongyi,南京,南京市玄武区人民政府新街口街道办事处综合行政检查执法大队,安全生产和消防安全监管执法1,负责安全生产、消防安全等工作，开展宣传教育、巡查走访、监督检查等。,管理岗,2,2026年毕业生,本科以上,,,法律类，机械工程类，安全生产类，化学工程类,法律类，机械工程类，安全生产类，化学工程类,,,,专业是法律类的，须取得国家法律职业资格证书（A类）,,,笔试50%，面试50%,,,,,玄武区,南京市玄武区人民政府新街口街道办事处,全额拨款,管理类,编内,需夜间值班及节假日值班备勤。,取得相应学位；专业是法律类的，须取得国家法律职业资格证书（A类）。,"025-83682209，
www.xwzf.gov.cn"
217,2026-tongyi,南京,南京市玄武区人民政府新街口街道办事处综合行政检查执法大队,安全生产和消防安全监管执法2,负责安全生产、消防安全等工作，开展宣传教育、巡查走访、监督检查等。,管理岗,2,不限,本科以上,,,法律类，机械工程类，安全生产类，化学工程类,法律类，机械工程类，安全生产类，化学工程类,,,,,,,笔试50%，面试50%,,,如取得中级及以上注册安全工程师（类别不限）或一级注册消防工程师资格证书的，专业和学位可不限,,玄武区,南京市玄武区人民政府新街口街道办事处,全额拨款,管理类,编内,需夜间值班及节假日值班备勤。,取得相应学位；如取得中级及以上注册安全工程师（类别不限）或一级注册消防工程师资格证书的，专业和学位可不限。,"025-83682209，
www.xwzf.gov.cn"
218,2026-tongyi,南京,南京市玄武区人民政府玄武门街道办事处综合行政检查执法大队,安全生产和消防安全监管执法1,负责安全生产、消防安全等工作，开展宣传教育、巡查走访、监督检查等。,管理岗,1,2026年毕业生,本科以上,,,法律类，机械工程类，安全生产类，化学工程类,法律类，机械工程类，安全生产类，化学工程类,,,,专业是法律类的，须取得国家法律职业资格证书（A类）,,,笔试50%，面试50%,,,,,玄武区,南京市玄武区人民政府玄武门街道办事处,全额拨款,管理类,编内,需夜间值班及节假日值班备勤。,取得相应学位；专业是法律类的，须取得国家法律职业资格证书（A类）。,"025-83682209，
www.xwzf.gov.cn"
219,2026-tongyi,南京,南京市玄武区人民政府玄武门街道办事处综合行政检查执法大队,安全生产和消防安全监管执法2,负责安全生产、消防安全等工作，开展宣传教育、巡查走访、监督检查等。,管理岗,1,不限,本科以上,,,法律类，机械工程类，安全生产类，化学工程类,法律类，机械工程类，安全生产类，化学工程类,,,,,,,笔试50%，面试50%,,,如取得中级及以上注册安全工程师（类别不限）或一级注册消防工程师资格证书的，专业和学位可不限,,玄武区,南京市玄武区人民政府玄武门街道办事处,全额拨款,管理类,编内,需夜间值班及节假日值班备勤。,取得相应学位；如取得中级及以上注册安全工程师（类别不限）或一级注册消防工程师资格证书的，专业和学位可不限。,"025-83682209，
www.xwzf.gov.cn"
220,2026-tongyi,南京,南京市玄武区人民政府梅园新村街道办事处综合行政检查执法大队,安全生产和消防安全监管执法1,负责安全生产、消防安全等工作，开展宣传教育、巡查走访、监督检查等。,管理岗,2,2026年毕业生,本科以上,,,法律类，机械工程类，安全生产类，化学工程类,法律类，机械工程类，安全生产类，化学工程类,,,,专业是法律类的，须取得国家法律职业资格证书（A类）,,,笔试50%，面试50%,,,,,玄武区,南京市玄武区人民政府梅园新村街道办事处,全额拨款,管理类,编内,需夜间值班及节假日值班备勤。,取得相应学位；专业是法律类的，须取得国家法律职业资格证书（A类）。,"025-83682209，
www.xwzf.gov.cn"
221,2026-tongyi,南京,南京市玄武区人民政府梅园新村街道办事处综合行政检查执法大队,安全生产和消防安全监管执法2,负责安全生产、消防安全等工作，开展宣传教育、巡查走访、监督检查等。,管理岗,1,不限,本科以上,,,法律类，机械工程类，安全生产类，化学工程类,法律类，机械工程类，安全生产类，化学工程类,,,,,,,笔试50%，面试50%,,,如取得中级及以上注册安全工程师（类别不限）或一级注册消防工程师资格证书的，专业和学位可不限,,玄武区,南京市玄武区人民政府梅园新村街道办事处,全额拨款,管理类,编内,需夜间值班及节假日值班备勤。,取得相应学位；如取得中级及以上注册安全工程师（类别不限）或一级注册消防工程师资格证书的，专业和学位可不限。,"025-83682209，
www.xwzf.gov.cn"
222,2026-tongyi,南京,南京市玄武区人民政府孝陵卫街道办事处综合行政检查执法大队,安全生产和消防安全监管执法1,负责安全生产、消防安全等工作，开展宣传教育、巡查走访、监督检查等。,管理岗,1,2026年毕业生,本科以上,,,法律类，机械工程类，安全生产类，化学工程类,法律类，机械工程类，安全生产类，化学工程类,,,,专业是法律类的，须取得国家法律职业资格证书（A类）,,,笔试50%，面试50%,,,,,玄武区,南京市玄武区人民政府孝陵卫街道办事处,全额拨款,管理类,编内,需夜间值班及节假日值班备勤。,取得相应学位；专业是法律类的，须取得国家法律职业资格证书（A类）。,"025-83682209，
www.xwzf.gov.cn"
223,2026-tongyi,南京,南京市玄武区人民政府孝陵卫街道办事处综合行政检查执法大队,安全生产和消防安全监管执法2,负责安全生产、消防安全等工作，开展宣传教育、巡查走访、监督检查等。,管理岗,1,不限,本科以上,,,法律类，机械工程类，安全生产类，化学工程类,法律类，机械工程类，安全生产类，化学工程类,,,,,,,笔试50%，面试50%,,,如取得中级及以上注册安全工程师（类别不限）或一级注册消防工程师资格证书的，专业和学位可不限,,玄武区,南京市玄武区人民政府孝陵卫街道办事处,全额拨款,管理类,编内,需夜间值班及节假日值班备勤。,取得相应学位；如取得中级及以上注册安全工程师（类别不限）或一级注册消防工程师资格证书的，专业和学位可不限。,"025-83682209，
www.xwzf.gov.cn"
224,2026-tongyi,南京,南京市玄武区人民政府锁金村街道办事处综合行政检查执法大队,安全生产和消防安全监管执法1,负责安全生产、消防安全等工作，开展宣传教育、巡查走访、监督检查等。,管理岗,1,2026年毕业生,本科以上,,,法律类，机械工程类，安全生产类，化学工程类,法律类，机械工程类，安全生产类，化学工程类,,,,专业是法律类的，须取得国家法律职业资格证书（A类）,,,笔试50%，面试50%,,,,,玄武区,南京市玄武区人民政府锁金村街道办事处,全额拨款,管理类,编内,需夜间值班及节假日值班备勤。,取得相应学位；专业是法律类的，须取得国家法律职业资格证书（A类）。,"025-83682209，
www.xwzf.gov.cn"
225,2026-tongyi,南京,南京市玄武区人民政府锁金村街道办事处综合行政检查执法大队,安全生产和消防安全监管执法2,负责安全生产、消防安全等工作，开展宣传教育、巡查走访、监督检查等。,管理岗,1,不限,本科以上,,,法律类，机械工程类，安全生产类，化学工程类,法律类，机械工程类，安全生产类，化学工程类,,,,,,,笔试50%，面试50%,,,如取得中级及以上注册安全工程师（类别不限）或一级注册消防工程师资格证书的，专业和学位可不限,,玄武区,南京市玄武区人民政府锁金村街道办事处,全额拨款,管理类,编内,需夜间值班及节假日值班备勤。,取得相应学位；如取得中级及以上注册安全工程师（类别不限）或一级注册消防工程师资格证书的，专业和学位可不限。,"025-83682209，
www.xwzf.gov.cn"
226,2026-tongyi,南京,南京市玄武区人民政府玄武湖街道办事处综合行政检查执法大队,安全生产和消防安全监管执法1,负责安全生产、消防安全等工作，开展宣传教育、巡查走访、监督检查等。,管理岗,1,2026年毕业生,本科以上,,,法律类，机械工程类，安全生产类，化学工程类,法律类，机械工程类，安全生产类，化学工程类,,,,专业是法律类的，须取得国家法律职业资格证书（A类）,,,笔试50%，面试50%,,,,,玄武区,南京市玄武区人民政府玄武湖街道办事处,全额拨款,管理类,编内,需夜间值班及节假日值班备勤。,取得相应学位；专业是法律类的，须取得国家法律职业资格证书（A类）。,"025-83682209，
www.xwzf.gov.cn"
227,2026-tongyi,南京,南京市玄武区人民政府玄武湖街道办事处综合行政检查执法大队,安全生产和消防安全监管执法2,负责安全生产、消防安全等工作，开展宣传教育、巡查走访、监督检查等。,管理岗,1,不限,本科以上,,,法律类，机械工程类，安全生产类，化学工程类,法律类，机械工程类，安全生产类，化学工程类,,,,,,,笔试50%，面试50%,,,如取得中级及以上注册安全工程师（类别不限）或一级注册消防工程师资格证书的，专业和学位可不限,,玄武区,南京市玄武区人民政府玄武湖街道办事处,全额拨款,管理类,编内,需夜间值班及节假日值班备勤。,取得相应学位；如取得中级及以上注册安全工程师（类别不限）或一级注册消防工程师资格证书的，专业和学位可不限。,"025-83682209，
www.xwzf.gov.cn"
228,2026-tongyi,南京,南京市玄武区人民政府红山街道办事处综合行政检查执法大队,安全生产和消防安全监管执法1,负责安全生产、消防安全等工作，开展宣传教育、巡查走访、监督检查等。,管理岗,1,2026年毕业生,本科以上,,,法律类，机械工程类，安全生产类，化学工程类,法律类，机械工程类，安全生产类，化学工程类,,,,专业是法律类的，须取得国家法律职业资格证书（A类）,,,笔试50%，面试50%,,,,,玄武区,南京市玄武区人民政府红山街道办事处,全额拨款,管理类,编内,需夜间值班及节假日值班备勤。,取得相应学位；专业是法律类的，须取得国家法律职业资格证书（A类）。,"025-83682209，
www.xwzf.gov.cn"
229,2026-tongyi,南京,南京市玄武区人民政府红山街道办事处综合行政检查执法大队,安全生产和消防安全监管执法2,负责安全生产、消防安全等工作，开展宣传教育、巡查走访、监督检查等。,管理岗,2,不限,本科以上,,,法律类，机械工程类，安全生产类，化学工程类,法律类，机械工程类，安全生产类，化学工程类,,,,,,,笔试50%，面试50%,,,如取得中级及以上注册安全工程师（类别不限）或一级注册消防工程师资格证书的，专业和学位可不限,,玄武区,南京市玄武区人民政府红山街道办事处,全额拨款,管理类,编内,需夜间值班及节假日值班备勤。,取得相应学位；如取得中级及以上注册安全工程师（类别不限）或一级注册消防工程师资格证书的，专业和学位可不限。,"025-83682209，
www.xwzf.gov.cn"
230,2026-tongyi,南京,南京市秦淮区劳动就业管理中心,网络管理,从事平台信息维护、网络安全等综合管理工作。,管理岗,1,社会人员,本科以上,,,软件工程，信息技术应用与管理，网络工程，计算机技术及其应用，大数据技术与工程，计算机应用技术，网络与信息安全，信息与通信工程,软件工程，信息技术应用与管理，网络工程，计算机技术及其应用，大数据技术与工程，计算机应用技术，网络与信息安全，信息与通信工程,,,具有3年及以上从事计算机相关工作经历,,,,笔试50%，面试50%,,,,,秦淮区,南京市秦淮区人力资源和社会保障局,全额拨款,管理类,编内,,取得相应学位；具有3年及以上从事计算机相关工作经历。,"025-84251202，025-84251204，
www.njqh.gov.cn"
231,2026-tongyi,南京,南京市秦淮区公房管理中心,房产管理,从事房地产市场管理相关工作，可独立撰写政策研究报告。,专技岗,1,2026年毕业生,硕士研究生以上,,,,建筑学，建筑设计及其理论，建筑与土木工程，土木工程,,,,,,,笔试50%，面试50%,,,,,秦淮区,南京市秦淮区住房保障和房产局,自收自支,其他专技类,编内,,取得相应学位。,"025-85698902，
www.njqh.gov.cn"
232,2026-tongyi,南京,南京市秦淮区蓝旗社区卫生服务中心,会计,从事财会工作。,专技岗,1,不限,本科以上,,,会计学，财务管理，会计，大数据与财务管理,会计学，财务管理，会计，大数据与财务管理,,,如社会人员须具有3年及以上财会工作经历,通过大学英语四级；取得会计初级专业技术资格证书,,,笔试50%，面试50%,,,,,秦淮区,南京市秦淮区卫生健康委员会,差额拨款,经济类（会计、审计）,编内,,取得相应学位；通过大学英语四级；取得会计初级专业技术资格证书；如社会人员须具有3年及以上财会工作经历；如取得会计专业中级技术资格证书，年龄可放宽至43周岁。,"025-86661375，
www.njqh.gov.cn"
233,2026-tongyi,南京,南京中国科举博物馆,学术研究,从事科举学术研究与交流工作。,专技岗,1,社会人员,本科以上,,,汉语言文学，历史学，博物馆学，文物与博物馆学，考古学，考古学及博物馆学，历史文献学，中国古代史，中国文学与文化，文物与博物馆，博物馆，文物，民俗学（含：中国民间文学），中国史，专门史,汉语言文学，历史学，博物馆学，文物与博物馆学，考古学，考古学及博物馆学，历史文献学，中国古代史，中国文学与文化，文物与博物馆，博物馆，文物，民俗学（含：中国民间文学），中国史，专门史,年龄43周岁以下,,具有5年及以上文物博物工作经历,具有文物博物中级专业及以上技术资格,,,笔试50%，面试50%,,,以第一作者在省级及以上期刊发表文物博物专业学术文章1篇及以上或出版文物博物专业专著1本及以上,,秦淮区,夫子庙-秦淮风光带风景名胜区管理委员会,自收自支,其他专技类,编内,,年龄43周岁以下；取得相应学位；具有文物博物中级专业及以上技术资格；具有5年及以上文物博物工作经历；以第一作者在省级及以上期刊发表文物博物专业学术文章1篇及以上或出版文物博物专业专著1本及以上；具有文物博物副高级及以上专业技术资格的，年龄可放宽至45周岁。,025-52236971，  www.njqh.gov.cn
234,2026-tongyi,南京,南京市秦淮区社会治安综合治理中心,综合管理,负责中心综合科日常事务、综治中心接待大厅业务分流处理。,管理岗,1,2026年毕业生,本科以上,,,法律类,法律类,,,,,,,笔试50%，面试50%,,,,,秦淮区,中共南京市秦淮区委政法委,全额拨款,管理类,编内,,取得相应学位。,"025-87753962，
www.njqh.gov.cn"
235,2026-tongyi,南京,南京市建邺区融媒体中心,网络舆情监测,主要负责网络舆情监测收集、分析研判、文稿撰写等相关工作。,专技岗,1,2026年毕业生,本科以上,,,计算机（网络管理）类,计算机（网络管理）类,,,,,,,笔试50%，面试50%,,,,,建邺区,中共南京市建邺区委宣传部,自收自支,计算机类,编内,需要参加24小时值班（含节假日）。,取得相应学位。,025-87778147，www.njjy.gov.cn
236,2026-tongyi,南京,南京市建邺区社会治安综合治理中心,社会工作综合,从事行政综合及群众接待、服务、矛盾调解等工作。,管理岗,1,社会人员,本科以上,,,社会学，社会工作，劳动与社会保障，劳动和社会保障，社会工作与管理，智慧社区管理，公共管理，劳动关系,社会学，社会工作，劳动与社会保障，劳动和社会保障，社会工作与管理，智慧社区管理，公共管理，劳动关系,,,具有3年及以上社会工作相关工作经历,,,,笔试50%，面试50%,,,,,建邺区,中共南京市建邺区委政法委员会,全额拨款,管理类,编内,,取得相应学位；具有3年及以上社会工作相关工作经历。,13814050500，www.njjy.gov.cn
237,2026-tongyi,南京,南京市建邺区社会治安综合治理中心,法律服务,从事法律法务相关工作。,管理岗,1,社会人员,本科以上,,,法律类,法律类,,,具有3年及以上法律相关工作经历,取得国家法律职业资格证书（A类）,,,笔试50%，面试50%,,,,,建邺区,中共南京市建邺区委政法委员会,全额拨款,管理类,编内,,取得相应学位；取得国家法律职业资格证书（A类）；具有3年及以上法律相关工作经历。,13814050500，www.njjy.gov.cn
238,2026-tongyi,南京,南京市建邺区社会治安综合治理中心,会计,从事综合财务工作。,专技岗,1,2026年毕业生,本科以上,,,财务财会类,财务财会类,,,,,,,笔试50%，面试50%,,,,,建邺区,中共南京市建邺区委政法委员会,全额拨款,经济类（会计、审计）,编内,,取得相应学位。,13814050500，www.njjy.gov.cn
239,2026-tongyi,南京,南京市建邺区莫愁湖街道综合行政检查执法大队,安全生产和消防安全监管执法,负责安全生产和消防行政执法、巡查检查、投诉举报核查、事故现场勘查等工作。,管理岗,1,2026年毕业生,本科以上,,,安全生产类，化学工程类，机械工程类，法律类,安全生产类，化学工程类，机械工程类，法律类,,,,专业是法律类的须取得国家法律职业资格证书（A类）,,,笔试50%，面试50%,,,,,建邺区,南京市建邺区人民政府莫愁湖街道办事处,全额拨款,管理类,编内,需夜间值班及节假日值班备勤。,取得相应学位；专业是法律类的须取得国家法律职业资格证书（A类）。,025-87778330，www.njjy.gov.cn
240,2026-tongyi,南京,南京市建邺区兴隆街道综合行政检查执法大队,安全生产和消防安全监管执法,负责安全生产和消防行政执法、巡查检查、投诉举报核查、事故现场勘查等工作。,管理岗,1,不限,本科以上,,,安全生产类，化学工程类，机械工程类，法律类,安全生产类，化学工程类，机械工程类，法律类,,,,专业是法律类的须取得国家法律职业资格证书（A类）,,,笔试50%，面试50%,,,如取得中级及以上注册安全工程师职业资格证书（类别不限）或一级注册消防工程师资格证书，专业和学位可不限,,建邺区,南京市建邺区人民政府兴隆街道办事处,全额拨款,管理类,编内,需夜间值班及节假日值班备勤。,取得相应学位；专业是法律类的须取得国家法律职业资格证书（A类）；如取得中级及以上注册安全工程师职业资格证书（类别不限）或一级注册消防工程师资格证书，专业和学位可不限。,025-87778330，www.njjy.gov.cn
241,2026-tongyi,南京,南京市建邺区南苑街道综合行政检查执法大队,安全生产和消防安全监管执法,负责安全生产和消防行政执法、巡查检查、投诉举报核查、事故现场勘查等工作。,管理岗,1,2026年毕业生,本科以上,,,安全生产类，化学工程类，机械工程类，法律类,安全生产类，化学工程类，机械工程类，法律类,,,,专业是法律类的须取得国家法律职业资格证书（A类）,,,笔试50%，面试50%,,,,,建邺区,南京市建邺区人民政府南苑街道办事处,全额拨款,管理类,编内,需夜间值班及节假日值班备勤。,取得相应学位；专业是法律类的须取得国家法律职业资格证书（A类）。,025-87778330，www.njjy.gov.cn
242,2026-tongyi,南京,南京市建邺区沙洲街道综合行政检查执法大队,安全生产和消防安全监管执法,负责安全生产和消防行政执法、巡查检查、投诉举报核查、事故现场勘查等工作。,管理岗,1,不限,本科以上,,,安全生产类，化学工程类，机械工程类，法律类,安全生产类，化学工程类，机械工程类，法律类,,,,专业是法律类的须取得国家法律职业资格证书（A类）,,,笔试50%，面试50%,,,如取得中级及以上注册安全工程师职业资格证书（类别不限）或一级注册消防工程师资格证书，专业和学位可不限,,建邺区,南京市建邺区人民政府沙洲街道办事处,全额拨款,管理类,编内,需夜间值班及节假日值班备勤。,取得相应学位；专业是法律类的须取得国家法律职业资格证书（A类）；如取得中级及以上注册安全工程师职业资格证书（类别不限）或一级注册消防工程师资格证书，专业和学位可不限。,025-87778330，www.njjy.gov.cn
243,2026-tongyi,南京,南京市建邺区双闸街道综合行政检查执法大队,安全生产和消防安全监管执法,负责安全生产和消防行政执法、巡查检查、投诉举报核查、事故现场勘查等工作。,管理岗,1,2026年毕业生,本科以上,,,安全生产类，化学工程类，机械工程类，法律类,安全生产类，化学工程类，机械工程类，法律类,,,,专业是法律类的须取得国家法律职业资格证书（A类）,,,笔试50%，面试50%,,,,,建邺区,南京市建邺区人民政府双闸街道办事处,全额拨款,管理类,编内,需夜间值班及节假日值班备勤。,取得相应学位；专业是法律类的须取得国家法律职业资格证书（A类）。,025-87778330，www.njjy.gov.cn
244,2026-tongyi,南京,南京市建邺区江心洲街道综合行政检查执法大队,安全生产和消防安全监管执法,负责安全生产和消防行政执法、巡查检查、投诉举报核查、事故现场勘查等工作。,管理岗,1,不限,本科以上,,,安全生产类，化学工程类，机械工程类，法律类,安全生产类，化学工程类，机械工程类，法律类,,,,专业是法律类的须取得国家法律职业资格证书（A类）,,,笔试50%，面试50%,,,如取得中级及以上注册安全工程师职业资格证书（类别不限）或一级注册消防工程师资格证书，专业和学位可不限,,建邺区,南京市建邺区人民政府江心洲街道办事处,全额拨款,管理类,编内,需夜间值班及节假日值班备勤。,取得相应学位；专业是法律类的须取得国家法律职业资格证书（A类）；如取得中级及以上注册安全工程师职业资格证书（类别不限）或一级注册消防工程师资格证书，专业和学位可不限。,025-87778330，www.njjy.gov.cn
245,2026-tongyi,南京,南京市鼓楼区融媒体中心,新媒体运营,负责融媒体中心编辑团队管理和日常运营；负责挖掘区域新闻点，做好“鼓楼微讯”各平台账号的宣传策划、活动策划。,管理岗,1,社会人员,本科以上,,,中文文秘类，艺术类，社会政治类,中文文秘类，艺术类，社会政治类,,,具有5年及以上主流媒体或政务新媒体宣传工作经历,,具有新闻系列中级及以上专业技术职称,中共党员,笔试40%，面试60%,,,,,鼓楼区,中共南京市鼓楼区委宣传部,自收自支,管理类,编内,需经常性加班、定期值夜班。,取得相应学位；中共党员；具有5年及以上主流媒体或政务新媒体宣传工作经历；具有新闻系列中级及以上专业技术职称。,"025-83230403，
http://www.njgl.gov.cn/"
246,2026-tongyi,南京,南京市鼓楼区特殊教育学校,校医,负责师生健康管理、传染病防控、卫生健康教育等工作。,专技岗,1,社会人员,本科以上,,,临床医学，中医学，中西医临床医学，内科学，中西医结合临床,临床医学，中医学，中西医临床医学，内科学，中西医结合临床,,,具有3年及以上学校校医或医院工作经历,具有执业医师资格,,,笔试50%，面试50%,,,,,鼓楼区,南京市鼓楼区教育局,全额拨款,其他专技类,编内,,取得相应学位；具有执业医师资格；具有3年及以上学校校医或医院工作经历。,025-83230339， http://www.njgl.gov.cn/
247,2026-tongyi,南京,南京市鼓楼区人民政府华侨路街道综合行政检查执法大队,安全生产和消防安全监管执法1,负责安全生产、消防安全等工作，开展宣传教育、巡查走访、监督检查等。,管理岗,2,2026年毕业生,本科以上,,,安全生产类，化学工程类，机械工程类，法律类,安全生产类，化学工程类，机械工程类，法律类,,,,专业是法律类的须取得国家法律职业资格证书（A类）,,,笔试50%，面试50%,,,,,鼓楼区,南京市鼓楼区人民政府华侨路街道办事处,全额拨款,管理类,编内,需夜间值班及节假日值班备勤。,取得相应学位，专业是法律类的须取得国家法律职业资格证书（A类）。,025-58591392 http://www.njgl.gov.cn/
248,2026-tongyi,南京,南京市鼓楼区人民政府华侨路街道综合行政检查执法大队,安全生产和消防安全监管执法2,负责安全生产、消防安全等工作，开展宣传教育、巡查走访、监督检查等。,管理岗,1,不限,本科以上,,,安全生产类，化学工程类，机械工程类，法律类,安全生产类，化学工程类，机械工程类，法律类,,,,专业是法律类的须取得国家法律职业资格证书（A类）,,,笔试50%，面试50%,,,如取得中级及以上注册安全工程师职业资格证书（类别不限）或一级注册消防工程师资格证书，专业和学位可不限,,鼓楼区,南京市鼓楼区人民政府华侨路街道办事处,全额拨款,管理类,编内,需夜间值班及节假日值班备勤。,取得相应学位；专业是法律类的须取得国家法律职业资格证书（A类）；如取得中级及以上注册安全工程师职业资格证书（类别不限）或一级注册消防工程师资格证书，专业和学位可不限。,025-58591392， http://www.njgl.gov.cn/
249,2026-tongyi,南京,南京市鼓楼区人民政府宁海路街道综合行政检查执法大队,安全生产和消防安全监管执法1,负责安全生产、消防安全等工作，开展宣传教育、巡查走访、监督检查等。,管理岗,2,2026年毕业生,本科以上,,,安全生产类，化学工程类，机械工程类，法律类,安全生产类，化学工程类，机械工程类，法律类,,,,专业是法律类的须取得国家法律职业资格证书（A类）,,,笔试50%，面试50%,,,,,鼓楼区,南京市鼓楼区人民政府宁海路街道办事处,全额拨款,管理类,编内,需夜间值班及节假日值班备勤。,取得相应学位，专业是法律类的须取得国家法律职业资格证书（A类）。,025-58591392， http://www.njgl.gov.cn/
250,2026-tongyi,南京,南京市鼓楼区人民政府宁海路街道综合行政检查执法大队,安全生产和消防安全监管执法2,负责安全生产、消防安全等工作，开展宣传教育、巡查走访、监督检查等。,管理岗,1,不限,本科以上,,,安全生产类，化学工程类，机械工程类，法律类,安全生产类，化学工程类，机械工程类，法律类,,,,专业是法律类的须取得国家法律职业资格证书（A类）,,,笔试50%，面试50%,,,如取得中级及以上注册安全工程师职业资格证书（类别不限）或一级注册消防工程师资格证书，专业和学位可不限,,鼓楼区,南京市鼓楼区人民政府宁海路街道办事处,全额拨款,管理类,编内,需夜间值班及节假日值班备勤。,取得相应学位；专业是法律类的须取得国家法律职业资格证书（A类）；如取得中级及以上注册安全工程师职业资格证书（类别不限）或一级注册消防工程师资格证书，专业和学位可不限。,025-58591392， http://www.njgl.gov.cn/
251,2026-tongyi,南京,南京市鼓楼区人民政府湖南路街道综合行政检查执法大队,安全生产和消防安全监管执法1,负责安全生产、消防安全等工作，开展宣传教育、巡查走访、监督检查等。,管理岗,1,2026年毕业生,本科以上,,,安全生产类，化学工程类，机械工程类，法律类,安全生产类，化学工程类，机械工程类，法律类,,,,专业是法律类的须取得国家法律职业资格证书（A类）,,,笔试50%，面试50%,,,,,鼓楼区,南京市鼓楼区人民政府湖南路街道办事处,全额拨款,管理类,编内,需夜间值班及节假日值班备勤。,取得相应学位；专业是法律类的须取得国家法律职业资格证书（A类）。,025-58591392， http://www.njgl.gov.cn/
252,2026-tongyi,南京,南京市鼓楼区人民政府湖南路街道综合行政检查执法大队,安全生产和消防安全监管执法2,负责安全生产、消防安全等工作，开展宣传教育、巡查走访、监督检查等。,管理岗,1,不限,本科以上,,,安全生产类，化学工程类，机械工程类，法律类,安全生产类，化学工程类，机械工程类，法律类,,,,专业是法律类的须取得国家法律职业资格证书（A类）,,,笔试50%，面试50%,,,如取得中级及以上注册安全工程师职业资格证书（类别不限）或一级注册消防工程师资格证书，专业和学位可不限,,鼓楼区,南京市鼓楼区人民政府湖南路街道办事处,全额拨款,管理类,编内,需夜间值班及节假日值班备勤。,取得相应学位；专业是法律类的须取得国家法律职业资格证书（A类）；如取得中级及以上注册安全工程师职业资格证书（类别不限）或一级注册消防工程师资格证书，专业和学位可不限。,025-58591392， http://www.njgl.gov.cn/
253,2026-tongyi,南京,南京市鼓楼区人民政府中央门街道综合行政检查执法大队,安全生产和消防安全监管执法1,负责安全生产、消防安全等工作，开展宣传教育、巡查走访、监督检查等。,管理岗,2,2026年毕业生,本科以上,,,安全生产类，化学工程类，机械工程类，法律类,安全生产类，化学工程类，机械工程类，法律类,,,,专业是法律类的须取得国家法律职业资格证书（A类）,,,笔试50%，面试50%,,,,,鼓楼区,南京市鼓楼区人民政府中央门街道办事处,全额拨款,管理类,编内,需夜间值班及节假日值班备勤。,取得相应学位；专业是法律类的须取得国家法律职业资格证书（A类）。,025-58591392， http://www.njgl.gov.cn/
254,2026-tongyi,南京,南京市鼓楼区人民政府中央门街道综合行政检查执法大队,安全生产和消防安全监管执法2,负责安全生产、消防安全等工作，开展宣传教育、巡查走访、监督检查等。,管理岗,1,不限,本科以上,,,安全生产类，化学工程类，机械工程类，法律类,安全生产类，化学工程类，机械工程类，法律类,,,,专业是法律类的须取得国家法律职业资格证书（A类）,,,笔试50%，面试50%,,,如取得中级及以上注册安全工程师职业资格证书（类别不限）或一级注册消防工程师资格证书，专业和学位可不限,,鼓楼区,南京市鼓楼区人民政府中央门街道办事处,全额拨款,管理类,编内,需夜间值班及节假日值班备勤。,取得相应学位；专业是法律类的须取得国家法律职业资格证书（A类）；如取得中级及以上注册安全工程师职业资格证书（类别不限）或一级注册消防工程师资格证书，专业和学位可不限。,025-58591392， http://www.njgl.gov.cn/
255,2026-tongyi,南京,南京市鼓楼区人民政府挹江门街道综合行政检查执法大队,安全生产和消防安全监管执法1,负责安全生产、消防安全等工作，开展宣传教育、巡查走访、监督检查等。,管理岗,2,2026年毕业生,本科以上,,,安全生产类，化学工程类，机械工程类，法律类,安全生产类，化学工程类，机械工程类，法律类,,,,专业是法律类的须取得国家法律职业资格证书（A类）,,,笔试50%，面试50%,,,,,鼓楼区,南京市鼓楼区人民政府挹江门街道办事处,全额拨款,管理类,编内,需夜间值班及节假日值班备勤。,取得相应学位；专业是法律类的须取得国家法律职业资格证书（A类）。,025-58591392， http://www.njgl.gov.cn/
256,2026-tongyi,南京,南京市鼓楼区人民政府挹江门街道综合行政检查执法大队,安全生产和消防安全监管执法2,负责安全生产、消防安全等工作，开展宣传教育、巡查走访、监督检查等。,管理岗,1,不限,本科以上,,,安全生产类，化学工程类，机械工程类，法律类,安全生产类，化学工程类，机械工程类，法律类,,,,专业是法律类的须取得国家法律职业资格证书（A类）,,,笔试50%，面试50%,,,如取得中级及以上注册安全工程师职业资格证书（类别不限）或一级注册消防工程师资格证书，专业和学位可不限,,鼓楼区,南京市鼓楼区人民政府挹江门街道办事处,全额拨款,管理类,编内,需夜间值班及节假日值班备勤。,取得相应学位；专业是法律类的须取得国家法律职业资格证书（A类）；如取得中级及以上注册安全工程师职业资格证书（类别不限）或一级注册消防工程师资格证书，专业和学位可不限。,025-58591392， http://www.njgl.gov.cn/
257,2026-tongyi,南京,南京市鼓楼区人民政府江东街道综合行政检查执法大队,安全生产和消防安全监管执法1,负责安全生产、消防安全等工作，开展宣传教育、巡查走访、监督检查等。,管理岗,1,2026年毕业生,本科以上,,,安全生产类，化学工程类，机械工程类，法律类,安全生产类，化学工程类，机械工程类，法律类,,,,专业是法律类的须取得国家法律职业资格证书（A类）,,,笔试50%，面试50%,,,,,鼓楼区,南京市鼓楼区人民政府江东街道办事处,全额拨款,管理类,编内,需夜间值班及节假日值班备勤。,取得相应学位；专业是法律类的须取得国家法律职业资格证书（A类）。,025-58591392， http://www.njgl.gov.cn/
258,2026-tongyi,南京,南京市鼓楼区人民政府江东街道综合行政检查执法大队,安全生产和消防安全监管执法2,负责安全生产、消防安全等工作，开展宣传教育、巡查走访、监督检查等。,管理岗,1,不限,本科以上,,,安全生产类，化学工程类，机械工程类，法律类,安全生产类，化学工程类，机械工程类，法律类,,,,专业是法律类的须取得国家法律职业资格证书（A类）,,,笔试50%，面试50%,,,如取得中级及以上注册安全工程师职业资格证书（类别不限）或一级注册消防工程师资格证书，专业和学位可不限,,鼓楼区,南京市鼓楼区人民政府江东街道办事处,全额拨款,管理类,编内,需夜间值班及节假日值班备勤。,取得相应学位；专业是法律类的须取得国家法律职业资格证书（A类）；如取得中级及以上注册安全工程师职业资格证书（类别不限）或一级注册消防工程师资格证书，专业和学位可不限。,025-58591392， http://www.njgl.gov.cn/
259,2026-tongyi,南京,南京市鼓楼区人民政府凤凰街道综合行政检查执法大队,安全生产和消防安全监管执法1,负责安全生产、消防安全等工作，开展宣传教育、巡查走访、监督检查等。,管理岗,1,2026年毕业生,本科以上,,,安全生产类，化学工程类，机械工程类，法律类,安全生产类，化学工程类，机械工程类，法律类,,,,专业是法律类的须取得国家法律职业资格证书（A类）,,,笔试50%，面试50%,,,,,鼓楼区,南京市鼓楼区人民政府凤凰街道办事处,全额拨款,管理类,编内,需夜间值班及节假日值班备勤。,取得相应学位；专业是法律类的须取得国家法律职业资格证书（A类）。,025-58591392， http://www.njgl.gov.cn/
260,2026-tongyi,南京,南京市鼓楼区人民政府凤凰街道综合行政检查执法大队,安全生产和消防安全监管执法2,负责安全生产、消防安全等工作，开展宣传教育、巡查走访、监督检查等。,管理岗,1,不限,本科以上,,,安全生产类，化学工程类，机械工程类，法律类,安全生产类，化学工程类，机械工程类，法律类,,,,专业是法律类的须取得国家法律职业资格证书（A类）,,,笔试50%，面试50%,,,如取得中级及以上注册安全工程师职业资格证书（类别不限）或一级注册消防工程师资格证书，专业和学位可不限,,鼓楼区,南京市鼓楼区人民政府凤凰街道办事处,全额拨款,管理类,编内,需夜间值班及节假日值班备勤。,取得相应学位；专业是法律类的须取得国家法律职业资格证书（A类）；如取得中级及以上注册安全工程师职业资格证书（类别不限）或一级注册消防工程师资格证书，专业和学位可不限。,025-58591392， http://www.njgl.gov.cn/
261,2026-tongyi,南京,南京市鼓楼区人民政府热河南路街道综合行政检查执法大队,安全生产和消防安全监管执法1,负责安全生产、消防安全等工作，开展宣传教育、巡查走访、监督检查等。,管理岗,1,2026年毕业生,本科以上,,,安全生产类，化学工程类，机械工程类，法律类,安全生产类，化学工程类，机械工程类，法律类,,,,专业是法律类的须取得国家法律职业资格证书（A类）,,,笔试50%，面试50%,,,,,鼓楼区,南京市鼓楼区人民政府热河南路街道办事处,全额拨款,管理类,编内,需夜间值班及节假日值班备勤。,取得相应学位；专业是法律类的须取得国家法律职业资格证书（A类）。,025-58591392， http://www.njgl.gov.cn/
262,2026-tongyi,南京,南京市鼓楼区人民政府热河南路街道综合行政检查执法大队,安全生产和消防安全监管执法2,负责安全生产、消防安全等工作，开展宣传教育、巡查走访、监督检查等。,管理岗,1,不限,本科以上,,,安全生产类，化学工程类，机械工程类，法律类,安全生产类，化学工程类，机械工程类，法律类,,,,专业是法律类的须取得国家法律职业资格证书（A类）,,,笔试50%，面试50%,,,如取得中级及以上注册安全工程师职业资格证书（类别不限）或一级注册消防工程师资格证书，专业和学位可不限,,鼓楼区,南京市鼓楼区人民政府热河南路街道办事处,全额拨款,管理类,编内,需夜间值班及节假日值班备勤。,取得相应学位；专业是法律类的须取得国家法律职业资格证书（A类）；如取得中级及以上注册安全工程师职业资格证书（类别不限）或一级注册消防工程师资格证书，专业和学位可不限。,025-58591392， http://www.njgl.gov.cn/
263,2026-tongyi,南京,南京市鼓楼区人民政府下关街道综合行政检查执法大队,安全生产和消防安全监管执法1,负责安全生产、消防安全等工作，开展宣传教育、巡查走访、监督检查等。,管理岗,1,2026年毕业生,本科以上,,,安全生产类，化学工程类，机械工程类，法律类,安全生产类，化学工程类，机械工程类，法律类,,,,专业是法律类的须取得国家法律职业资格证书（A类）,,,笔试50%，面试50%,,,,,鼓楼区,南京市鼓楼区人民政府下关街道办事处,全额拨款,管理类,编内,需夜间值班及节假日值班备勤。,取得相应学位；专业是法律类的须取得国家法律职业资格证书（A类）。,025-58591392， http://www.njgl.gov.cn/
264,2026-tongyi,南京,南京市鼓楼区人民政府下关街道综合行政检查执法大队,安全生产和消防安全监管执法2,负责安全生产、消防安全等工作，开展宣传教育、巡查走访、监督检查等。,管理岗,1,不限,本科以上,,,安全生产类，化学工程类，机械工程类，法律类,安全生产类，化学工程类，机械工程类，法律类,,,,专业是法律类的须取得国家法律职业资格证书（A类）,,,笔试50%，面试50%,,,如取得中级及以上注册安全工程师职业资格证书（类别不限）或一级注册消防工程师资格证书，专业和学位可不限,,鼓楼区,南京市鼓楼区人民政府下关街道办事处,全额拨款,管理类,编内,需夜间值班及节假日值班备勤。,取得相应学位；专业是法律类的须取得国家法律职业资格证书（A类）；如取得中级及以上注册安全工程师职业资格证书（类别不限）或一级注册消防工程师资格证书，专业和学位可不限。,025-58591392， http://www.njgl.gov.cn/
265,2026-tongyi,南京,南京市鼓楼区人民政府建宁路街道综合行政检查执法大队,安全生产和消防安全监管执法1,负责安全生产、消防安全等工作，开展宣传教育、巡查走访、监督检查等。,管理岗,1,2026年毕业生,本科以上,,,安全生产类，化学工程类，机械工程类，法律类,安全生产类，化学工程类，机械工程类，法律类,,,,专业是法律类的须取得国家法律职业资格证书（A类）,,,笔试50%，面试50%,,,,,鼓楼区,南京市鼓楼区人民政府建宁路街道办事处,全额拨款,管理类,编内,需夜间值班及节假日值班备勤。,取得相应学位；专业是法律类的须取得国家法律职业资格证书（A类）。,025-58591392， http://www.njgl.gov.cn/
266,2026-tongyi,南京,南京市鼓楼区人民政府建宁路街道综合行政检查执法大队,安全生产和消防安全监管执法2,负责安全生产、消防安全等工作，开展宣传教育、巡查走访、监督检查等。,管理岗,1,不限,本科以上,,,安全生产类，化学工程类，机械工程类，法律类,安全生产类，化学工程类，机械工程类，法律类,,,,专业是法律类的须取得国家法律职业资格证书（A类）,,,笔试50%，面试50%,,,如取得中级及以上注册安全工程师职业资格证书（类别不限）或一级注册消防工程师资格证书，专业和学位可不限,,鼓楼区,南京市鼓楼区人民政府建宁路街道办事处,全额拨款,管理类,编内,需夜间值班及节假日值班备勤。,取得相应学位；专业是法律类的须取得国家法律职业资格证书（A类）；如取得中级及以上注册安全工程师职业资格证书（类别不限）或一级注册消防工程师资格证书，专业和学位可不限。,025-58591392， http://www.njgl.gov.cn/
267,2026-tongyi,南京,南京市鼓楼区人民政府宝塔桥街道综合行政检查执法大队,安全生产和消防安全监管执法1,负责安全生产、消防安全等工作，开展宣传教育、巡查走访、监督检查等。,管理岗,1,2026年毕业生,本科以上,,,安全生产类，化学工程类，机械工程类，法律类,安全生产类，化学工程类，机械工程类，法律类,,,,专业是法律类的须取得国家法律职业资格证书（A类）,,,笔试50%，面试50%,,,,,鼓楼区,南京市鼓楼区人民政府宝塔桥街道办事处,全额拨款,管理类,编内,需夜间值班及节假日值班备勤。,取得相应学位；专业是法律类的须取得国家法律职业资格证书（A类）。,025-58591392， http://www.njgl.gov.cn/
268,2026-tongyi,南京,南京市鼓楼区人民政府宝塔桥街道综合行政检查执法大队,安全生产和消防安全监管执法2,负责安全生产、消防安全等工作，开展宣传教育、巡查走访、监督检查等。,管理岗,1,不限,本科以上,,,安全生产类，化学工程类，机械工程类，法律类,安全生产类，化学工程类，机械工程类，法律类,,,,专业是法律类的须取得国家法律职业资格证书（A类）,,,笔试50%，面试50%,,,如取得中级及以上注册安全工程师职业资格证书（类别不限）或一级注册消防工程师资格证书，专业和学位可不限,,鼓楼区,南京市鼓楼区人民政府宝塔桥街道办事处,全额拨款,管理类,编内,需夜间值班及节假日值班备勤。,取得相应学位；专业是法律类的须取得国家法律职业资格证书（A类）；如取得中级及以上注册安全工程师职业资格证书（类别不限）或一级注册消防工程师资格证书，专业和学位可不限。,025-58591392， http://www.njgl.gov.cn/
269,2026-tongyi,南京,南京市鼓楼区人民政府小市街道综合行政检查执法大队,安全生产和消防安全监管执法1,负责安全生产、消防安全等工作，开展宣传教育、巡查走访、监督检查等。,管理岗,1,2026年毕业生,本科以上,,,安全生产类，化学工程类，机械工程类，法律类,安全生产类，化学工程类，机械工程类，法律类,,,,专业是法律类的须取得国家法律职业资格证书（A类）,,,笔试50%，面试50%,,,,,鼓楼区,南京市鼓楼区人民政府小市街道办事处,全额拨款,管理类,编内,需夜间值班及节假日值班备勤。,取得相应学位；专业是法律类的须取得国家法律职业资格证书（A类）。,025-58591392， http://www.njgl.gov.cn/
270,2026-tongyi,南京,南京市鼓楼区人民政府小市街道综合行政检查执法大队,安全生产和消防安全监管执法2,负责安全生产、消防安全等工作，开展宣传教育、巡查走访、监督检查等。,管理岗,1,不限,本科以上,,,安全生产类，化学工程类，机械工程类，法律类,安全生产类，化学工程类，机械工程类，法律类,,,,专业是法律类的须取得国家法律职业资格证书（A类）,,,笔试50%，面试50%,,,如取得中级及以上注册安全工程师职业资格证书（类别不限）或一级注册消防工程师资格证书，专业和学位可不限,,鼓楼区,南京市鼓楼区人民政府小市街道办事处,全额拨款,管理类,编内,需夜间值班及节假日值班备勤。,取得相应学位；专业是法律类的须取得国家法律职业资格证书（A类）；如取得中级及以上注册安全工程师职业资格证书（类别不限）或一级注册消防工程师资格证书，专业和学位可不限。,025-58591392， http://www.njgl.gov.cn/
271,2026-tongyi,南京,南京市鼓楼区人民政府幕府山街道综合行政检查执法大队,安全生产和消防安全监管执法,负责安全生产、消防安全等工作，开展宣传教育、巡查走访、监督检查等。,管理岗,1,2026年毕业生,本科以上,,,安全生产类，化学工程类，机械工程类，法律类,安全生产类，化学工程类，机械工程类，法律类,,,,专业是法律类的须取得国家法律职业资格证书（A类）,,,笔试50%，面试50%,,,,,鼓楼区,南京市鼓楼区人民政府幕府山街道办事处,全额拨款,管理类,编内,需夜间值班及节假日值班备勤。,取得相应学位；专业是法律类的须取得国家法律职业资格证书（A类）。,025-58591392， http://www.njgl.gov.cn/
272,2026-tongyi,南京,南京市雨花台区社会治安综合治理中心,风险防控,从事社会治安网格化服务管理等工作。,管理岗,1,2026年毕业生,本科以上,,,计算机类,计算机类,,,,,,,笔试50%，面试50%,,,,,雨花台区,中共南京市雨花台区委政法委员会,全额拨款,管理类,编内,,取得相应学位。,025-52883227，http://www.njyh.gov.cn/
273,2026-tongyi,南京,南京市雨花台区企业服务中心,财务财会,从事财务工作。,专技岗,1,2026年毕业生,本科以上,,,会计，会计学，会计硕士，财务管理，会计信息技术，财务会计与审计，国际会计，财务会计教育,会计，会计学，会计硕士，财务管理，会计信息技术，财务会计与审计，国际会计，财务会计教育,,,,具有初级及以上会计专业技术资格证书,,,笔试50%，面试50%,,,,,雨花台区,南京市雨花台区发展和改革委员会,全额拨款,经济类（会计、审计）,编内,,取得相应学位；具有初级及以上会计专业技术资格证书。,025-52873950，  http://www.njyh.gov.cn/
274,2026-tongyi,南京,南京市雨花台区建设工程质量监督站,质监员1,从事全区建设工程消防设计审核、验收等工作。,专技岗,1,2026年毕业生,本科以上,,,消防工程，给水排水，给水排水工程，给排水工程，给排水科学与工程，建筑环境与设备工程，建筑电气与智能化，建筑电气与智能化工程，防灾减灾工程及防护工程，结构工程,消防工程，给水排水，给水排水工程，给排水工程，给排水科学与工程，建筑环境与设备工程，建筑电气与智能化，建筑电气与智能化工程，防灾减灾工程及防护工程，结构工程,,,,,,,笔试50%，面试50%,,,,,雨花台区,南京市雨花台区住房和建设局,自收自支,其他专技类,编内,,取得相应学位。,025-52410366，http://www.njyh.gov.cn/
275,2026-tongyi,南京,南京市雨花台区建设工程质量监督站,质监员2,从事全区建设领域执法监督相关工作。,专技岗,1,不限,本科以上,,,法律类,法律类,,,,具有国家法律职业资格证书（A类）,,,笔试50%，面试50%,,,,,雨花台区,南京市雨花台区住房和建设局,自收自支,法律类,编内,,取得相应学位；具有国家法律职业资格证书（A类）。,025-52410366，http://www.njyh.gov.cn/
276,2026-tongyi,南京,南京市雨花台区住房保障中心,申请审核1,从事全区保障性住房建设计划编制落实、申请审核相关工作。,专技岗,1,2026年毕业生,硕士研究生以上,,,,城建规划类，建筑工程类,,,,,,,笔试50%，面试50%,,,,,雨花台区,南京市雨花台区住房和建设局,自收自支,其他专技类,编内,,取得相应学位。,025-52410366，http://www.njyh.gov.cn/
277,2026-tongyi,南京,南京市雨花台区住房保障中心,申请审核2,从事全区保障性住房建设计划编制落实、申请审核相关工作。,专技岗,1,不限,本科以上,,,城建规划类，建筑工程类,城建规划类，建筑工程类,,,,,,,笔试50%，面试50%,,,,,雨花台区,南京市雨花台区住房和建设局,自收自支,其他专技类,编内,,取得相应学位。,025-52410366，http://www.njyh.gov.cn/
278,2026-tongyi,南京,南京市雨花台区建筑安装管理站,建筑市场管理,从事全区建筑工地建筑市场执法及相关工作。,专技岗,1,2026年毕业生,本科以上,,,建设工程管理，市政工程，建筑与土木工程，土木工程，结构工程，建筑工程，工业与民用建筑，工程管理，城乡规划学,建设工程管理，市政工程，建筑与土木工程，土木工程，结构工程，建筑工程，工业与民用建筑，工程管理，城乡规划学,,,,,,,笔试50%，面试50%,,,,,雨花台区,南京市雨花台区住房和建设局,自收自支,其他专技类,编内,,取得相应学位。,025-52425399，http://www.njyh.gov.cn/
279,2026-tongyi,南京,南京市雨花台区住房保障中心,会计（征拆办）,从事财会工作。,管理岗,1,不限,本科以上,,,财务财会类,财务财会类,,,具有2年及以上工作经历,,,,笔试50%，面试50%,,,,,雨花台区,南京市雨花台区住房和建设局,自收自支,管理类,编内,,取得相应学位；具有2年及以上工作经历。,025-52815069，http://www.njyh.gov.cn/
280,2026-tongyi,南京,南京市雨花台区住房保障中心,业务管理（征拆办）,从事征收拆迁制度建设、涉法涉诉、项目推进相关工作。,管理岗,1,不限,本科以上,,,法律类,法律类,,,具有2年及以上工作经历,,,,笔试50%，面试50%,,,,,雨花台区,南京市雨花台区住房和建设局,自收自支,管理类,编内,,取得相应学位；具有2年及以上工作经历。,025-52815069，http://www.njyh.gov.cn/
281,2026-tongyi,南京,南京市雨花台区道路事业发展中心,法律,从事法律法务相关工作。,专技岗,1,2026年毕业生,硕士研究生以上,,,,法律类,,,,,,,笔试50%，面试50%,,,,,雨花台区,南京市雨花台区交通运输局,全额拨款,法律类,编内,需从事户外工作，需值夜班。,取得相应学位。,"025-52443662，
http://www.njyh.gov.cn/"
282,2026-tongyi,南京,南京市雨花台区交通运输综合行政执法大队,执法,从事执法工作。,管理岗,1,2026年毕业生,本科以上,,,法律类,法律类,,,,,,,笔试50%，面试50%,,,,,雨花台区,南京市雨花台区交通运输局,全额拨款,管理类,编内,需从事路面执法工作，需值夜班。,取得相应学位。,"025-52355128，
http://www.njyh.gov.cn/"
283,2026-tongyi,南京,南京市雨花台区城市地下管线数字化管理中心,综合文字,从事办公室综合事务工作。,管理岗,1,2026年毕业生,硕士研究生以上,,,,中文文秘类，公共管理类,,,,,,,笔试50%，面试50%,,,,,雨花台区,南京市规划和自然资源局雨花台分局,全额拨款,管理类,编内,,取得相应学位。,025-52829598，http://www.njyh.gov.cn/
284,2026-tongyi,南京,南京市雨花台区城市地下管线数字化管理中心,会计,从事财务审计工作。,专技岗,1,不限,硕士研究生以上,,,,财务财会类,,,具有3年及以上相应专业工作经历,具有初级及以上会计专业技术资格证书,,,笔试50%，面试50%,,,,,雨花台区,南京市规划和自然资源局雨花台分局,全额拨款,经济类（会计、审计）,编内,,取得相应学位；具有3年及以上相应专业工作经历；具有初级及以上会计专业技术资格证书。,025-52829598，http://www.njyh.gov.cn/
285,2026-tongyi,南京,南京市江宁区机关综合保障服务中心,综合业务,主要从事机关建筑工程类相关工作及协助开展办公室其他综合性事务。,专技岗,1,2026年毕业生,本科以上,,,建筑工程类,建筑工程类,,,,,,,笔试50%，面试50%,,,,,江宁区,南京市江宁区人民政府办公室,全额拨款,其他专技类,编内,,取得相应学位。,"025-52136216，
www.jiangning.gov.cn"
286,2026-tongyi,南京,南京市江宁区企业上市服务中心,上市服务专员1,主要从事推进企业上市过程中的金融服务保障工作。,专技岗,1,2026年毕业生,本科以上,,,金融，金融学，会计与金融，金融硕士，经济与金融，金融工程,金融，金融学，会计与金融，金融硕士，经济与金融，金融工程,,,,,,,笔试50%，面试50%,,,,,江宁区,南京市江宁区发展和改革委员会,全额拨款,经济类（统计、其他经济）,编内,,取得相应学位。,025-52182124，www.jiangning.gov.cn
287,2026-tongyi,南京,南京市江宁区企业上市服务中心,上市服务专员2,主要从事推进企业上市过程中的法律服务保障工作。,专技岗,1,2026年毕业生,本科以上,,,经济法，民商法，民商法学，知识产权，知识产权法，知识产权法学，信用风险管理与法律防控,经济法，民商法，民商法学，知识产权，知识产权法，知识产权法学，信用风险管理与法律防控,,,,,,,笔试50%，面试50%,,,,,江宁区,南京市江宁区发展和改革委员会,全额拨款,法律类,编内,,取得相应学位。,"025-52182124，
www.jiangning.gov.cn"
288,2026-tongyi,南京,南京市江宁区生产力促进中心,科技招商,从事科技项目洽谈、科技企业招引等工作。,专技岗,1,2026年毕业生,本科以上,,,国民经济管理，经济与行政管理，计算机科学与技术，计算机通信工程，信息与通信工程，通信工程，现代通信工程，电子与通信工程,国民经济管理，经济与行政管理，计算机科学与技术，计算机通信工程，信息与通信工程，通信工程，现代通信工程，电子与通信工程,,,,,,,笔试50%，面试50%,,,,,江宁区,南京市江宁区科学技术局,全额拨款,其他专技类,编内,,取得相应学位。,"025-52186429，
www.jiangning.gov.cn"
289,2026-tongyi,南京,南京市江宁区基层法律援助工作站,法律援助,为社会弱势群体提供法律援助，向社会提供法律服务。,专技岗,1,不限,本科以上,,,法律类,法律类,,,,取得国家法律职业资格证书（A类）,,,笔试50%，面试50%,,,,,江宁区,南京市江宁区司法局,全额拨款,法律类,编内,,取得相应学位；取得国家法律职业资格证书（A类）。,"025-52197123，
www.jiangning.gov.cn"
290,2026-tongyi,南京,南京市江宁区社会矛盾纠纷调处服务中心,矛盾纠纷调解1,从事社会矛盾纠纷调处相关工作。,专技岗,1,2026年毕业生,本科以上,,,法律类,法律类,,,,取得国家法律职业资格证书（A类）,,,笔试50%，面试50%,,,,,江宁区,南京市江宁区司法局,全额拨款,法律类,编内,,取得相应学位；取得国家法律职业资格证书（A类）。,"025-52197123，
www.jiangning.gov.cn"
291,2026-tongyi,南京,南京市江宁区社会矛盾纠纷调处服务中心,矛盾纠纷调解2,从事社会矛盾纠纷调处相关工作。,管理岗,1,不限,本科以上,,,法律类,法律类,,,,取得国家法律职业资格证书（A类）,,,笔试50%，面试50%,,,,,江宁区,南京市江宁区司法局,全额拨款,管理类,编内,,取得相应学位；取得国家法律职业资格证书（A类）。,"025-52197123，
www.jiangning.gov.cn"
292,2026-tongyi,南京,江苏省南京市江宁公证处,公证服务,办理各类公证事务，出具公证文书，向社会提供公证法律服务。,专技岗,1,2026年毕业生,本科以上,,,法律类,法律类,,,,取得国家法律职业资格证书（A类）,,,笔试50%，面试50%,,,,,江宁区,南京市江宁区司法局,自收自支,法律类,编内,,取得相应学位；取得国家法律职业资格证书（A类）。,"025-52197123，
www.jiangning.gov.cn"
293,2026-tongyi,南京,南京市江宁区国库集中支付中心,财务管理1,从事财务管理工作。,专技岗,1,社会人员,本科以上,,,会计学，会计，会计硕士，金融学，金融，金融硕士，会计与金融，财政学，财政学（含税收学），财务管理,会计学，会计，会计硕士，金融学，金融，金融硕士，会计与金融，财政学，财政学（含税收学），财务管理,,,具有2年及以上财务财会类相关工作经历,具有会计专业中级及以上专业技术资格证书,,,笔试50%，面试50%,,,,,江宁区,南京市江宁区财政局,全额拨款,经济类（会计、审计）,编内,,取得相应学位；具有会计专业中级及以上专业技术资格证书；具有2年及以上财务财会类相关工作经历。,"025-51190980，
www.jiangning.gov.cn"
294,2026-tongyi,南京,南京市江宁区国库集中支付中心,财务管理2,从事财务管理工作。,专技岗,1,2026年毕业生,本科以上,,,会计学，会计，会计硕士，金融学，金融，金融硕士，会计与金融，财政学，财政学（含税收学），财务管理,会计学，会计，会计硕士，金融学，金融，金融硕士，会计与金融，财政学，财政学（含税收学），财务管理,,,,,,,笔试50%，面试50%,,,,,江宁区,南京市江宁区财政局,全额拨款,经济类（会计、审计）,编内,,取得相应学位。,"025-51190980，
www.jiangning.gov.cn"
295,2026-tongyi,南京,南京市江宁区劳动就业服务管理中心,就业创业服务,从事就业创业服务活动策划、宣传和组织等工作。,专技岗,1,社会人员,本科以上,,,广播电视艺术学，广播电视，广播电视学，广播电视编导，广播影视编导，导演，戏剧影视导演，影视学，影视艺术技术，影视技术，影视摄制，影视摄影与制作，摄影，数字媒体，数字媒体艺术，数字动画，动画，跨媒体艺术，新媒体艺术，新闻学，新闻与传播，新闻传播学，广播电视新闻，广播电视新闻学，国际新闻与传播，全媒体新闻采编与制作,广播电视艺术学，广播电视，广播电视学，广播电视编导，广播影视编导，导演，戏剧影视导演，影视学，影视艺术技术，影视技术，影视摄制，影视摄影与制作，摄影，数字媒体，数字媒体艺术，数字动画，动画，跨媒体艺术，新媒体艺术，新闻学，新闻与传播，新闻传播学，广播电视新闻，广播电视新闻学，国际新闻与传播，全媒体新闻采编与制作,,,具有2年及以上工作经历,,,,笔试50%，面试50%,,,,,江宁区,南京市江宁区人力资源和社会保障局,全额拨款,其他专技类,编内,,取得相应学位；具有2年及以上工作经历。,"025-52169955，
www.jiangning.gov.cn"
296,2026-tongyi,南京,南京市江宁区房屋安全服务中心,房屋安全,从事房屋安全管理工作。,专技岗,1,2026年毕业生,本科以上,,,工程结构分析，工程力学，土木工程，建筑与土木工程，建筑工程，建筑学，建筑工程管理，建设工程管理，工程管理，工程造价，工程造价管理,工程结构分析，工程力学，土木工程，建筑与土木工程，建筑工程，建筑学，建筑工程管理，建设工程管理，工程管理，工程造价，工程造价管理,,,,,,,笔试50%，面试50%,,,,,江宁区,南京市江宁区住房保障和房产局,全额拨款,其他专技类,编内,,取得相应学位。,"025-84983922，
www.jiangning.gov.cn"
297,2026-tongyi,南京,南京市江宁区房地产市场交易管理中心,房地产市场管理,从事房地产市场监督管理工作。,专技岗,1,2026年毕业生,本科以上,,,城建规划类,城建规划类,,,,,,,笔试50%，面试50%,,,,,江宁区,南京市江宁区住房保障和房产局,自收自支,其他专技类,编内,,取得相应学位。,"025-84983922，
www.jiangning.gov.cn"
298,2026-tongyi,南京,南京市江宁区白蚁防治所,白蚁防治,从事新建房屋白蚁预防、各类重点建筑白蚁检查与保护相关工作。,专技岗,1,2026年毕业生,本科以上,,,土木工程，建筑与土木工程，建筑学，历史建筑保护工程，工程管理，建设工程管理，建筑工程，建筑工程管理,土木工程，建筑与土木工程，建筑学，历史建筑保护工程，工程管理，建设工程管理，建筑工程，建筑工程管理,,,,,,,笔试50%，面试50%,,,,,江宁区,南京市江宁区住房保障和房产局,全额拨款,其他专技类,编内,,取得相应学位。,"025-84983922，
www.jiangning.gov.cn"
299,2026-tongyi,南京,南京市江宁区交通运输综合行政执法大队,交通运输管理,从事交通信息化管理工作。,管理岗,5,2026年毕业生,本科以上,,,电子信息类,电子信息类,,,,,,,笔试50%，面试50%,,,,,江宁区,南京市江宁区交通运输局,全额拨款,管理类,编内,服从调配；一线执法相关工作，需定期24小时值守，节假日巡查值守。,取得相应学位。,"025-52106660，
www.jiangning.gov.cn"
300,2026-tongyi,南京,南京市江宁区交通运输综合行政执法大队,交通运输执法,从事水上交通管理工作。,专技岗,1,社会人员,本科以上,,,船舶与海洋工程，船舶工程，船舶电子电气工程，船舶电气工程技术，轮机工程，轮机工程技术，航海技术，电气工程，电气工程及其自动化，电气工程及自动化，电气工程与自动化,船舶与海洋工程，船舶工程，船舶电子电气工程，船舶电气工程技术，轮机工程，轮机工程技术，航海技术，电气工程，电气工程及其自动化，电气工程及自动化，电气工程与自动化,,,具有2年及以上工作经历,,,,笔试50%，面试50%,,,,,江宁区,南京市江宁区交通运输局,全额拨款,其他专技类,编内,服从调配；一线执法相关工作，需定期24小时值守，节假日巡查值守。,取得相应学位；具有2年及以上工作经历。,"025-52106660，
www.jiangning.gov.cn"
301,2026-tongyi,南京,南京市江宁区公路事业发展中心,公路管理,从事公路管理工作。,管理岗,3,2026年毕业生,本科以上,,,交通工程类,交通工程类,,,,,,,笔试50%，面试50%,,,,,江宁区,南京市江宁区交通运输局,全额拨款,管理类,编内,工程一线，参与24小时现场值守。,取得相应学位。,"025-52106660，
www.jiangning.gov.cn"
302,2026-tongyi,南京,南京市江宁区港航事业发展中心,航道管理,从事航道管理工作。,管理岗,1,2026年毕业生,本科以上,,,航道港口类,航道港口类,,,,,,,笔试50%，面试50%,,,,,江宁区,南京市江宁区交通运输局,全额拨款,管理类,编内,需上船作业；经常到港口码头现场开展工作。,取得相应学位。,"025-52106660，
www.jiangning.gov.cn"
303,2026-tongyi,南京,南京市江宁区供水排水管理所,供排水管理,主要从事供水排水管理及技术指导工作。,专技岗,1,不限,本科以上,,,给水排水，给水排水工程，给排水工程，给排水科学与工程，水利水电工程，水利工程，土木水利，土木工程，水务工程,给水排水，给水排水工程，给排水工程，给排水科学与工程，水利水电工程，水利工程，土木水利，土木工程，水务工程,,,,,,,笔试50%，面试50%,,,,,江宁区,南京市江宁区水务局,全额拨款,其他专技类,编内,因防汛工作要求，需恶劣天气野外巡查、夜间巡查、24小时值班、加班等。,取得相应学位。,"025-87180699，
www.jiangning.gov.cn"
304,2026-tongyi,南京,南京市江宁区赵村水库管理所,水务管理,主要从事水库维护管理工作。,专技岗,1,不限,本科以上,,,水文与水资源工程，水文学及水资源，水文学与水资源，水文与水资源工程技术，水利水电工程，水利工程，土木水利，土木工程，水务工程,水文与水资源工程，水文学及水资源，水文学与水资源，水文与水资源工程技术，水利水电工程，水利工程，土木水利，土木工程，水务工程,,,,,,,笔试50%，面试50%,,,,,江宁区,南京市江宁区水务局,全额拨款,其他专技类,编内,因防汛工作要求，需恶劣天气野外巡查、夜间巡查、24小时值班、加班等。,取得相应学位。,"025-87180699，
www.jiangning.gov.cn"
305,2026-tongyi,南京,南京市江宁区水利工程质量监督管理站,水务管理,主要从事水务工程质量监督管理工作。,管理岗,1,2026年毕业生,本科以上,,,水利水电工程，水利工程，土木水利，土木工程，水务工程,水利水电工程，水利工程，土木水利，土木工程，水务工程,,,,,,,笔试50%，面试50%,,,,,江宁区,南京市江宁区水务局,全额拨款,管理类,编内,因防汛工作要求，需恶劣天气野外巡查、夜间巡查、24小时值班、加班等。,取得相应学位。,"025-87180699，
www.jiangning.gov.cn"
306,2026-tongyi,南京,南京市江宁区秣陵街道水务管理服务站,水务管理,主要从事水务站日常事务及水利工程技术指导工作。,专技岗,1,2026年毕业生,本科以上,,,水利水电工程，水利工程，土木水利，土木工程，水务工程，环境科学，环境工程，环境工程技术，水环境工程，给排水与环境工程技术，生态环境工程技术，生态学，环境科学与工程,水利水电工程，水利工程，土木水利，土木工程，水务工程，环境科学，环境工程，环境工程技术，水环境工程，给排水与环境工程技术，生态环境工程技术，生态学，环境科学与工程,,,,,,,笔试50%，面试50%,,,,,江宁区,南京市江宁区水务局,全额拨款,其他专技类,编内,因防汛工作要求，需恶劣天气野外巡查、夜间巡查、24小时值班、加班等。,取得相应学位。,"025-87180699，
www.jiangning.gov.cn"
307,2026-tongyi,南京,南京市江宁区汤山街道水务管理服务站,水务管理,主要从事水务站日常水务管理工作。,管理岗,1,2026年毕业生,本科以上,,,水利水电工程，水利工程，土木水利，土木工程，水务工程，环境科学，环境工程，环境工程技术，水环境工程，给排水与环境工程技术，生态环境工程技术，生态学，环境科学与工程,水利水电工程，水利工程，土木水利，土木工程，水务工程，环境科学，环境工程，环境工程技术，水环境工程，给排水与环境工程技术，生态环境工程技术，生态学，环境科学与工程,,,,,,,笔试50%，面试50%,,,,,江宁区,南京市江宁区水务局,全额拨款,管理类,编内,因防汛工作要求，需恶劣天气野外巡查、夜间巡查、24小时值班、加班等。,取得相应学位。,"025-87180699，
www.jiangning.gov.cn"
308,2026-tongyi,南京,南京市江宁区横溪街道水务管理服务站,水务管理,主要从事水务站日常事务及水利工程技术指导工作。,专技岗,1,不限,本科以上,,,水利水电工程，水利工程，土木水利，土木工程，水务工程，环境科学，环境工程，环境工程技术，水环境工程，给排水与环境工程技术，生态环境工程技术，生态学，环境科学与工程,水利水电工程，水利工程，土木水利，土木工程，水务工程，环境科学，环境工程，环境工程技术，水环境工程，给排水与环境工程技术，生态环境工程技术，生态学，环境科学与工程,,,,,,,笔试50%，面试50%,,,,,江宁区,南京市江宁区水务局,全额拨款,其他专技类,编内,因防汛工作要求，需恶劣天气野外巡查、夜间巡查、24小时值班、加班等。,取得相应学位。,"025-87180699，
www.jiangning.gov.cn"
309,2026-tongyi,南京,南京市江宁区淳化街道水务管理服务站,水务管理,主要从事水务站日常事务及水利工程技术指导工作。,专技岗,1,2026年毕业生,本科以上,,,水利水电工程，水利工程，土木水利，土木工程，水务工程，环境科学，环境工程，环境工程技术，水环境工程，给排水与环境工程技术，生态环境工程技术，生态学，环境科学与工程,水利水电工程，水利工程，土木水利，土木工程，水务工程，环境科学，环境工程，环境工程技术，水环境工程，给排水与环境工程技术，生态环境工程技术，生态学，环境科学与工程,,,,,,,笔试50%，面试50%,,,,,江宁区,南京市江宁区水务局,全额拨款,其他专技类,编内,因防汛工作要求，需恶劣天气野外巡查、夜间巡查、24小时值班、加班等。,取得相应学位。,"025-87180699，
www.jiangning.gov.cn"
310,2026-tongyi,南京,南京市江宁区东山街道水务管理服务站,水务管理,主要从事水务站日常事务及水利工程技术指导工作。,专技岗,1,2026年毕业生,本科以上,,,水利水电工程，水利工程，土木水利，土木工程，水务工程，环境科学，环境工程，环境工程技术，水环境工程，给排水与环境工程技术，生态环境工程技术，生态学，环境科学与工程,水利水电工程，水利工程，土木水利，土木工程，水务工程，环境科学，环境工程，环境工程技术，水环境工程，给排水与环境工程技术，生态环境工程技术，生态学，环境科学与工程,,,,,,,笔试50%，面试50%,,,,,江宁区,南京市江宁区水务局,全额拨款,其他专技类,编内,因防汛工作要求，需恶劣天气野外巡查、夜间巡查、24小时值班、加班等。,取得相应学位。,"025-87180699，
www.jiangning.gov.cn"
311,2026-tongyi,南京,南京市江宁区江宁街道水务管理服务站,水务管理,主要从事水务站日常事务及水利工程技术指导工作。,专技岗,1,不限,本科以上,,,水利水电工程，水利工程，土木水利，土木工程，水务工程，环境科学，环境工程，环境工程技术，水环境工程，给排水与环境工程技术，生态环境工程技术，生态学，环境科学与工程,水利水电工程，水利工程，土木水利，土木工程，水务工程，环境科学，环境工程，环境工程技术，水环境工程，给排水与环境工程技术，生态环境工程技术，生态学，环境科学与工程,,,,,,,笔试50%，面试50%,,,,,江宁区,南京市江宁区水务局,全额拨款,其他专技类,编内,因防汛工作要求，需恶劣天气野外巡查、夜间巡查、24小时值班、加班等。,取得相应学位。,"025-87180699，
www.jiangning.gov.cn"
312,2026-tongyi,南京,南京市江宁区城市综合养护发展中心,综合养护管理,从事设施巡查检查、养护质量监管等综合养护管理工作。,专技岗,2,2026年毕业生,本科以上,,,市政工程，道路与桥梁工程，道路桥梁工程，道路桥梁与渡河工程，城市设施智慧管理,市政工程，道路与桥梁工程，道路桥梁工程，道路桥梁与渡河工程，城市设施智慧管理,,,,,,,笔试50%，面试50%,,,,,江宁区,南京市江宁区城市管理局,全额拨款,其他专技类,编内,需节假日巡查值守，值夜班，参加防汛、扫雪防冻等应急抢险，在户外环境开展工作。,取得相应学位。,"025-52111197，
www.jiangning.gov.cn"
313,2026-tongyi,南京,南京市江宁区农业机械技术推广站,农机技术推广1,从事农业机械化、智慧化技术推广，以及农业机械教育培训等工作。,专技岗,1,2026年毕业生,本科以上,,,农业机械化及其自动化，农业电气化与自动化，农业电气化，智慧农业，智慧农业技术，农业机械化工程，农业机械化，农机装备工程，农业智能装备工程,农业机械化及其自动化，农业电气化与自动化，农业电气化，智慧农业，智慧农业技术，农业机械化工程，农业机械化，农机装备工程，农业智能装备工程,,,,,,,笔试50%，面试50%,,,,,江宁区,南京市江宁区农业农村局,全额拨款,其他专技类,编内,,取得相应学位。,"025-68173955，
www.jiangning.gov.cn"
314,2026-tongyi,南京,南京市江宁区农业机械技术推广站,农机技术推广2,从事农业机械化、智慧化技术推广，以及农业机械教育培训等工作。,专技岗,1,社会人员,本科以上,,,农业机械化及其自动化，农业电气化与自动化，农业电气化，智慧农业，智慧农业技术，农业机械化工程，农业机械化，农机装备工程，农业智能装备工程,农业机械化及其自动化，农业电气化与自动化，农业电气化，智慧农业，智慧农业技术，农业机械化工程，农业机械化，农机装备工程，农业智能装备工程,,,具有2年及以上工作经历,,,,笔试50%，面试50%,,,,,江宁区,南京市江宁区农业农村局,全额拨款,其他专技类,编内,,取得相应学位；具有2年及以上工作经历。,"025-68173955，
www.jiangning.gov.cn"
315,2026-tongyi,南京,南京市江宁区耕地质量保护站,农田项目质量监管1,从事耕地质量提升项目以及农田工程项目质量监管工作。,专技岗,1,2026年毕业生,本科以上,,,农业水利工程，农业工程，农业水土工程，农业工程与信息技术，农田水土工程，农业生物环境与能源工程，土壤学，农业资源与环境，农业资源利用,农业水利工程，农业工程，农业水土工程，农业工程与信息技术，农田水土工程，农业生物环境与能源工程，土壤学，农业资源与环境，农业资源利用,,,,,,,笔试50%，面试50%,,,,,江宁区,南京市江宁区农业农村局,全额拨款,其他专技类,编内,,取得相应学位。,"025-68173955，
www.jiangning.gov.cn"
316,2026-tongyi,南京,南京市江宁区耕地质量保护站,农田项目质量监管2,从事耕地质量提升项目以及农田工程项目质量监管工作。,专技岗,1,社会人员,本科以上,,,农业水利工程，农业工程，农业水土工程，农业工程与信息技术，农田水土工程，农业生物环境与能源工程，土壤学，农业资源与环境，农业资源利用,农业水利工程，农业工程，农业水土工程，农业工程与信息技术，农田水土工程，农业生物环境与能源工程，土壤学，农业资源与环境，农业资源利用,,,具有2年及以上工作经历,,,,笔试50%，面试50%,,,,,江宁区,南京市江宁区农业农村局,全额拨款,其他专技类,编内,,取得相应学位；具有2年及以上工作经历。,"025-68173955，
www.jiangning.gov.cn"
317,2026-tongyi,南京,南京市江宁区植保植检站,植物检疫1,从事植物检验检疫以及病虫害田间调查、试验农药喷施、农药管理等工作。,专技岗,1,2026年毕业生,本科以上,,,植物保护，植物科学与技术，植物学，植物病理学，植物营养学，植物资源工程，农药学，农业昆虫与害虫防治，资源利用与植物保护，农药化肥，生物农药科学与工程,植物保护，植物科学与技术，植物学，植物病理学，植物营养学，植物资源工程，农药学，农业昆虫与害虫防治，资源利用与植物保护，农药化肥，生物农药科学与工程,,,,,,,笔试50%，面试50%,,,,,江宁区,南京市江宁区农业农村局,全额拨款,其他专技类,编内,,取得相应学位。,"025-68173955，
www.jiangning.gov.cn"
318,2026-tongyi,南京,南京市江宁区植保植检站,植物检疫2,从事植物检验检疫以及病虫害田间调查、试验农药喷施、农药管理等工作。,专技岗,1,社会人员,本科以上,,,植物保护，植物科学与技术，植物学，植物病理学，植物营养学，植物资源工程，农药学，农业昆虫与害虫防治，资源利用与植物保护，农药化肥，生物农药科学与工程,植物保护，植物科学与技术，植物学，植物病理学，植物营养学，植物资源工程，农药学，农业昆虫与害虫防治，资源利用与植物保护，农药化肥，生物农药科学与工程,,,具有2年及以上工作经历,,,,笔试50%，面试50%,,,,,江宁区,南京市江宁区农业农村局,全额拨款,其他专技类,编内,,取得相应学位；具有2年及以上工作经历。,"025-68173955，
www.jiangning.gov.cn"
319,2026-tongyi,南京,南京市江宁区农业技术推广站,种植业技术推广,从事种植业技术推广工作。,专技岗,1,社会人员,本科以上,,,农学，种子科学与工程，农艺与种业，作物，作物学，作物生产与品质改良，作物遗传育种，作物栽培学与耕作学，作物安全生产与质量管理,农学，种子科学与工程，农艺与种业，作物，作物学，作物生产与品质改良，作物遗传育种，作物栽培学与耕作学，作物安全生产与质量管理,,,具有2年及以上工作经历,,,,笔试50%，面试50%,,,,,江宁区,南京市江宁区农业农村局,全额拨款,其他专技类,编内,,取得相应学位；具有2年及以上工作经历。,"025-68173955，
www.jiangning.gov.cn"
320,2026-tongyi,南京,汤山方山国家地质公园管理中心,资源调查,从事地质公园资源调查与评价工作。,专技岗,1,社会人员,本科以上,,,测绘类,测绘类,,,具有2年及以上工作经历,,,,笔试50%，面试50%,,,,,江宁区,南京市江宁区农业农村局,全额拨款,其他专技类,编内,,取得相应学位；具有2年及以上工作经历。,"025-68173955，
www.jiangning.gov.cn"
321,2026-tongyi,南京,南京市江宁区军队离休退休干部服务管理所,社会工作综合,从事退役军人接待、服务、矛盾调解、法律咨询等工作。,专技岗,1,不限,本科以上,,,法学，法律，法律硕士，法律（法学），法律（非法学），法律硕士（法学），法律硕士（非法学），社会工作，社会工作与管理,法学，法律，法律硕士，法律（法学），法律（非法学），法律硕士（法学），法律硕士（非法学），社会工作，社会工作与管理,,,,,,,笔试50%，面试50%,,,,,江宁区,南京市江宁区退役军人事务局,全额拨款,其他专技类,编内,,取得相应学位。,"025-52799909，
www.jiangning.gov.cn"
322,2026-tongyi,南京,南京市江宁区经济责任审计管理中心,财务审计管理,从事财务审计管理工作。,管理岗,1,2026年毕业生,本科以上,,,财务财会类，审计类,财务财会类，审计类,,,,,,,笔试40%，面试60%（其中，结构化面试占50%，专业测试占50%）,,,,,江宁区,南京市江宁区审计局,全额拨款,管理类,编内,,取得相应学位。,"025-87150635，
www.jiangning.gov.cn"
323,2026-tongyi,南京,南京市江宁区经济责任审计管理中心,财务审计业务,从事财务审计业务工作。,专技岗,2,社会人员,本科以上,,,财务财会类，审计类,财务财会类，审计类,,,具有3年及以上审计或会计相关工作经历,具备会计或审计专业中级及以上专业技术资格证书或注册会计师资格证书,,,笔试40%，面试60%（其中，结构化面试占50%，专业测试占50%）,,,,,江宁区,南京市江宁区审计局,全额拨款,经济类（会计、审计）,编内,,取得相应学位；具备会计或审计专业中级及以上专业技术资格证书或注册会计师资格证书；具有3年及以上审计或会计相关工作经历。,"025-87150635，
www.jiangning.gov.cn"
324,2026-tongyi,南京,南京市江宁区政务办勘验服务中心,数据专员,从事数据统计分析、开发应用等工作。,专技岗,1,社会人员,硕士研究生以上,,,,计算机类,,,具有2年及以上计算机类专业工作经历,,,,笔试50%，面试50%,,,本科阶段须为计算机类专业并取得相应学位,,江宁区,南京市江宁区数据局,全额拨款,计算机类,编内,,取得相应学位；本科阶段须为计算机类专业并取得相应学位；具有2年及以上计算机类专业工作经历。,"025-69977007，
www.jiangning.gov.cn"
325,2026-tongyi,南京,南京市江宁区职工服务中心,法律服务,从事工会法律援助、法律服务、工会劳动法律监督等工作。,专技岗,1,不限,本科以上,,,法律类,法律类,,,,取得国家法律职业资格证书（A类）,,,笔试50%，面试50%,,,,,江宁区,南京市江宁区总工会,全额拨款,法律类,编内,,取得相应学位；取得国家法律职业资格证书（A类）。,"025-52281172，
www.jiangning.gov.cn"
326,2026-tongyi,南京,南京市江宁区融媒体中心,综合业务,负责报告、总结等文字材料的撰写工作；开展教育管理及信息化建设等工作。,专技岗,1,不限,本科以上,,,汉语言，汉语言文字学，汉语言文学，秘书学，高级文秘,汉语言，汉语言文字学，汉语言文学，秘书学，高级文秘,,,,,,,笔试50%，面试50%,,,,,江宁区,南京市江宁区融媒体中心,全额拨款,其他专技类,编内,,取得相应学位。,"025-81036307，
www.jiangning.gov.cn"
327,2026-tongyi,南京,南京市江宁区融媒体中心,网络安全维护,负责媒体业务相关设备的运维工作，确保节目播出全流程设备安全稳定运行。,专技岗,1,社会人员,本科以上,,,通信工程，计算机通信工程，现代通信工程，信息与通信工程，电子信息工程，电子信息工程技术，广播电视工程,通信工程，计算机通信工程，现代通信工程，信息与通信工程，电子信息工程，电子信息工程技术，广播电视工程,,,具有5年及以上网络运维工作经历,具有广播电影电视工程或电子信息工程系列（专业）的初级及以上专业技术资格证书；具有广播电影电视工程或电子信息工程系列（专业）的中级专业技术资格证书的；具有广播电影电视工程或电子信息工程系列（专业）的高级专业技术资格证书的,,,笔试40%，面试60%（其中，结构化面试占40%，专业测试占60%）,,,,,江宁区,南京市江宁区融媒体中心,全额拨款,计算机类,编内,需经常加班、值夜班。,取得相应学位；具有5年及以上网络运维工作经历；具有广播电影电视工程或电子信息工程系列（专业）的初级及以上专业技术资格证书；具有广播电影电视工程或电子信息工程系列（专业）的中级专业技术资格证书的，年龄可放宽至43周岁，具有广播电影电视工程或电子信息工程系列（专业）的高级专业技术资格证书的，年龄可放宽至45周岁。,"025-81036307，
www.jiangning.gov.cn"
328,2026-tongyi,南京,南京市江宁区融媒体中心,新媒体采编,负责新媒体账号的内容生产发布与运营维护工作，保障信息发布安全、内容新颖有创意。,专技岗,1,社会人员,本科以上,,,新闻传播学，新闻与传播，新闻学，广播电视新闻，广播电视新闻学，全媒体新闻采编与制作，网络与新媒体，戏剧影视美术设计,新闻传播学，新闻与传播，新闻学，广播电视新闻，广播电视新闻学，全媒体新闻采编与制作，网络与新媒体，戏剧影视美术设计,,,具有3年及以上新媒体采编工作经历,,,中共党员,笔试40%，面试60%（其中，结构化面试占40%，专业测试占60%）,,,,,江宁区,南京市江宁区融媒体中心,全额拨款,其他专技类,编内,,取得相应学位；中共党员；具有3年及以上新媒体采编工作经历。,"025-81036307，
www.jiangning.gov.cn"
329,2026-tongyi,南京,南京市六合区融媒体中心,编辑记者1,从事全媒体产品创意策划、采访编辑制作等。,专技岗,1,2026年毕业生,硕士研究生以上,,,,新闻学，新闻传播学，新闻与传播，广播电视,,,,,,,笔试50%，面试50%,,,,,六合区,中共南京市六合区委,全额拨款,其他专技类,编内,需经常加班。,取得相应学位。,025-87230663，http://www.njlh.gov.cn/
330,2026-tongyi,南京,南京市六合区融媒体中心,编辑记者2,从事全媒体产品创意策划、出镜采访、编辑制作等。,专技岗,1,不限,本科以上,,,全媒体新闻采编与制作，新闻学，新闻传播学，新闻与传播，广播电视新闻学，广播电视学，广播电视编导，广播影视编导，网络与新媒体，媒体创意，新媒体与信息网络,全媒体新闻采编与制作，新闻学，新闻传播学，新闻与传播，广播电视新闻学，广播电视学，广播电视编导，广播影视编导，网络与新媒体，媒体创意，新媒体与信息网络,,,具有2年及以上新闻媒体相关工作经历,具有新闻系列（专业）中级及以上专业技术资格证书或具有普通话一级乙等及以上证书,,,笔试50%，面试50%,,,,,六合区,中共南京市六合区委,全额拨款,其他专技类,编内,需经常加班。,取得相应学位；具有新闻系列（专业）中级及以上专业技术资格证书或具有普通话一级乙等及以上证书；具有2年及以上新闻媒体相关工作经历。,025-87230663，http://www.njlh.gov.cn/
331,2026-tongyi,南京,南京市六合区社会保险管理中心,综合管理,从事综合事务、社保法律法规政策宣传等工作。,专技岗,1,2026年毕业生,本科以上,,,法律类,法律类,,,,,,,笔试50%，面试50%,,,,,六合区,南京市六合区人民政府,全额拨款,法律类,编内,,取得相应学位。,025-57122609，http://www.njlh.gov.cn/
332,2026-tongyi,南京,南京市六合区社会保险管理中心,网络与信息系统管理,从事计算机管理、系统维护、网络安全等相关工作。,专技岗,1,不限,本科以上,,,计算机（网络管理）类,计算机（网络管理）类,,,具有2年及以上本专业相关工作经历,,,,笔试50%，面试50%,,,,,六合区,南京市六合区人民政府,全额拨款,计算机类,编内,,取得相应学位；具有2年及以上本专业相关工作经历。,025-57122609，http://www.njlh.gov.cn/
333,2026-tongyi,南京,南京市六合区医疗保险管理中心,信息管理,从事计算机管理、医保数据统计和分析、网络安全等相关工作。,专技岗,1,2026年毕业生,本科以上,,,计算机（软件）类,计算机（软件）类,,,,,,,笔试50%，面试50%,,,,,六合区,南京市六合区人民政府,全额拨款,计算机类,编内,,取得相应学位。,025-57758383，http://www.njlh.gov.cn/
334,2026-tongyi,南京,南京市六合区医疗保险管理中心,财务会计,从事财务及其他相关工作。,专技岗,1,2026年毕业生,本科以上,,,财务财会类,财务财会类,,,,,,,笔试50%，面试50%,,,,,六合区,南京市六合区人民政府,全额拨款,经济类（会计、审计）,编内,,取得相应学位。,025-57758383，http://www.njlh.gov.cn/
335,2026-tongyi,南京,南京市六合区社会治安综合治理中心,综合文字,从事综合文字等工作。,管理岗,1,2026年毕业生,本科以上,,,中文文秘类,中文文秘类,,,,,,,笔试50%，面试50%,,,,,六合区,中共南京市六合区委政法委员会,全额拨款,管理类,编内,因工作性质需经常加班，不定期需轮流24小时值班、节假日值班；能随时到岗完成应急处置任务。,取得相应学位。,025-57131945，http://www.njlh.gov.cn/
336,2026-tongyi,南京,南京市六合区社会治安综合治理中心,财务会计,从事综合财务工作。,专技岗,1,不限,本科以上,,,财务财会类,财务财会类,,,具有2年及以上财务相关工作经历,具有会计专业初级及以上专业技术资格证书,,,笔试50%，面试50%,,,,,六合区,中共南京市六合区委政法委员会,全额拨款,经济类（会计、审计）,编内,因工作性质需经常加班，不定期需轮流24小时值班、节假日值班；能随时到岗完成应急处置任务。,取得相应学位；具有会计专业初级及以上专业技术资格证书；具有2年及以上财务相关工作经历。,025-57131945，http://www.njlh.gov.cn/
337,2026-tongyi,南京,南京市六合区人防工程建设管理所,工程管理,从事工程管理工作。,专技岗,1,不限,本科以上,,,建筑工程类,建筑工程类,,,,,,,笔试50%，面试50%,,,,,六合区,南京市六合区发展和改革委员会,自收自支,其他专技类,编内,,取得相应学位。,025-57751882，http://www.njlh.gov.cn/
338,2026-tongyi,南京,南京市六合区粮油质量检测中心,宣传员,主要负责粮食质量安全科普宣传、规范性文件宣讲等工作。,管理岗,1,2026年毕业生,硕士研究生以上,,,,语言学及应用语言学，汉语言文字学，新闻学，传播学，新闻与传播，中国语言文学，新闻传播学,,,,,,,笔试50%，面试50%,,,,,六合区,南京市六合区发展和改革委员会,自收自支,管理类,编内,,取得相应学位。,025-57751882，http://www.njlh.gov.cn/
339,2026-tongyi,南京,南京市六合区社会矛盾纠纷调处服务中心,矛盾纠纷调解,主要从事人民调解等相关工作。,专技岗,1,不限,本科以上,,,法律类,法律类,,,,,,,笔试50%，面试50%,,,,,六合区,南京市六合区司法局,全额拨款,法律类,编内,,取得相应学位。,025-57111050，http://www.njlh.gov.cn/
340,2026-tongyi,南京,南京市六合区投资评审中心,工程审计1,从事工程审计工作。,专技岗,1,不限,本科以上,,,交通工程类,交通工程类,,,具有2年及以上工程审计相关工作经历,具有一级造价工程师证书,,,笔试50%，面试50%,,,,,六合区,南京市六合区财政局,全额拨款,其他专技类,编内,长期户外工地作业，环境艰苦。,取得相应学位；具有一级造价工程师证书；具有2年及以上工程审计相关工作经历。,025-57115211，http://www.njlh.gov.cn/
341,2026-tongyi,南京,南京市六合区投资评审中心,工程审计2,从事工程审计工作。,专技岗,1,不限,本科以上,,,建筑工程类,建筑工程类,,,具有2年及以上工程审计相关工作经历,具有一级造价工程师证书,,,笔试50%，面试50%,,,,,六合区,南京市六合区财政局,全额拨款,其他专技类,编内,长期户外工地作业，环境艰苦。,取得相应学位；具有一级造价工程师证书；具有2年及以上工程审计相关工作经历。,025-57115211，http://www.njlh.gov.cn/
342,2026-tongyi,南京,南京市六合区人才服务中心,信息管理,从事信息管理等工作。,专技岗,1,2026年毕业生,本科以上,,,计算机类,计算机类,,,,,,,笔试50%，面试50%,,,,,六合区,南京市六合区人力资源和社会保障局,全额拨款,计算机类,编内,,取得相应学位。,025-57159411，http://www.njlh.gov.cn/
343,2026-tongyi,南京,"南京市六合区劳动就业
管理中心",就业管理,从事招聘组织、政策宣传、视频制作、系统维护等相关工作。,专技岗,1,2026年毕业生,本科以上,,,计算机（软件）类,计算机（软件）类,,,,,,,笔试50%，面试50%,,,,,六合区,南京市六合区人力资源和社会保障局,全额拨款,计算机类,编内,,取得相应学位。,025-57118356，http://www.njlh.gov.cn/
344,2026-tongyi,南京,"南京市六合区劳动就业
管理中心",党务及综合文字,负责综合文字、党务等相关工作。,专技岗,1,2026年毕业生,本科以上,,,中文文秘类,中文文秘类,,,,,,中共党员,笔试50%，面试50%,,,,,六合区,南京市六合区人力资源和社会保障局,全额拨款,其他专技类,编内,,取得相应学位；中共党员。,025-57118356，http://www.njlh.gov.cn/
345,2026-tongyi,南京,南京市六合区建筑工程安全监督站,工程管理,从事房屋建筑工程安全综合管理工作。,专技岗,1,2026年毕业生,本科以上,,,建筑技术科学，岩土工程，结构工程，土木工程，工程力学，工程结构分析，城市地下空间工程，工程管理，项目管理，质量管理工程,建筑技术科学，岩土工程，结构工程，土木工程，工程力学，工程结构分析，城市地下空间工程，工程管理，项目管理，质量管理工程,,,,,,,笔试50%，面试50%,,,,,六合区,南京市六合区城乡建设局,自收自支,其他专技类,编内,需长期赴施工现场检查，工作环境艰苦；参与24小时应急值班，随时到岗参与应急处置。,取得相应学位。,025-57577612，http://www.njlh.gov.cn/
346,2026-tongyi,南京,南京市六合区建筑工程质量监督站,工程管理,从事房屋建筑工程质量综合管理工作。,专技岗,1,2026年毕业生,本科以上,,,建筑技术科学，岩土工程，结构工程，土木工程，工程力学，工程结构分析，城市地下空间工程，工程管理，项目管理，质量管理工程,建筑技术科学，岩土工程，结构工程，土木工程，工程力学，工程结构分析，城市地下空间工程，工程管理，项目管理，质量管理工程,,,,,,,笔试50%，面试50%,,,,,六合区,南京市六合区城乡建设局,自收自支,其他专技类,编内,需长期赴施工现场检查，工作环境艰苦；参与24小时应急值班，随时到岗参与应急处置。,取得相应学位。,025-57577612，http://www.njlh.gov.cn/
347,2026-tongyi,南京,南京市六合区房产交易管理中心,综合文字,从事综合文字工作。,管理岗,1,2026年毕业生,本科以上,,,中文文秘类,中文文秘类,,,,,,,笔试50%，面试50%,,,,,六合区,南京市六合区住房保障和房产局,自收自支,管理类,编内,,取得相应学位。,025-57130173，http://www.njlh.gov.cn/
348,2026-tongyi,南京,南京市六合区交通运输综合行政执法大队,综合行政执法1,从事交通行政执法安全管理工作。,专技岗,1,2026年毕业生,本科以上,,,安全生产类,安全生产类,,,,,,,笔试50%，面试50%,,,,,六合区,南京市六合区交通运输局,全额拨款,其他专技类,编内,需野外、夜班执勤。,取得相应学位。,025-57754243，http://www.njlh.gov.cn/
349,2026-tongyi,南京,南京市六合区交通运输综合行政执法大队,综合行政执法2,从事交通行政执法相关工作。,专技岗,1,不限,本科以上,,,电子信息类,电子信息类,,,,,,,笔试50%，面试50%,,,,,六合区,南京市六合区交通运输局,全额拨款,其他专技类,编内,需野外、夜班执勤。,取得相应学位。,025-57754243，http://www.njlh.gov.cn/
350,2026-tongyi,南京,南京市六合区交通运输综合行政执法大队,综合行政执法3,从事交通行政执法相关工作。,专技岗,1,2026年毕业生,本科以上,,,电子信息类,电子信息类,,,,,,,笔试50%，面试50%,,,,,六合区,南京市六合区交通运输局,全额拨款,其他专技类,编内,需野外、夜班执勤。,取得相应学位。,025-57754243，http://www.njlh.gov.cn/
351,2026-tongyi,南京,南京市六合区公路事业发展中心,工程管理,从事公路桥梁养护等相关工作。,专技岗,1,2026年毕业生,本科以上,,,交通工程类,交通工程类,,,,,,,笔试50%，面试50%,,,,,六合区,南京市六合区交通运输局,全额拨款,其他专技类,编内,从事户外工作。,取得相应学位。,025-57754243，http://www.njlh.gov.cn/
352,2026-tongyi,南京,南京市六合区港航事业发展中心,会计,从事财会工作。,专技岗,1,2026年毕业生,本科以上,,,财务财会类,财务财会类,,,,,,,笔试50%，面试50%,,,,,六合区,南京市六合区交通运输局,全额拨款,经济类（会计、审计）,编内,,取得相应学位。,025-57754243，http://www.njlh.gov.cn/
353,2026-tongyi,南京,南京市六合区水利工程质量监督站,综合文字,从事综合文字工作。,专技岗,1,不限,硕士研究生以上,,,,中文文秘类,,,,,,,笔试50%，面试50%,,,,,六合区,南京市六合区水务局,全额拨款,其他专技类,编内,,取得相应学位。,025-57758951，http://www.njlh.gov.cn/
354,2026-tongyi,南京,南京市六合区防汛防旱管理中心,公共管理,从事防汛防旱管理工作。,专技岗,1,不限,本科以上,,,公共管理类,公共管理类,,,,,,,笔试50%，面试50%,,,,,六合区,南京市六合区水务局,全额拨款,其他专技类,编内,,取得相应学位。,025-57758951，http://www.njlh.gov.cn/
355,2026-tongyi,南京,南京市六合区机电排灌总站（区中型灌区管理中心）,计算机网络管理,从事计算机网络管理工作。,管理岗,1,2026年毕业生,本科以上,,,计算机（网络管理）类,计算机（网络管理）类,,,,,,,笔试50%，面试50%,,,,,六合区,南京市六合区水务局,差额拨款,管理类,编内,,取得相应学位。,025-57758951，http://www.njlh.gov.cn/
356,2026-tongyi,南京,南京市六合区红山窑水利枢纽管理处,水务工程运行管理,从事水务工程维修养护、巡查运行调度管理等工作。,专技岗,1,2026年毕业生,本科以上,,,水利工程类，机电控制类,水利工程类，机电控制类,,,,,,,笔试50%，面试50%,,,,,六合区,南京市六合区水务局,自收自支,其他专技类,编内,,取得相应学位。,025-57758951，http://www.njlh.gov.cn/
357,2026-tongyi,南京,南京市六合区河王坝水库管理所,水务工程运行管理,从事水务工程维修养护、巡查运行调度管理等工作。,专技岗,1,不限,本科以上,,,机电控制类,机电控制类,,,,,,,笔试50%，面试50%,,,,,六合区,南京市六合区水务局,自收自支,其他专技类,编内,,取得相应学位。,025-57758951，http://www.njlh.gov.cn/
358,2026-tongyi,南京,南京市六合区农业技术推广中心,农业技术推广1,从事农业信息化技术推广工作。,专技岗,1,2026年毕业生,本科以上,,,计算机类,计算机类,,,,,,,笔试50%，面试50%,,,,,六合区,南京市六合区农业农村局,全额拨款,计算机类,编内,需经常性加班。,取得相应学位。,025-57119675，http://www.njlh.gov.cn/
359,2026-tongyi,南京,南京市六合区农业技术推广中心,农业技术推广2,从事农业技术推广工作。,专技岗,1,不限,本科以上,,,农业类,农业类,,,,,,,笔试50%，面试50%,,,,,六合区,南京市六合区农业农村局,全额拨款,其他专技类,编内,需经常性加班。,取得相应学位。,025-57119675，http://www.njlh.gov.cn/
360,2026-tongyi,南京,南京市六合区农业区划研究中心,会计,从事财会工作。,管理岗,1,2026年毕业生,本科以上,,,财务财会类,财务财会类,,,,,,,笔试50%，面试50%,,,,,六合区,南京市六合区农业农村局,全额拨款,管理类,编内,,取得相应学位。,025-57119675，http://www.njlh.gov.cn/
361,2026-tongyi,南京,南京市六合区畜牧兽医站,兽医1,主要负责动物防疫、动物疫病监测等相关工作。,专技岗,1,2026年毕业生,本科以上,,,畜牧养殖类,畜牧养殖类,,,,,,,笔试50%，面试50%,,,,,六合区,南京市六合区农业农村局,全额拨款,其他专技类,编内,需经常性加班。,取得相应学位。,025-57119675，http://www.njlh.gov.cn/
362,2026-tongyi,南京,南京市六合区畜牧兽医站,兽医2,主要负责动物防疫、动物疫病监测等相关工作。,专技岗,1,不限,本科以上,,,畜牧养殖类,畜牧养殖类,,,,,,,笔试50%，面试50%,,,,,六合区,南京市六合区农业农村局,全额拨款,其他专技类,编内,需经常性加班。,取得相应学位。,025-57119675，http://www.njlh.gov.cn/
363,2026-tongyi,南京,南京市六合区农业综合行政执法大队,农业行政执法,从事农业农村领域的行政执法工作。,管理岗,1,不限,本科以上,,,法律类,法律类,,,,取得国家法律职业资格证书（A类）,,,笔试50%，面试50%,,,,,六合区,南京市六合区农业农村局,全额拨款,管理类,编内,需经常性加班。,取得相应学位；取得国家法律职业资格证书（A类）。,025-57119675，http://www.njlh.gov.cn/
364,2026-tongyi,南京,南京市六合区商务促进中心,"党务及
综合管理",从事党建、综合文字、培训等相关工作。,专技岗,1,不限,本科以上,,,社会政治类,社会政治类,,,具有2年及以上工作经历,,,中共党员,笔试50%，面试50%,,,,,六合区,南京市六合区商务局,自收自支,其他专技类,编内,,取得相应学位；中共党员；具有2年及以上工作经历。,025-57759808，http://www.njlh.gov.cn/
365,2026-tongyi,南京,南京市六合区商务促进中心,商贸发展服务,从事现代商贸运行、消费促进、企业服务等工作。,专技岗,1,2026年毕业生,本科以上,,,商务贸易类,商务贸易类,,,,,,,笔试50%，面试50%,,,,,六合区,南京市六合区商务局,自收自支,其他专技类,编内,,取得相应学位。,025-57759808，http://www.njlh.gov.cn/
366,2026-tongyi,南京,南京市六合区图书馆,综合文字,从事图书采编、阅读推广、综合文字类工作。,专技岗,1,2026年毕业生,硕士研究生以上,,,,社会政治类，中文文秘类,,,,,,,笔试50%，面试50%,,,,,六合区,南京市六合区文化和旅游局,全额拨款,其他专技类,编内,,取得相应学位。,025-57121976，http://www.njlh.gov.cn/
367,2026-tongyi,南京,南京市六合区文化馆,影视摄影制作,从事摄影摄像、视频制作剪辑等工作。,专技岗,1,不限,本科以上,,,广播电视艺术学，广播电视，影视摄制，广播电视编导，广播影视编导，摄影，影视摄影与制作，影视学，影视艺术技术，全媒体新闻采编与制作，影视技术，新媒体艺术，数字媒体艺术，电影学，广播电视学，广播电视新闻学，照明艺术,广播电视艺术学，广播电视，影视摄制，广播电视编导，广播影视编导，摄影，影视摄影与制作，影视学，影视艺术技术，全媒体新闻采编与制作，影视技术，新媒体艺术，数字媒体艺术，电影学，广播电视学，广播电视新闻学，照明艺术,,,具有2年及以上工作经历,,,,笔试50%，面试50%,,,,,六合区,南京市六合区文化和旅游局,全额拨款,其他专技类,编内,,取得相应学位；具有2年及以上工作经历。,025-57121976，http://www.njlh.gov.cn/
368,2026-tongyi,南京,南京市六合区全域旅游服务中心,财务财会,从事财务会计等相关工作。,专技岗,1,2026年毕业生,硕士研究生以上,,,,财务财会类,,,,,,,笔试50%，面试50%,,,,,六合区,南京市六合区文化和旅游局,全额拨款,经济类（会计、审计）,编内,,取得相应学位。,025-57121976，http://www.njlh.gov.cn/
369,2026-tongyi,南京,南京市公共资源交易中心六合分中心,公共资源交易服务,从事公共资源交易服务、保证金审计管理。,专技岗,1,2026年毕业生,本科以上,,,审计类，财务财会类,审计类，财务财会类,,,,,,,笔试50%，面试50%,,,,,六合区,南京市六合区数据局,全额拨款,经济类（会计、审计）,编内,,取得相应学位。,025-57130500，http://www.njlh.gov.cn/
370,2026-tongyi,南京,南京金牛湖旅游度假区服务中心,会计,从事财会工作。,专技岗,1,不限,本科以上,,,财务财会类,财务财会类,,,具有2年及以上财会工作经历,具有会计专业初级及以上专业技术资格证书,,,笔试50%，面试50%,,,,,六合区,江苏省南京金牛湖旅游度假区管理办公室,自收自支,经济类（会计、审计）,编内,,取得相应学位；具有会计专业初级及以上专业技术资格证书；具有2年及以上财会工作经历。,"025-57566968，
http://www.njlh.gov.cn/"
371,2026-tongyi,南京,南京市六合区横梁街道新篁社区卫生服务中心,会计,从事财务管理相关工作。,专技岗,1,2026年毕业生,本科以上,,,财务财会类,财务财会类,,,,,,,笔试50%，面试50%,,,,,六合区,南京市六合区卫生健康委员会,差额拨款,经济类（会计、审计）,编内,,取得相应学位。,025-57758718，http://www.njlh.gov.cn/
372,2026-tongyi,南京,南京市六合区工人文化宫,会计,从事财会工作。,专技岗,1,不限,本科以上,,,财务财会类,财务财会类,,,具有2年及以上财会工作经历,具有会计专业初级及以上专业技术资格证书,,,笔试50%，面试50%,,,,,六合区,南京市六合区总工会,自收自支,经济类（会计、审计）,编内,,取得相应学位；具有会计专业初级及以上专业技术资格证书；具有2年及以上财会工作经历。,025-57759342，http://www.njlh.gov.cn/
373,2026-tongyi,南京,南京市六合区雄州街道综合行政检查执法大队,综合执法管理,从事综合执法管理工作。,管理岗,1,不限,本科以上,,,建筑工程类,建筑工程类,,,,,,,笔试50%，面试50%,,,,,六合区,南京市六合区人民政府雄州街道办事处,全额拨款,管理类,编内,,取得相应学位。,025-57502510，http://www.njlh.gov.cn/
374,2026-tongyi,南京,南京市六合区雄州街道园区服务中心,科技招商及企业服务,从事科技招商、企业服务工作。,管理岗,1,2026年毕业生,本科以上,,,机电控制类,机电控制类,,,,,,,笔试50%，面试50%,,,,,六合区,南京市六合区人民政府雄州街道办事处,自收自支,管理类,编内,,取得相应学位。,025-57502510，http://www.njlh.gov.cn/
375,2026-tongyi,南京,南京市六合区龙池街道综合行政检查执法大队,综合执法,从事综合执法等相关工作。,管理岗,1,不限,本科以上,,,法律类,法律类,,,,,,,笔试50%，面试50%,,,,,六合区,南京市六合区人民政府龙池街道办事处,全额拨款,管理类,编内,,取得相应学位。,025-57669798，http://www.njlh.gov.cn/
376,2026-tongyi,南京,南京市六合区龙池街道城市建设管理服务中心,城乡建设,从事城乡建设管理工作。,专技岗,1,2026年毕业生,本科以上,,,建筑工程类，审计类,建筑工程类，审计类,,,,,,,笔试50%，面试50%,,,,,六合区,南京市六合区人民政府龙池街道办事处,差额拨款,其他专技类,编内,,取得相应学位。,025-57669798，http://www.njlh.gov.cn/
377,2026-tongyi,南京,南京市六合区龙池街道畜牧兽医站,畜牧兽医,从事动物防疫、动物检疫等工作。,管理岗,1,2026年毕业生,本科以上,,,畜牧养殖类,畜牧养殖类,,,,,,,笔试50%，面试50%,,,,,六合区,南京市六合区人民政府龙池街道办事处,差额拨款,管理类,编内,,取得相应学位。,025-57669798，http://www.njlh.gov.cn/
378,2026-tongyi,南京,南京市六合区金牛湖街道畜牧兽医站,畜牧兽医,从事畜牧兽医相关工作。,专技岗,1,2026年毕业生,本科以上,,,畜牧养殖类,畜牧养殖类,,,,,,,笔试50%，面试50%,,,,,六合区,南京市六合区人民政府金牛湖街道办事处,差额拨款,其他专技类,编内,,取得相应学位。,025-57563922，http://www.njlh.gov.cn/
379,2026-tongyi,南京,南京市六合区程桥街道综合行政检查执法大队,综合执法1,从事综合执法工作。,管理岗,1,2026年毕业生,本科以上,,,安全生产类,安全生产类,,,,,,,笔试50%，面试50%,,,,,六合区,南京市六合区程桥街道办事处,全额拨款,管理类,编内,,取得相应学位。,025-57659832，http://www.njlh.gov.cn/
380,2026-tongyi,南京,南京市六合区程桥街道综合行政检查执法大队,综合执法2,从事综合执法工作。,管理岗,1,不限,本科以上,,,安全生产类,安全生产类,,,具有2年及以上工作经历,,,,笔试50%，面试50%,,,,,六合区,南京市六合区程桥街道办事处,全额拨款,管理类,编内,,取得相应学位；具有2年及以上工作经历。,025-57659832，http://www.njlh.gov.cn/
381,2026-tongyi,南京,南京市六合区横梁街道农业服务中心,农业服务,从事农业相关工作。,专技岗,1,2026年毕业生,本科以上,,,农业类,农业类,,,,,,,笔试50%，面试50%,,,,,六合区,南京市六合区人民政府横梁街道办事处,差额拨款,其他专技类,编内,,取得相应学位。,025-57602006，025-57600956，http://www.njlh.gov.cn/
382,2026-tongyi,南京,南京市六合区横梁街道水利管理服务中心,水利服务,从事水利相关工作。,专技岗,1,不限,本科以上,,,水利工程类,水利工程类,,,,,,,笔试50%，面试50%,,,,,六合区,南京市六合区人民政府横梁街道办事处,差额拨款,其他专技类,编内,,取得相应学位。,025-57602006，025-57600956，http://www.njlh.gov.cn/
383,2026-tongyi,南京,南京市六合区龙袍街道综合行政检查执法大队,综合执法,从事综合行政检查执法工作。,管理岗,1,不限,本科以上,,,安全生产类，法律类,安全生产类，法律类,,,,,,,笔试50%，面试50%,,,,,六合区,南京市六合区人民政府龙袍街道办事处,全额拨款,管理类,编内,,取得相应学位。,025-57613011，http://www.njlh.gov.cn/
384,2026-tongyi,南京,南京市六合区龙袍街道社会保障服务中心,综合管理,从事综合管理业务工作。,管理岗,1,2026年毕业生,本科以上,,,公共管理类，财务财会类,公共管理类，财务财会类,,,,,,,笔试50%，面试50%,,,,,六合区,南京市六合区人民政府龙袍街道办事处,差额拨款,管理类,编内,,取得相应学位。,025-57613011，http://www.njlh.gov.cn/
385,2026-tongyi,南京,南京市六合区龙袍街道社会保障服务中心,综合文字,从事综合文字工作。,管理岗,1,2026年毕业生,本科以上,,,中文文秘类,中文文秘类,,,,,,,笔试50%，面试50%,,,,,六合区,南京市六合区人民政府龙袍街道办事处,差额拨款,管理类,编内,,取得相应学位。,025-57613011，http://www.njlh.gov.cn/
386,2026-tongyi,南京,南京市六合区龙袍街道畜牧兽医站,财务管理,从事财会工作。,管理岗,1,2026年毕业生,本科以上,,,财务财会类,财务财会类,,,,,,,笔试50%，面试50%,,,,,六合区,南京市六合区人民政府龙袍街道办事处,差额拨款,管理类,编内,,取得相应学位。,025-57613011，http://www.njlh.gov.cn/
387,2026-tongyi,南京,南京市六合区龙袍街道人口和计划生育服务中心,综合文字,从事综合文字工作。,专技岗,1,不限,本科以上,,,公共管理类,公共管理类,,,,,,,笔试50%，面试50%,,,,,六合区,南京市六合区人民政府龙袍街道办事处,差额拨款,其他专技类,编内,,取得相应学位。,025-57613011，http://www.njlh.gov.cn/
388,2026-tongyi,南京,南京市六合区冶山街道经济发展服务中心,财务管理,从事财务管理工作。,管理岗,1,2026年毕业生,本科以上,,,税务税收类，财务财会类,税务税收类，财务财会类,,,,,,,笔试50%，面试50%,,,,,六合区,南京市六合区人民政府冶山街道办事处,差额拨款,管理类,编内,,取得相应学位。,025-57573271，http://www.njlh.gov.cn/
389,2026-tongyi,南京,南京市六合区冶山街道农业服务中心,工程管理,从事工程管理工作。,专技岗,1,不限,本科以上,,,城建规划类，建筑工程类,城建规划类，建筑工程类,,,,,,,笔试50%，面试50%,,,,,六合区,南京市六合区人民政府冶山街道办事处,差额拨款,其他专技类,编内,,取得相应学位。,025-57573271，http://www.njlh.gov.cn/
390,2026-tongyi,南京,南京市六合区竹镇镇城市建设管理服务中心,工程建设,从事工程项目建设工作。,专技岗,1,2026年毕业生,本科以上,,,建筑工程类,建筑工程类,,,,,,,笔试50%，面试50%,,,,,六合区,南京市六合区竹镇镇人民政府,差额拨款,其他专技类,编内,,取得相应学位。,025-57683631，http://www.njlh.gov.cn/
391,2026-tongyi,南京,南京市六合区竹镇镇水利管理服务中心,水利管理,从事水利管理工作。,专技岗,1,不限,本科以上,,,水利工程类,水利工程类,,,,,,,笔试50%，面试50%,,,,,六合区,南京市六合区竹镇镇人民政府,差额拨款,其他专技类,编内,,取得相应学位。,025-57683631，http://www.njlh.gov.cn/
392,2026-tongyi,南京,南京市六合区竹镇镇人口和计划生育服务中心,财务管理,从事财会工作。,管理岗,1,2026年毕业生,本科以上,,,经济类,经济类,,,,,,,笔试50%，面试50%,,,,,六合区,南京市六合区竹镇镇人民政府,差额拨款,管理类,编内,,取得相应学位。,025-57683631，http://www.njlh.gov.cn/
393,2026-tongyi,南京,南京市溧水区网络安全应急指挥中心（南京市溧水区互联网宣传信息中心）,信息管理,从事网络安全及信息化管理工作。,管理岗,1,2026年毕业生,本科以上,,,计算机（网络管理）类,计算机（网络管理）类,,,,,,,笔试50%，面试50%,,,,,溧水区,中共南京市溧水区委宣传部,全额拨款,管理类,编内,网络舆情监控需要24小时值班。,取得相应学位。,"025-57207828，
www.njls.gov.cn"
394,2026-tongyi,南京,南京市溧水区社会治安综合治理中心,法律事务服务,从事法律法务相关工作。,专技岗,1,2026年毕业生,本科以上,,,法律类,法律类,,,,,,,笔试50%，面试50%,,,硕士研究生报考，本科阶段专业须为法律类专业并取得相应学位,,溧水区,中共南京市溧水区委政法委员会,全额拨款,法律类,编内,长期在基层一线从事矛盾纠纷调处工作，需参与应急、夜间值班。,取得相应学位；硕士研究生报考，本科阶段专业须为法律类专业并取得相应学位。,"025-56222273，
www.njls.gov.cn"
395,2026-tongyi,南京,南京市溧水区墙体材料革新与建筑节能管理中心,环境保护,从事碳达峰、碳中和及节能减排相关工作。,专技岗,1,2026年毕业生,本科以上,,,"环境工程，环境科学与工程，环境科学，资源环境科学，资源环境与城乡规划管理，环境生态工程,生态环境工程技术","环境工程，环境科学与工程，环境科学，资源环境科学，资源环境与城乡规划管理，环境生态工程,生态环境工程技术",,,,,,,笔试50%，面试50%,,,,,溧水区,南京市溧水区发展和改革委员会,全额拨款,其他专技类,编内,,取得相应学位。,025-57226671，www.njls.gov.cn
396,2026-tongyi,南京,南京市溧水区墙体材料革新与建筑节能管理中心,综合业务,从事经济综合业务工作。,专技岗,1,2026年毕业生,本科以上,,,经济类,经济类,,,,,,,笔试50%，面试50%,,,,,溧水区,南京市溧水区发展和改革委员会,全额拨款,经济类（统计、其他经济）,编内,,取得相应学位。,025-57226671，www.njls.gov.cn
397,2026-tongyi,南京,南京市溧水区企业服务中心,产业研究,负责从事产业规划、政策研究制定工作。,专技岗,1,不限,硕士研究生,,,,机电控制类（农业电气化与自动化，农业工程与信息技术除外）,,,,,,,笔试50%，面试50%,,,,,溧水区,南京市溧水区工业和信息化局,全额拨款,其他专技类,编内,,取得相应学位。,"025-57421281，
www.njls.gov.cn"
398,2026-tongyi,南京,南京市溧水区绩效评审中心,绩效管理,从事绩效评审合法合规性审查工作。,管理岗,1,不限,本科以上,,,法学，法律，法学（法务会计），经济法学，法律硕士，法律（法学），法律（非法学），法律硕士（法学），法律硕士（非法学），经济法,法学，法律，法学（法务会计），经济法学，法律硕士，法律（法学），法律（非法学），法律硕士（法学），法律硕士（非法学），经济法,,,,,,,笔试50%，面试50%,,,,,溧水区,南京市溧水区财政局,全额拨款,管理类,编内,,取得相应学位。,025-57207218， www.njls.gov.cn
399,2026-tongyi,南京,南京市溧水区地籍管理所,城建规划,从事城建规划相关工作。,专技岗,1,2026年毕业生,本科以上,,,城建规划类,城建规划类,,,,,,,笔试50%，面试50%,,,,,溧水区,南京市规划和自然资源局溧水分局,自收自支,其他专技类,编内,,取得相应学位。,025-56226277，www.njls.gov.cn
400,2026-tongyi,南京,南京市溧水区园林管理所,工程管理,从事园林养护管理技术性辅助等工作。,专技岗,1,社会人员,本科以上,,,建筑工程类,建筑工程类,,,具有3年及以上工作经历,,,,笔试50%，面试50%,,,,,溧水区,南京市溧水区城乡建设局,差额拨款,其他专技类,编内,,取得相应学位；具有3年及以上工作经历。,"025-57212331，
www.njls.gov.cn"
401,2026-tongyi,南京,南京市溧水区城乡建设管理中心,工程管理,从事建筑市场行为日常监督管理技术性辅助等工作。,专技岗,1,2026年毕业生,本科以上,,,建筑工程类,建筑工程类,,,,,,,笔试50%，面试50%,,,,,溧水区,南京市溧水区城乡建设局,差额拨款,其他专技类,编内,,取得相应学位。,"025-57212331，
www.njls.gov.cn"
402,2026-tongyi,南京,南京市溧水区房地产管理所（南京市溧水区白蚁防治所）,物业及房屋安全管理,从事物业及房屋安全管理相关工作。,专技岗,1,2026年毕业生,本科以上,,,土木工程，建筑工程，工程管理，建设工程管理,土木工程，建筑工程，工程管理，建设工程管理,,,,,,,笔试50%，面试50%,,,,,溧水区,南京市溧水区住房保障和房产局,自收自支,其他专技类,编内,,取得相应学位。,"025-57212189，
www.njls.gov.cn"
403,2026-tongyi,南京,南京市溧水区交通运输综合行政执法大队,交通运输执法,从事工程质量监督执法相关工作。,管理岗,2,2026年毕业生,本科以上,,,道路桥梁工程，道路与桥梁工程，道路桥梁与渡河工程，土木工程，车辆工程,道路桥梁工程，道路与桥梁工程，道路桥梁与渡河工程，土木工程，车辆工程,,,,,,,笔试50%，面试50%,,,,,溧水区,南京市溧水区交通运输局,全额拨款,管理类,编内,基层一线岗位，现场执法，经常加班和值夜班。,取得相应学位。,025-57221320，  www.njls.gov.cn
404,2026-tongyi,南京,南京市溧水区港航事业发展中心,工程管理,从事港航工程管理工作。,专技岗,1,2026年毕业生,本科以上,,,交通运输工程，船舶与海洋工程，船舶电子电气工程，智能运输工程，交通运输，交通工程,交通运输工程，船舶与海洋工程，船舶电子电气工程，智能运输工程，交通运输，交通工程,,,,,,,笔试50%，面试50%,,,,,溧水区,南京市溧水区交通运输局,全额拨款,其他专技类,编内,需上船作业，经常到港口码头现场开展工作，经常加班和值夜班。,取得相应学位。,025-57221320，  www.njls.gov.cn
405,2026-tongyi,南京,南京市溧水区水利工程建设管理中心(南京市溧水区水利工程质量安全监督站),工程管理,从事给排水工程相关工作。,专技岗,1,2026年毕业生,本科以上,,,给水排水，给水排水工程，给排水工程，给排水科学与工程,给水排水，给水排水工程，给排水工程，给排水科学与工程,,,,,,,笔试50%，面试50%,,,,,溧水区,南京市溧水区水务局,全额拨款,其他专技类,编内,,取得相应学位。,025-57212136，www.njls.gov.cn
406,2026-tongyi,南京,南京市溧水区镇畜牧兽医分站,动物检疫,从事夜间动物屠宰检疫等工作。,专技岗,1,不限,本科以上,,,兽医，兽医学，临床兽医学，动植物检疫，动物医学,兽医，兽医学，临床兽医学，动植物检疫，动物医学,,,,,,,笔试50%，面试50%,,,,,溧水区,南京市溧水区农业农村局,全额拨款,其他专技类,编内,需经常加班、夜间屠宰检疫检查，经常往返镇村采样、解剖。,取得相应学位。,025-57212197，www.njls.gov.cn
407,2026-tongyi,南京,南京市溧水区农业技术推广中心,病虫测报,从事农作物病虫害测报与防控工作。,专技岗,1,2026年毕业生,本科以上,,,植物保护，农药化肥，生物农药科学与工程，动植物检疫，植物病理学，农业昆虫与害虫防治，农药学,植物保护，农药化肥，生物农药科学与工程，动植物检疫，植物病理学，农业昆虫与害虫防治，农药学,,,,,,,笔试50%，面试50%,,,,,溧水区,南京市溧水区农业农村局,全额拨款,其他专技类,编内,需经常野外田间作业。,取得相应学位。,025-57212197，www.njls.gov.cn
408,2026-tongyi,南京,南京市溧水区作物栽培指导站,农业管理,从事园艺栽培和农业经济管理工作。,专技岗,1,2026年毕业生,本科以上,,,园艺，园艺学，现代园艺，设施园艺，农业经济管理，农业经济,园艺，园艺学，现代园艺，设施园艺，农业经济管理，农业经济,,,,,,,笔试50%，面试50%,,,,,溧水区,南京市溧水区农业农村局,全额拨款,其他专技类,编内,需经常野外田间作业。,取得相应学位。,025-57212197，www.njls.gov.cn
409,2026-tongyi,南京,南京市溧水区中小商贸流通企业服务中心,综合文字,从事综合文字工作。,管理岗,1,2026年毕业生,本科以上,,,中文文秘类，社会政治类,中文文秘类，社会政治类,,,,,,,笔试50%，面试50%,,,,,溧水区,南京市溧水区商务局,自收自支,管理类,编内,,取得相应学位。,"025-57212446，
www.njls.gov.cn"
410,2026-tongyi,南京,南京市溧水区博物馆,"文物陈列
与保护",从事博物馆展陈内容策划和实施，及文物保护工作。,专技岗,1,2026年毕业生,本科以上,,,历史学，考古学，博物馆学，文物与博物馆学，文物保护技术，文物鉴赏与修复，文物保护与修复，文物修复与保护，考古学及博物馆学，博物馆，文物，文物与博物馆,历史学，考古学，博物馆学，文物与博物馆学，文物保护技术，文物鉴赏与修复，文物保护与修复，文物修复与保护，考古学及博物馆学，博物馆，文物，文物与博物馆,,,,,,,笔试50%，面试50%,,,,,溧水区,南京市溧水区文化和旅游局,全额拨款,其他专技类,编内,,取得相应学位。,"025-56233795，
www.njls.gov.cn"
411,2026-tongyi,南京,南京市溧水区专家咨询服务中心,会计,从事财会工作。,专技岗,1,社会人员,本科以上,,,会计学，会计，财务管理，财务会计与审计,会计学，会计，财务管理，财务会计与审计,,,具有2年及以上财会工作经历,取得会计专业初级及以上专业技术资格证书或注册会计师证书,,,笔试50%，面试50%,,,,,溧水区,南京市溧水区数据局,全额拨款,经济类（会计、审计）,编内,,取得相应学位；取得会计专业初级及以上专业技术资格证书或注册会计师证书；具有2年及以上财会工作经历。,"025-57236231，
www.njls.gov.cn"
412,2026-tongyi,南京,南京市溧水微波中继站,技术员,从事安全播出相关技术工作。,专技岗,1,2026年毕业生,本科以上,,,计算机类,计算机类,,,,,,,笔试50%，面试50%,,,,,溧水区,南京市溧水区融媒体中心,全额拨款,计算机类,编内,需承担高山台站值守（24小时）及应急保障任务，适应山区工作环境及轮班工作；通勤无直达交通工具。,取得相应学位。,025-56230059，www.njls.gov.cn
413,2026-tongyi,南京,南京溧水经济开发区政务服务中心,经济管理,从事经济管理工作。,专技岗,1,不限,本科以上,,,经济类,经济类,,,,,,,笔试50%，面试50%,,,,,溧水区,南京溧水经济开发区管理委员会,全额拨款,经济类（统计、其他经济）,编内,,取得相应学位。,025-56232912，www.nj1s.gov.cn
414,2026-tongyi,南京,南京市溧水区柘塘街道农业综合服务中心,农业服务,从事农业相关工作。,专技岗,1,2026年毕业生,本科以上,,,农业类,农业类,,,,,,,笔试50%，面试50%,,,,,溧水区,南京市溧水区人民政府柘塘街道办事处,全额拨款,其他专技类,编内,,取得相应学位。,025-56232912，www.nj1s.gov.cn
415,2026-tongyi,南京,南京市溧水区柘塘街道综合行政检查执法大队,综合执法,从事综合执法工作。,管理岗,1,2026年毕业生,本科以上,,,法律类,法律类,,,,,,,笔试50%，面试50%,,,,,溧水区,南京市溧水区人民政府柘塘街道办事处,全额拨款,管理类,编内,,取得相应学位。,025-56232912，www.nj1s.gov.cn
416,2026-tongyi,南京,南京市溧水区柘塘街道综合行政检查执法大队,安全消防执法1,专职从事安全生产、消防安全和防灾减灾等工作。,管理岗,1,不限,本科以上,,,安全生产类,安全生产类,,,,,,,笔试50%，面试50%,,,,,溧水区,南京市溧水区人民政府柘塘街道办事处,全额拨款,管理类,编内,需夜间值班及节假日值班备勤。,取得相应学位。,"025-56232912，
www.njls.gov.cn"
417,2026-tongyi,南京,南京市溧水区柘塘街道综合行政检查执法大队,安全消防执法2,专职从事安全生产、消防安全和防灾减灾等工作。,管理岗,1,不限,大专以上,,,不限,不限,,,,取得初级及以上注册安全工程师或二级及以上注册消防工程师资格证书,,,笔试50%，面试50%,,,,,溧水区,南京市溧水区人民政府柘塘街道办事处,全额拨款,管理类,编内,需夜间值班及节假日值班备勤。,取得初级及以上注册安全工程师或二级及以上注册消防工程师资格证书。,"025-56232912，
www.njls.gov.cn"
418,2026-tongyi,南京,南京市溧水区永阳街道农业综合服务中心,农业管理,从事农业管理工作。,专技岗,1,社会人员,本科以上,,,农业类,农业类,,,具有2年及以上工作经历,,,,笔试50%，面试50%,,,,,溧水区,南京市溧水区人民政府永阳街道办事处,全额拨款,其他专技类,编内,,取得相应学位；具有2年及以上工作经历。,025-57212177，www.njls.gov.cn
419,2026-tongyi,南京,南京市溧水区永阳街道企业服务中心,企业服务,从事企业服务工作。,专技岗,1,2026年毕业生,本科以上,,,电子信息类，机电控制类,电子信息类，机电控制类,,,,,,,笔试50%，面试50%,,,,,溧水区,南京市溧水区人民政府永阳街道办事处,差额拨款,其他专技类,编内,,取得相应学位。,025-57212177，www.njls.gov.cn
420,2026-tongyi,南京,南京市溧水区永阳街道综合行政检查执法大队,安全消防执法1,专职从事安全生产、消防安全和防灾减灾等工作。,管理岗,1,不限,本科以上,,,安全生产类,安全生产类,,,,,,,笔试50%，面试50%,,,,,溧水区,南京市溧水区人民政府永阳街道办事处,全额拨款,管理类,编内,需夜间值班及节假日值班备勤。,取得相应学位。,"025-57212177，
www.njls.gov.cn"
421,2026-tongyi,南京,南京市溧水区永阳街道综合行政检查执法大队,安全消防执法2,专职从事安全生产、消防安全和防灾减灾等工作。,管理岗,1,不限,大专以上,,,不限,不限,,,,取得初级及以上注册安全工程师或二级及以上注册消防工程师资格证书,,,笔试50%，面试50%,,,,,溧水区,南京市溧水区人民政府永阳街道办事处,全额拨款,管理类,编内,需夜间值班及节假日值班备勤。,取得初级及以上注册安全工程师或二级及以上注册消防工程师资格证书。,"025-57212177，
www.njls.gov.cn"
422,2026-tongyi,南京,南京市溧水区东屏街道农业综合服务中心,综合文字,从事综合文字工作。,管理岗,1,2026年毕业生,本科以上,,,中文文秘类,中文文秘类,,,,,,,笔试50%，面试50%,,,,,溧水区,南京市溧水区人民政府东屏街道办事处,全额拨款,管理类,编内,基层一线岗位，需走村入户及经常性加班和24小时值班。,取得相应学位。,"025-57490070，
www.njls.gov.cn"
423,2026-tongyi,南京,南京市溧水区东屏街道建设管理服务中心,会计,从事财会工作。,专技岗,1,不限,本科以上,,,财务财会类,财务财会类,,,,,,,笔试50%，面试50%,,,,,溧水区,南京市溧水区人民政府东屏街道办事处,差额拨款,经济类（会计、审计）,编内,基层一线岗位，需走村入户及经常性加班和24小时值班。,取得相应学位。,"025-57490070，
www.njls.gov.cn"
424,2026-tongyi,南京,南京市溧水区东屏街道综合行政检查执法大队,安全消防执法,专职从事安全生产、消防安全和防灾减灾等工作。,管理岗,1,不限,本科以上,,,安全生产类,安全生产类,,,,,,,笔试50%，面试50%,,,,,溧水区,南京市溧水区人民政府东屏街道办事处,全额拨款,管理类,编内,需夜间值班及节假日值班备勤。,取得相应学位。,"025-57490070，
www.njls.gov.cn"
425,2026-tongyi,南京,南京市溧水区洪蓝街道农业综合服务中心,综合业务,从事农业机械自动化管理服务工作。,专技岗,1,不限,本科以上,,,机械设计制造及其自动化，机械制造及自动化，机械工程及自动化，机械工程及其自动化，农业机械化及其自动化，机械设计制造及自动化,机械设计制造及其自动化，机械制造及自动化，机械工程及自动化，机械工程及其自动化，农业机械化及其自动化，机械设计制造及自动化,,,,,,,笔试50%，面试50%,,,,,溧水区,南京市溧水区人民政府洪蓝街道办事处,全额拨款,其他专技类,编内,,取得相应学位。,025-57233518，www.njls.gov.cn
426,2026-tongyi,南京,南京市溧水区洪蓝街道社会事务综合服务中心,综合管理,从事综合文字工作。,管理岗,1,2026年毕业生,本科以上,,,汉语言文学，汉语言文字学，汉语言，中国语言文化，应用语言学，语言学，中国语言与文化，语言学及应用语言学，中国语言文学,汉语言文学，汉语言文字学，汉语言，中国语言文化，应用语言学，语言学，中国语言与文化，语言学及应用语言学，中国语言文学,,,,,,,笔试50%，面试50%,,,,,溧水区,南京市溧水区人民政府洪蓝街道办事处,全额拨款,管理类,编内,,取得相应学位。,025-57233518，www.njls.gov.cn
427,2026-tongyi,南京,南京市溧水区洪蓝街道综合行政检查执法大队,安全消防执法,专职从事安全生产、消防安全和防灾减灾等工作。,管理岗,1,不限,本科以上,,,安全生产类,安全生产类,,,,,,,笔试50%，面试50%,,,,,溧水区,南京市溧水区人民政府洪蓝街道办事处,全额拨款,管理类,编内,需夜间值班及节假日值班备勤。,取得相应学位。,"025-57233518，
www.njls.gov.cn"
428,2026-tongyi,南京,南京市溧水区石湫街道农业综合服务中心,会计,从事财会工作。,专技岗,1,社会人员,本科以上,,,会计学，会计，财务会计与审计，财务管理,会计学，会计，财务会计与审计，财务管理,,,具有2年及以上财会工作经历,,,,笔试50%，面试50%,,,,,溧水区,南京市溧水区人民政府石湫街道办事处,全额拨款,经济类（会计、审计）,编内,,取得相应学位；具有2年及以上财会工作经历。,025-56201321，www.njls.gov.cn
429,2026-tongyi,南京,南京市溧水区石湫街道企业服务中心,业务管理,主要从事投融资管理工作。,专技岗,1,2026年毕业生,本科以上,,,金融，金融学，金融工程，投资学，金融管理,金融，金融学，金融工程，投资学，金融管理,,,,,,,笔试50%，面试50%,,,,,溧水区,南京市溧水区人民政府石湫街道办事处,差额拨款,经济类（统计、其他经济）,编内,,取得相应学位。,025-56201321，www.njls.gov.cn
430,2026-tongyi,南京,南京市溧水区石湫街道综合行政检查执法大队,安全消防执法,专职从事安全生产、消防安全和防灾减灾等工作。,管理岗,1,不限,本科以上,,,安全生产类,安全生产类,,,,,,,笔试50%，面试50%,,,,,溧水区,南京市溧水区人民政府石湫街道办事处,全额拨款,管理类,编内,需夜间值班及节假日值班备勤。,取得相应学位。,"025-56201321，
www.njls.gov.cn"
431,2026-tongyi,南京,江苏南京国家农业高新技术产业示范区农业科技创新发展服务中心,农业管理,从事农业信息化管理相关工作。,专技岗,1,不限,硕士研究生以上,,,,农业信息化，农业工程与信息技术，计算机技术，计算机科学与技术，大数据技术与工程,,,,,,,笔试50%，面试50%,,,,,溧水区,江苏南京国家农业高新技术产业示范区管理委员会,全额拨款,其他专技类,编内,,取得相应学位。,"025-56229713，
www.njls.gov.cn"
432,2026-tongyi,南京,南京市溧水区白马镇农业综合服务中心,农业服务,从事农业服务相关工作。,专技岗,1,2026年毕业生,本科以上,,,机械工程，机械工程及自动化，机械工程及其自动化，智能制造工程，质量管理工程,机械工程，机械工程及自动化，机械工程及其自动化，智能制造工程，质量管理工程,,,,,,,笔试50%，面试50%,,,,,溧水区,南京市溧水区白马镇人民政府,全额拨款,其他专技类,编内,,取得相应学位。,"025-56229713，
www.njls.gov.cn"
433,2026-tongyi,南京,南京市溧水区白马镇水务站,水利管理,从事水利相关工作。,专技岗,1,不限,本科以上,,,水利工程类,水利工程类,,,,,,,笔试50%，面试50%,,,,,溧水区,南京市溧水区白马镇人民政府,差额拨款,其他专技类,编内,,取得相应学位。,"025-56229713，
www.njls.gov.cn"
434,2026-tongyi,南京,南京市溧水区白马镇综合行政检查执法大队,安全消防执法,专职从事安全生产、消防安全和防灾减灾等工作。,管理岗,1,不限,本科以上,,,安全生产类,安全生产类,,,,,,,笔试50%，面试50%,,,,,溧水区,南京市溧水区白马镇人民政府,全额拨款,管理类,编内,需夜间值班及节假日值班备勤。,取得相应学位。,"025-56229713，
www.njls.gov.cn"
435,2026-tongyi,南京,南京市溧水区和凤镇社会事务综合服务中心,综合管理,从事综合文字工作。,管理岗,1,2026年毕业生,本科以上,,,汉语言文学，汉语言文字学，汉语言，秘书学，高级文秘，汉语言文学教育，文秘教育,汉语言文学，汉语言文字学，汉语言，秘书学，高级文秘，汉语言文学教育，文秘教育,,,,,,,笔试50%，面试50%,,,,,溧水区,南京市溧水区和凤镇人民政府,全额拨款,管理类,编内,,取得相应学位。,025-57462621，www.njls.gov.cn
436,2026-tongyi,南京,南京市溧水区和凤镇企业服务中心,综合管理,从事企业管理服务工作。,专技岗,1,2026年毕业生,本科以上,,,机械工程类,机械工程类,,,,,,,笔试50%，面试50%,,,,,溧水区,南京市溧水区和凤镇人民政府,差额拨款,其他专技类,编内,,取得相应学位。,025-57462621，www.njls.gov.cn
437,2026-tongyi,南京,南京市溧水区和凤镇综合行政检查执法大队,安全消防执法,专职从事安全生产、消防安全和防灾减灾等工作。,管理岗,1,不限,本科以上,,,安全生产类,安全生产类,,,,,,,笔试50%，面试50%,,,,,溧水区,南京市溧水区和凤镇人民政府,全额拨款,管理类,编内,需夜间值班及节假日值班备勤。,取得相应学位。,"025-57462621，
www.njls.gov.cn"
438,2026-tongyi,南京,南京市溧水区晶桥镇农业综合服务中心,农业服务,从事农业服务相关工作。,管理岗,1,不限,本科以上,,,农学，植物保护，茶学，现代农业管理，水产养殖学，水产养殖，现代水产养殖技术，作物生产与品质改良，智慧农业，智慧农业技术，农业管理,农学，植物保护，茶学，现代农业管理，水产养殖学，水产养殖，现代水产养殖技术，作物生产与品质改良，智慧农业，智慧农业技术，农业管理,,,,,,,笔试50%，面试50%,,,,,溧水区,南京市溧水区晶桥镇人民政府,全额拨款,管理类,编内,,取得相应学位。,025-57282809，www.njls.gov.cn
439,2026-tongyi,南京,南京市溧水区晶桥镇综合行政检查执法大队,综合执法,从事基层综合行政检查执法工作。,管理岗,1,2026年毕业生,本科以上,,,法律类,法律类,,,,,,,笔试50%，面试50%,,,,,溧水区,南京市溧水区晶桥镇人民政府,全额拨款,管理类,编内,,取得相应学位。,025-57282809，www.njls.gov.cn
440,2026-tongyi,南京,南京市溧水区晶桥镇综合行政检查执法大队,安全消防执法,专职从事安全生产、消防安全和防灾减灾等工作。,管理岗,1,不限,本科以上,,,安全生产类,安全生产类,,,,,,,笔试50%，面试50%,,,,,溧水区,南京市溧水区晶桥镇人民政府,全额拨款,管理类,编内,需夜间值班及节假日值班备勤。,取得相应学位。,"025-57282809，
www.njls.gov.cn"
441,2026-tongyi,南京,南京市高淳区社会治安综合治理中心,党务及矛盾调解处理,从事党务及矛盾纠纷受理交办工作。,专技岗,1,社会人员,本科以上,,,法律类,法律类,,,具有1年及以上工作经历,,,中共党员,笔试50%，面试50%,,,,,高淳区,中共南京市高淳区委政法委员会,全额拨款,法律类,编内,,取得相应学位；中共党员；具有1年及以上工作经历。,025-56818067，http://www.njgc.gov.cn/
442,2026-tongyi,南京,南京市高淳区网络安全应急指挥中心,综合文字,从事综合文字工作。,管理岗,1,2026年毕业生,硕士研究生以上,,,,中文文秘类,,,,,,,笔试50%，面试50%,,,,,高淳区,中共南京市高淳区委宣传部,全额拨款,管理类,编内,晚上需轮岗值班。,取得相应学位。,025-57338096，http://www.njgc.gov.cn/
443,2026-tongyi,南京,南京市高淳区网络安全应急指挥中心,网络安全和信息化,从事网络安全、信息化等工作。,管理岗,1,不限,硕士研究生以上,,,,计算机（网络管理）类,,,,,,,笔试50%，面试50%,,,,,高淳区,中共南京市高淳区委宣传部,全额拨款,管理类,编内,晚上需轮岗值班。,取得相应学位。,025-57338096，http://www.njgc.gov.cn/
444,2026-tongyi,南京,南京市高淳区国有资产管理服务中心,国有资产管理,从事国有资产监管工作。,管理岗,1,2026年毕业生,本科以上,,,经济类,经济类,,,,,,,笔试50%，面试50%,,,,,高淳区,南京市高淳区人民政府国有资产监督管理办公室,全额拨款,管理类,编内,,取得相应学位。,025-57338302，http://www.njgc.gov.cn/
445,2026-tongyi,南京,南京市高淳区殡仪馆,殡葬业务管理,从事殡葬业务管理工作。,管理岗,1,不限,本科以上,,,机电控制类，机械工程类,机电控制类，机械工程类,,,,,,,笔试50%，面试50%,,,,,高淳区,南京市高淳区民政局,差额拨款,管理类,编内,需接触遗体；需经常加班并值夜班；工作地点偏远。,取得相应学位。,025-57319584，http://www.njgc.gov.cn/
446,2026-tongyi,南京,南京市高淳区殡仪馆,财务会计,从事殡葬财务会计工作。,专技岗,1,2026年毕业生,本科以上,,,财务财会类，审计类,财务财会类，审计类,,,,,,,笔试50%，面试50%,,,,,高淳区,南京市高淳区民政局,差额拨款,经济类（会计、审计）,编内,需接触遗体；需经常加班并值夜班；工作地点偏远。,取得相应学位。,025-57319584，http://www.njgc.gov.cn/
447,2026-tongyi,南京,南京市高淳区林业工作站,林业技术服务1,从事林业资源保护、林业技术推广、森林防火等工作。,专技岗,1,2026年毕业生,本科以上,,,林业类,林业类,,,,,,,笔试50%，面试50%,,,,,高淳区,南京市高淳区农业农村局,全额拨款,其他专技类,编内,条件艰苦。,取得相应学位。,"025-68512828，
http://www.njgc.gov.cn/"
448,2026-tongyi,南京,南京市高淳区林业工作站,林业技术服务2,从事林业资源保护、林业技术推广、森林防火等工作。,专技岗,1,不限,硕士研究生以上,,,,林业，森林工程，森林培育，森林经理学，森林保护学，野生动植物保护与利用,,,,,,,笔试50%，面试50%,,,,,高淳区,南京市高淳区农业农村局,全额拨款,其他专技类,编内,条件艰苦。,取得相应学位。,"025-68512828，
http://www.njgc.gov.cn/"
449,2026-tongyi,南京,南京市高淳区水产技术推广站,水产养殖技术推广1,指导水产技术推广等工作。,管理岗,1,2026年毕业生,本科以上,,,水产，水产养殖，渔业资源，渔业，水产养殖学,水产，水产养殖，渔业资源，渔业，水产养殖学,,,,,,,笔试50%，面试50%,,,,,高淳区,南京市高淳区农业农村局,全额拨款,管理类,编内,,取得相应学位。,"025-68512828，
http://www.njgc.gov.cn/"
450,2026-tongyi,南京,南京市高淳区水产技术推广站,水产养殖技术推广2,指导水产技术推广等工作。,专技岗,1,不限,本科以上,,,水产，水产养殖，渔业资源，渔业，水产养殖学,水产，水产养殖，渔业资源，渔业，水产养殖学,,,,,,,笔试50%，面试50%,,,,,高淳区,南京市高淳区农业农村局,全额拨款,其他专技类,编内,,取得相应学位。,"025-68512828，
http://www.njgc.gov.cn/"
451,2026-tongyi,南京,南京市高淳区残疾人就业管理所,党务及综合事务管理,从事党务、财务、残疾人就业等综合事务管理工作。,管理岗,1,社会人员,本科,,,劳动关系，劳动经济学，财务管理，大数据与财务管理，经济与行政管理,,,,具有2年及以上工作经历,,,中共党员,笔试50%，面试50%,,,,,高淳区,南京市高淳区残疾人联合会,全额拨款,管理类,编内,,取得相应学位；中共党员；具有2年及以上工作经历。,025-57338337，http://www.njgc.gov.cn/
452,2026-tongyi,南京,南京市高淳区审计中心,审计,从事审计相关工作。,专技岗,1,社会人员,本科以上,,,财务财会类,财务财会类,,,具有2年及以上财务工作经历,具有初级及以上会计专业技术资格证书,,,笔试50%，面试50%,,,,,高淳区,南京市高淳区审计局,全额拨款,经济类（会计、审计）,编内,,取得相应学位；具有初级及以上会计专业技术资格证书；具有2年及以上财务工作经历。,025-57303858，http://www.njgc.gov.cn/
453,2026-tongyi,南京,南京市高淳区融媒体中心,融媒体记者1,主要负责新闻采访、编辑、制作等工作。,管理岗,1,2026年毕业生,本科以上,,,汉语言文学，新闻学，广播电视新闻，广播电视新闻学，广播电视学，网络与新媒体,汉语言文学，新闻学，广播电视新闻，广播电视新闻学，广播电视学，网络与新媒体,,,,,,,笔试50%，面试50%,,,,,高淳区,南京市高淳区融媒体中心,全额拨款,管理类,编内,,取得相应学位。,025-68613910，http://www.njgc.gov.cn/
454,2026-tongyi,南京,南京市高淳区融媒体中心,融媒体记者2,主要负责各类创意项目产品的策划设计、生产制作等工作。,专技岗,1,社会人员,本科以上,,,摄影，数字媒体，艺术设计，艺术设计学，视觉传达设计，视觉传达，影视摄影与制作，广播电视，广播电视学,摄影，数字媒体，艺术设计，艺术设计学，视觉传达设计，视觉传达，影视摄影与制作，广播电视，广播电视学,,,具有1年及以上新媒体设计工作经历,,,,笔试50%，面试50%,,,,,高淳区,南京市高淳区融媒体中心,全额拨款,其他专技类,编内,,取得相应学位；具有1年及以上新媒体设计工作经历。,025-68613910，http://www.njgc.gov.cn/
455,2026-tongyi,南京,南京市高淳区建设工程质量安全监督站,质量安全监督1,承担全区房建和市政工程质量安全监督和造价管理工作。,专技岗,1,社会人员,本科以上,,,建筑工程类,建筑工程类,,,具有3年及以上工程造价工作经历,具有二级及以上造价工程师职业资格证书,,,笔试50%，面试50%,,,,,高淳区,南京市高淳区城乡建设局,全额拨款,其他专技类,编内,,取得相应学位；具有二级及以上造价工程师职业资格证书；具有3年及以上工程造价工作经历。,025-57339238，http://www.njgc.gov.cn/
456,2026-tongyi,南京,南京市高淳区建设工程质量安全监督站,质量安全监督2,承担全区房建和市政工程质量安全监督和消防审验相关工作。,专技岗,1,2026年毕业生,本科以上,,,消防工程，安全技术及工程，安全科学与工程，安全工程,消防工程，安全技术及工程，安全科学与工程，安全工程,,,,,,,笔试50%，面试50%,,,,,高淳区,南京市高淳区城乡建设局,全额拨款,其他专技类,编内,,取得相应学位。,025-57339238，http://www.njgc.gov.cn/
457,2026-tongyi,南京,南京市高淳区规划编制研究中心,城乡规划建设,从事城乡规划建设工作。,专技岗,1,2026年毕业生,硕士研究生以上,,,,环境科学与工程，城乡规划学，城市规划，城市与区域规划，风景园林，风景园林学，人文地理学，城市规划与设计（含：风景园林规划与设计）,,,,,,,笔试50%，面试50%,,,,,高淳区,南京市规划和自然资源局高淳分局,全额拨款,其他专技类,编内,,取得相应学位。,025-57307900，http://www.njgc.gov.cn/
458,2026-tongyi,南京,南京市高淳区规划编制研究中心,工程造价管理,从事工程造价管理、预决算工作。,专技岗,1,社会人员,本科以上,,,建筑工程类，经济类,建筑工程类，经济类,,,具有2年及以上工程造价工作经历,具有二级及以上造价工程师职业资格证书,,,笔试50%，面试50%,,,,,高淳区,南京市规划和自然资源局高淳分局,全额拨款,其他专技类,编内,,取得相应学位；具有二级及以上造价工程师职业资格证书；具有2年及以上工程造价工作经历。,025-57307900，http://www.njgc.gov.cn/
459,2026-tongyi,南京,南京市高淳区国土资源信息中心（南京市高淳区地籍管理所）,国土资源管理,从事国土资源管理工作。,专技岗,1,2026年毕业生,硕士研究生以上,,,,资源与环境经济学，区域经济学，产业经济学，农业经济管理，农村与区域发展，农业管理，土地资源管理，土壤学,,,,,,,笔试50%，面试50%,,,,,高淳区,南京市规划和自然资源局高淳分局,自收自支,其他专技类,编内,,取得相应学位。,025-57307900，http://www.njgc.gov.cn/
460,2026-tongyi,南京,南京市高淳区博物馆,社会教育,从事文物研究、策划实施与推广等社会教育工作。,专技岗,1,2026年毕业生,本科以上,,,文物与博物馆，文物与博物馆学，博物馆学，考古学,文物与博物馆，文物与博物馆学，博物馆学，考古学,,,,,,,笔试50%，面试50%,,,,,高淳区,南京市高淳区文化和旅游局,全额拨款,其他专技类,编内,,取得相应学位。,025-69761526，http://www.njgc.gov.cn/
461,2026-tongyi,南京,南京市高淳区文化馆,群众文化,从事舞蹈表演、编创等群众文化服务工作。,专技岗,1,社会人员,本科以上,,,舞蹈编导，舞蹈表演，舞蹈表演与编导，流行舞蹈,舞蹈编导，舞蹈表演，舞蹈表演与编导，流行舞蹈,,,具有2年及以上舞蹈相关工作经历,,,,笔试50%，面试50%,,,,,高淳区,南京市高淳区文化和旅游局,全额拨款,其他专技类,编内,,取得相应学位；具有2年及以上舞蹈相关工作经历。,025-69761526，http://www.njgc.gov.cn/
462,2026-tongyi,南京,南京市高淳区卫生信息与培训中心,安全生产,负责安全生产、消防安全等工作，承担夜间及节假日巡查检查等任务。,专技岗,1,不限,本科以上,,,安全技术及工程，安全科学与工程，安全工程，消防工程，安全生产监管,安全技术及工程，安全科学与工程，安全工程，消防工程，安全生产监管,,,,,,,笔试50%，面试50%,,,,,高淳区,南京市高淳区卫生健康委员会,全额拨款,其他专技类,编内,,取得相应学位。,025-57311012，http://www.njgc.gov.cn/
463,2026-tongyi,南京,南京市公共资源交易中心高淳分中心,工程管理,从事公共资源交易相关工作。,专技岗,1,2026年毕业生,本科以上,,,建筑工程类,建筑工程类,,,,,,,笔试50%，面试50%,,,,,高淳区,南京市高淳区数据局,全额拨款,其他专技类,编内,,取得相应学位。,025-57358958，http://www.njgc.gov.cn/
464,2026-tongyi,南京,南京市高淳区企业综合服务中心,企业服务,从事企业服务相关工作。,管理岗,1,不限,本科以上,,,经济类,经济类,,,,,,,笔试50%，面试50%,,,,,高淳区,南京市高淳区数据局,全额拨款,管理类,编内,,取得相应学位。,025-57358958，http://www.njgc.gov.cn/
465,2026-tongyi,南京,南京市高淳区交通运输综合行政执法大队,综合执法1,从事公路路政、道路运政、水路运政、地方海事行政等执法工作。,管理岗,3,2026年毕业生,本科以上,,,公安管理，公安管理学，综合行政执法，公安学，海事管理，水路运输与海事管理,公安管理，公安管理学，综合行政执法，公安学，海事管理，水路运输与海事管理,,,,,,,笔试50%，面试50%,,,,,高淳区,南京市高淳区交通运输局,全额拨款,管理类,编内,,取得相应学位。,025-57331913，http://www.njgc.gov.cn/
466,2026-tongyi,南京,南京市高淳区交通运输综合行政执法大队,综合执法2,从事技术审查工作。,专技岗,1,社会人员,硕士研究生以上,,,,道路与铁道工程，桥梁与隧道工程，交通运输工程，土木工程，建筑与土木工程,,,具有3年及以上公路（道路）工程或市政基础设施工作经历,,,,笔试50%，面试50%,,,,,高淳区,南京市高淳区交通运输局,全额拨款,其他专技类,编内,,取得相应学位；具有3年及以上公路（道路）工程或市政基础设施工作经历。,025-57331913，http://www.njgc.gov.cn/
467,2026-tongyi,南京,南京市高淳区综合行政执法第二大队,行政执法1,对兽药、饲料、添加剂等养殖投入品，以及畜产品质量安全等进行执法。,专技岗,1,2026年毕业生,本科以上,,,畜牧养殖类,畜牧养殖类,,,,,,,笔试50%，面试50%,,,,,高淳区,南京市高淳区综合行政执法局,全额拨款,其他专技类,编内,需长期在一线进行户外、夜间执法。,取得相应学位。,025-68121583，http://www.njgc.gov.cn/
468,2026-tongyi,南京,南京市高淳区综合行政执法第二大队,行政执法2,对动植物检疫、畜禽屠宰、渔业资源、水生野生动物保护等进行执法。,管理岗,1,2026年毕业生,本科以上,,,渔业，渔业资源，渔业资源与渔政管理，水产养殖学，渔业经济管理，动植物检疫,渔业，渔业资源，渔业资源与渔政管理，水产养殖学，渔业经济管理，动植物检疫,,,,,,,笔试50%，面试50%,,,,,高淳区,南京市高淳区综合行政执法局,全额拨款,管理类,编内,需长期在一线进行户外、夜间执法。,取得相应学位。,025-68121583，http://www.njgc.gov.cn/
469,2026-tongyi,南京,南京市高淳区综合行政执法第二大队,行政执法3,从事农业、林业、种子、动植物等相关执法工作。,管理岗,1,不限,本科以上,,,法律类,法律类,,,,,,,笔试50%，面试50%,,,,,高淳区,南京市高淳区综合行政执法局,全额拨款,管理类,编内,需长期在一线进行户外、夜间执法。,取得相应学位。,025-68121583，http://www.njgc.gov.cn/
470,2026-tongyi,南京,南京市高淳区综合行政执法第二大队,行政执法4,从事工程项目管理类相关执法工作。,管理岗,1,不限,本科以上,,,管理科学与工程，项目管理，工程审计，审计学，工程管理，建设工程管理,管理科学与工程，项目管理，工程审计，审计学，工程管理，建设工程管理,,,,,,,笔试50%，面试50%,,,,,高淳区,南京市高淳区综合行政执法局,全额拨款,管理类,编内,需长期在一线进行户外、夜间执法。,取得相应学位。,025-68121583，http://www.njgc.gov.cn/
471,2026-tongyi,南京,南京市高淳区淳东抽水站管理所,机电控制,主要负责机电设备控制工作。,专技岗,1,2026年毕业生,本科以上,,,机电控制类,机电控制类,,,,,,,笔试50%，面试50%,,,,,高淳区,南京市高淳区水务局,全额拨款,其他专技类,编内,野外作业，需值夜班。,取得相应学位。,025-56861790，http://www.njgc.gov.cn/
472,2026-tongyi,南京,南京市高淳区水务局固城水务站,工程管理,主要负责水利工程运行管理工作。,管理岗,1,不限,本科以上,,,水利工程类,水利工程类,,,,,,,笔试50%，面试50%,,,,,高淳区,南京市高淳区水务局,全额拨款,管理类,编内,野外作业，需值夜班。,取得相应学位。,025-56861790，http://www.njgc.gov.cn/
473,2026-tongyi,南京,江苏高淳经济开发区人力资源服务中心,环境保护,从事生态环境保护、环境污染治理相关工作。,管理岗,1,社会人员,本科以上,,,环境科学，环境工程，生态学，环境科学与工程，环境监察，资源环境科学，环境生态工程,环境科学，环境工程，生态学，环境科学与工程，环境监察，资源环境科学，环境生态工程,,,具有2年及以上环境保护工作经历,,,,笔试50%，面试50%,,,,,高淳区,江苏高淳经济开发区管理委员会,全额拨款,管理类,编内,需适应户外工作，工作强度大。,取得相应学位；具有2年及以上环境保护工作经历。,025-57358363，http://www.njgc.gov.cn/
474,2026-tongyi,南京,江苏高淳经济开发区人力资源服务中心,招商,从事招商引资工作。,管理岗,1,社会人员,本科以上,,,材料工程类，机电控制类，工商管理类，商务贸易类,材料工程类，机电控制类，工商管理类，商务贸易类,,,具有3年及以上招商工作经历,,,,笔试50%，面试50%,,,,,高淳区,江苏高淳经济开发区管理委员会,全额拨款,管理类,编内,需经常出差。,取得相应学位；具有3年及以上招商工作经历。,025-57358363，http://www.njgc.gov.cn/
475,2026-tongyi,南京,江苏高淳经济开发区科技创业服务中心,化学检验员,从事医疗器械化学项目检测。,专技岗,1,2026年毕业生,硕士研究生以上,,,,卫生毒理学，药物化学，药剂学，药物分析学,,,,,,,笔试50%，面试50%,,,,,高淳区,江苏高淳经济开发区管理委员会,全额拨款,其他专技类,编内,,取得相应学位。,025-57358363，http://www.njgc.gov.cn/
476,2026-tongyi,南京,江苏高淳经济开发区科技创业服务中心,微生物检验员,从事医疗器械微生物项目检测。,管理岗,1,2026年毕业生,硕士研究生以上,,,,微生物学，卫生检验学，微生物与生化药学，病原生物学,,,,,,,笔试50%，面试50%,,,,,高淳区,江苏高淳经济开发区管理委员会,全额拨款,管理类,编内,,取得相应学位。,025-57358363，http://www.njgc.gov.cn/
477,2026-tongyi,南京,南京高等职业教育创新创业园管理委员会综合发展服务中心,招商服务,从事园区项目招引、企业服务等工作。,专技岗,1,社会人员,本科以上,,,经济类,经济类,,,具有3年及以上工作经历,,,,笔试50%，面试50%,,,,,高淳区,南京高等职业教育创新创业园管理委员会,全额拨款,经济类（统计、其他经济）,编内,,取得相应学位；具有3年及以上工作经历。,025-56868983，http://www.njgc.gov.cn/
478,2026-tongyi,南京,南京市高淳区淳溪街道农业技术推广服务中心,农业服务,从事农业服务相关工作。,专技岗,1,2026年毕业生,本科以上,,,农业类,农业类,,,,,,,笔试50%，面试50%,,,,,高淳区,南京市高淳区人民政府淳溪街道办事处,全额拨款,其他专技类,编内,,取得相应学位。,025-57328955，http://www.njgc.gov.cn/
479,2026-tongyi,南京,南京市高淳区淳溪街道综合行政检查执法大队,安全生产和消防安全监管执法1,从事安全生产监督检查、消防安全和应急处突、夜间值守等工作。,管理岗,1,不限,本科以上,,,安全生产类,安全生产类,,,,,,,笔试50%，面试50%,,,,,高淳区,南京市高淳区人民政府淳溪街道办事处,全额拨款,管理类,编内,,取得相应学位。,025-57328955，http://www.njgc.gov.cn/
480,2026-tongyi,南京,南京市高淳区淳溪街道综合行政检查执法大队,安全生产和消防安全监管执法2,从事安全生产监督检查、消防安全和应急处突、夜间值守等工作。,管理岗,1,2026年毕业生,本科以上,,,化学工程类,化学工程类,,,,,,,笔试50%，面试50%,,,,,高淳区,南京市高淳区人民政府淳溪街道办事处,全额拨款,管理类,编内,,取得相应学位。,025-57328955，http://www.njgc.gov.cn/
481,2026-tongyi,南京,南京市高淳区漆桥街道综合行政检查执法大队,法律综合,从事法律综合岗位工作。,专技岗,1,2026年毕业生,本科以上,,,法律类,法律类,,,,,,,笔试50%，面试50%,,,,,高淳区,南京市高淳区人民政府漆桥街道办事处,全额拨款,法律类,编内,,取得相应学位。,025-57850156，http://www.njgc.gov.cn/
482,2026-tongyi,南京,南京市高淳区漆桥街道综合行政检查执法大队,安全生产和消防安全监管执法,从事安全生产监督检查、消防安全和应急处突、夜间值守等工作。,管理岗,1,不限,本科以上,,,不限,不限,,,,具有中级及以上注册安全工程师职业资格证书或二级及以上注册消防工程师职业资格证书,,,笔试50%，面试50%,,,,,高淳区,南京市高淳区人民政府漆桥街道办事处,全额拨款,管理类,编内,,取得相应学位；具有中级及以上注册安全工程师职业资格证书或二级及以上注册消防工程师职业资格证书。,025-57850702，http://www.njgc.gov.cn/
483,2026-tongyi,南京,南京市高淳区东坝街道投资促进和农村经济服务中心,企业服务,从事企业服务相关工作。,管理岗,1,2026年毕业生,本科以上,,,经济类,经济类,,,,,,,笔试50%，面试50%,,,,,高淳区,南京市高淳区人民政府东坝街道办事处,差额拨款,管理类,编内,,取得相应学位。,025-57831835，http://www.njgc.gov.cn/
484,2026-tongyi,南京,南京市高淳区东坝街道综合行政检查执法大队,安全生产和消防安全监管执法,从事安全生产监督检查、消防安全和应急处突、夜间值守等工作。,管理岗,1,不限,本科以上,,,不限,不限,,,,具有中级及以上注册安全工程师职业资格证书或二级及以上注册消防工程师职业资格证书,,,笔试50%，面试50%,,,,,高淳区,南京市高淳区人民政府东坝街道办事处,全额拨款,管理类,编内,,取得相应学位；具有中级及以上注册安全工程师职业资格证书或二级及以上注册消防工程师职业资格证书。,025-57831835，http://www.njgc.gov.cn/
485,2026-tongyi,南京,南京市高淳区固城街道社会事务服务中心,财务管理,从事财务管理相关工作。,管理岗,1,2026年毕业生,本科以上,,,审计类,审计类,,,,,,,笔试50%，面试50%,,,,,高淳区,南京市高淳区人民政府固城街道办事处,全额拨款,管理类,编内,,取得相应学位。,025-57372592，http://www.njgc.gov.cn/
486,2026-tongyi,南京,南京市高淳区固城街道综合行政检查执法大队,安全生产和消防安全监管执法,从事安全生产监督检查、消防安全和应急处突、夜间值守等工作。,管理岗,1,不限,本科以上,,,安全生产类,安全生产类,,,,,,,笔试50%，面试50%,,,,,高淳区,南京市高淳区人民政府固城街道办事处,全额拨款,管理类,编内,,取得相应学位。,025-57372592，http://www.njgc.gov.cn/
487,2026-tongyi,南京,南京市高淳区桠溪街道农业技术推广服务中心,农业服务,从事农业生产相关工作。,专技岗,1,2026年毕业生,本科以上,,,林业类,林业类,,,,,,,笔试50%，面试50%,,,,,高淳区,南京市高淳区人民政府桠溪街道办事处,全额拨款,其他专技类,编内,,取得相应学位。,025-57811767，http://www.njgc.gov.cn/
488,2026-tongyi,南京,南京市高淳区桠溪街道综合行政检查执法大队,安全生产和消防安全监管执法,从事安全生产监督检查、消防安全和应急处突、夜间值守等工作。,管理岗,1,2026年毕业生,本科以上,,,安全生产类,安全生产类,,,,,,,笔试50%，面试50%,,,,,高淳区,南京市高淳区人民政府桠溪街道办事处,全额拨款,管理类,编内,,取得相应学位。,025-57811767，http://www.njgc.gov.cn/
489,2026-tongyi,南京,南京市高淳区砖墙镇农业技术推广服务中心,农业服务,从事农业服务工作。,专技岗,1,2026年毕业生,本科以上,,,农业类，电子信息类,农业类，电子信息类,,,,,,,笔试50%，面试50%,,,,,高淳区,南京市高淳区砖墙镇人民政府,全额拨款,其他专技类,编内,,取得相应学位。,025-57809855，http://www.njgc.gov.cn/
490,2026-tongyi,南京,南京市高淳区砖墙镇综合行政检查执法大队,安全生产和消防安全监管执法,从事安全生产监督检查、消防安全和应急处突、夜间值守等工作。,管理岗,1,不限,本科以上,,,安全生产类,安全生产类,,,,,,,笔试50%，面试50%,,,,,高淳区,南京市高淳区砖墙镇人民政府,全额拨款,管理类,编内,,取得相应学位,025-57809855，http://www.njgc.gov.cn/
491,2026-tongyi,南京,南京市高淳区古柏街道农业技术推广服务中心,农业服务,主要从事农业机械维修等工作。,管理岗,1,2026年毕业生,本科以上,,,机械工程类，机电控制类,机械工程类，机电控制类,,,,,,,笔试50%，面试50%,,,,,高淳区,南京市高淳区人民政府古柏街道办事处,全额拨款,管理类,编内,,取得相应学位。,025-56839007，http://www.njgc.gov.cn/
492,2026-tongyi,南京,南京市高淳区古柏街道综合行政检查执法大队,安全生产和消防安全监管执法,从事安全生产监督检查、消防安全和应急处突、夜间值守等工作。,管理岗,1,不限,本科以上,,,安全生产类，法律类,安全生产类，法律类,,,,,,,笔试50%，面试50%,,,,,高淳区,南京市高淳区人民政府古柏街道办事处,全额拨款,管理类,编内,,取得相应学位。,025-56839007，http://www.njgc.gov.cn/
493,2026-tongyi,南京,南京市高淳区阳江镇综合行政检查执法大队,安全生产和消防安全监管执法,从事安全生产监督检查、消防安全和应急处突、夜间值守等工作。,管理岗,1,不限,本科以上,,,不限,不限,,,,具有中级及以上注册安全工程师职业资格证书或二级及以上注册消防工程师职业资格证书,,,笔试50%，面试50%,,,,,高淳区,南京市高淳区阳江镇人民政府,全额拨款,管理类,编内,,取得相应学位；具有中级及以上注册安全工程师职业资格证书或二级及以上注册消防工程师职业资格证书。,025-56861115，http://www.njgc.gov.cn/
494,2026-tongyi,南京,南京市江北新区公共工程建设中心,工程项目管理1,从事工程项目的建设推进和现场管理工作。,专技岗,1,2026年毕业生,硕士研究生以上,,,,道路与铁道工程，建筑学，土木工程，工程管理，岩土工程，结构工程，市政工程，安全工程,,,,,,,笔试40%，面试60%（其中，结构化面试占40%，专业测试占60%）,,,,,江北新区,南京江北新区管理委员会,自收自支,其他专技类,编内,需常年驻工程项目现场。,取得相应学位。,025-58195939，https://njna.nanjing.gov.cn/
495,2026-tongyi,南京,南京市江北新区公共工程建设中心,工程项目管理2,从事工程项目的建设推进和现场管理工作。,专技岗,1,社会人员,本科,,,交通工程，工程造价，土木工程，岩土工程，工程管理，给排水科学与工程，给排水工程，建筑环境与设备工程，建筑电气与智能化,,,,,,,,笔试40%，面试60%（其中，结构化面试占40%，专业测试占60%）,,,具有5年及以上建筑、桥梁、道路、隧道工程的设计管理、施工管理或建设单位工程项目管理工作经历,,江北新区,南京江北新区管理委员会,自收自支,其他专技类,编内,需常年驻工程项目现场。,取得相应学位；具有5年及以上建筑、桥梁、道路、隧道工程的设计管理、施工管理或建设单位工程项目管理工作经历。,025-58195939，https://njna.nanjing.gov.cn/
496,2026-tongyi,南京,南京市浦口区网络监测和应急指挥中心,网络信息研究,互联网信息研究分析，文稿撰写。,专技岗,1,2026年毕业生,硕士研究生以上,,,,社会政治类,,,,,,,笔试50%，面试50%,,,,,江北新区,南京江北新区管理委员会宣传和统战部,全额拨款,其他专技类,编内,,取得相应学位。,025-88029327，https://njna.nanjing.gov.cn/
497,2026-tongyi,南京,南京市浦口区网络监测和应急指挥中心,网络信息数据分析,互联网信息数据分析，信息平台维护，文稿撰写。,专技岗,1,社会人员,硕士研究生以上,,,,计算机（网络管理）类,,,具有2年及以上工作经历,,,,笔试50%，面试50%,,,,,江北新区,南京江北新区管理委员会宣传和统战部,全额拨款,计算机类,编内,,取得相应学位；具有2年及以上工作经历。,025-88029327，https://njna.nanjing.gov.cn/
498,2026-tongyi,南京,南京市浦口区青少年业余体育学校,教练员,从事体育教学相关工作。,专技岗,1,社会人员,本科以上,,,体育教育，运动训练，运动科学，体能训练,体育教育，运动训练，运动科学，体能训练,,,具有体育项目教练2年及以上工作经历,,具有初级及以上体育教练员专业技术职称,,"笔试50%，面试50%（其中，结构化面试占40%，专业测试
占60%）",,,,,江北新区,南京江北新区管理委员会宣传和统战部,全额拨款,其他专技类,编内,,取得相应学位；具有初级及以上体育教练员专业技术职称；具有体育项目教练2年及以上工作经历。,025-88029327，https://njna.nanjing.gov.cn/
499,2026-tongyi,南京,南京江北新区社会治安综合治理中心,综合管理,从事法律法务相关工作。,管理岗,1,社会人员,本科以上,,,法律类,法律类,,,具有2年及以上本专业工作经历,取得国家法律职业资格证书（A类）,,,笔试50%，面试50%,,,,,江北新区,南京江北新区管理委员会政法工作部（综合治理局）,全额拨款,管理类,编内,,取得相应学位；取得国家法律职业资格证书（A类）；具有2年及以上本专业工作经历。,025-58113281，https://njna.nanjing.gov.cn/
500,2026-tongyi,南京,南京江北新区社会治安综合治理中心,信息管理,从事社会治安综合治理平台管理相关工作。,管理岗,1,2026年毕业生,本科以上,,,计算机类,计算机类,,,,,,,笔试50%，面试50%,,,,,江北新区,南京江北新区管理委员会政法工作部（综合治理局）,全额拨款,管理类,编内,,取得相应学位。,025-58113281，https://njna.nanjing.gov.cn/
501,2026-tongyi,南京,南京市浦口区社会治安综合治理中心,综合管理,主要从事法律法务相关工作。,管理岗,1,社会人员,本科以上,,,法律类,法律类,,,具有2年及以上本专业工作经历,取得国家法律职业资格证书（A类）,,,笔试50%，面试50%,,,,,江北新区,南京江北新区管理委员会政法工作部（综合治理局）,全额拨款,管理类,编内,,取得相应学位；取得国家法律职业资格证书（A类）；具有2年及以上本专业工作经历。,025-58113281，https://njna.nanjing.gov.cn/
502,2026-tongyi,南京,南京市浦口区社会治安综合治理中心,信息技术,从事计算机、网络安全管理相关工作。,专技岗,1,2026年毕业生,本科以上,,,计算机类,计算机类,,,,,,,笔试50%，面试50%,,,,,江北新区,南京江北新区管理委员会政法工作部（综合治理局）,全额拨款,计算机类,编内,,取得相应学位。,025-58113281，https://njna.nanjing.gov.cn/
503,2026-tongyi,南京,南京江北新区统计中心,经济运行,从事经济运行分析工作。,专技岗,1,2026年毕业生,硕士研究生以上,,,,经济类，统计类,,,,,,,笔试50%，面试50%,,,,,江北新区,南京江北新区管理委员会经济发展局（统计局）,全额拨款,经济类（统计、其他经济）,编内,,取得相应学位。,025-58283315，https://njna.nanjing.gov.cn/
504,2026-tongyi,南京,南京江北新区规划国土发展中心,土地管理,从事土地管理相关工作。,专技岗,1,2026年毕业生,硕士研究生以上,,,,土地资源管理，地图学与地理信息系统，地图制图学与地理信息工程，人文地理学,,,,,,,笔试50%，面试50%,,,,,江北新区,南京江北新区管理委员会规划和自然资源局,全额拨款,其他专技类,编内,需经常加班值班。,取得相应学位。,025-58530539，https://njna.nanjing.gov.cn/
505,2026-tongyi,南京,南京市浦口区城乡规划编制研究中心,城市规划管理,从事城市规划管理工作。,管理岗,1,2026年毕业生,硕士研究生以上,,,,城乡规划学，城市规划，城市规划与设计（含：风景园林规划与设计），城市与区域规划,,,,,,,笔试50%，面试50%,,,,,江北新区,南京江北新区管理委员会规划和自然资源局,全额拨款,管理类,编内,需经常加班值班。,取得相应学位。,025-58183097，https://njna.nanjing.gov.cn/
506,2026-tongyi,南京,南京市浦口区国土管理事务所,土地管理,从事土地管理工作。,管理岗,1,2026年毕业生,硕士研究生以上,,,,土地管理类,,,,,,,笔试50%，面试50%,,,,,江北新区,南京江北新区管理委员会规划和自然资源局,自收自支,管理类,编内,需经常加班值班。,取得相应学位。,025-58183097，https://njna.nanjing.gov.cn/
507,2026-tongyi,南京,江苏省土地市场南京市浦口区土地交易所,土地管理,从事土地管理工作。,专技岗,1,2026年毕业生,硕士研究生以上,,,,土地管理类,,,,,,,笔试50%，面试50%,,,,,江北新区,南京江北新区管理委员会规划和自然资源局,自收自支,其他专技类,编内,需经常加班值班。,取得相应学位。,025-58183097，https://njna.nanjing.gov.cn/
508,2026-tongyi,南京,南京市浦口区房地产市场交易管理中心,测绘管理,从事房屋实地测量、测绘管理、测绘报告审核、楼盘维护等相关户外作业工作。,专技岗,1,社会人员,本科以上,,,测绘工程，测绘工程技术，大地测量，地理信息系统,测绘工程，测绘工程技术，大地测量，地理信息系统,,,,,具有本专业中级及以上职称,,笔试50%，面试50%,,,,,江北新区,南京江北新区管理委员会建设与交通局,自收自支,其他专技类,编内,,取得相应学位；具有本专业中级及以上职称。,025-58209660，https://njna.nanjing.gov.cn/
509,2026-tongyi,南京,南京市浦口区交通运输综合行政执法大队,交通运输综合行政执法,从事交通运输综合行政执法工作。,专技岗,1,2026年毕业生,本科以上,,,安全科学与工程，安全工程，安全防范工程，安全工程技术,安全科学与工程，安全工程，安全防范工程，安全工程技术,,,,,,,笔试50%，面试50%,,,,,江北新区,南京江北新区管理委员会建设与交通局,全额拨款,其他专技类,编内,工作地点为偏远乡镇或水上，一线执法工作内容包含夜间执法工作。,取得相应学位。,025-58209660，https://njna.nanjing.gov.cn/
510,2026-tongyi,南京,南京市浦口区河道管理所,水利工程,主要从事辖区内市政涉水管网、城市泵站和河道的综合管理工作。,专技岗,1,2026年毕业生,本科以上,,,水利工程，水利水电工程，水务工程，给水排水，给水排水工程，水环境工程,水利工程，水利水电工程，水务工程，给水排水，给水排水工程，水环境工程,,,,,,,笔试50%，面试50%,,,,,江北新区,南京江北新区管理委员会生态环境和水务局,差额拨款,其他专技类,编内,需参加防汛抢险、水务工程、水环境治理等户外工作，需经常加班值班。,取得相应学位。,025-58888441，https://njna.nanjing.gov.cn/
511,2026-tongyi,南京,南京市浦口区综合行政执法第二大队,综合行政执法1,从事综合行政执法相关工作。,管理岗,1,2026年毕业生,本科以上,,,法律类,法律类,,,,,,,笔试50%，面试50%,,,,,江北新区,南京江北新区管理委员会综合行政执法局（城市管理局）,全额拨款,管理类,编内,需要参加夜间和现场执法。,取得相应学位。,025-58885812，https://njna.nanjing.gov.cn/
512,2026-tongyi,南京,南京市浦口区综合行政执法第二大队,综合行政执法2,从事综合行政执法相关工作。,管理岗,1,社会人员,本科以上,,,法律类,法律类,,,具有2年及以上本专业相关工作经历,,,,笔试50%，面试50%,,,,,江北新区,南京江北新区管理委员会综合行政执法局（城市管理局）,全额拨款,管理类,编内,需要参加夜间和现场执法。,取得相应学位；具有2年及以上本专业相关工作经历。,025-58885812，https://njna.nanjing.gov.cn/
513,2026-tongyi,南京,南京市浦口区企业综合服务中心,政务服务智能化管理,主要从事政务服务大厅窗口和工作人员的日常管理、技术服务等工作。,专技岗,1,2026年毕业生,本科以上,,,人工智能，大数据技术与工程，大数据管理与应用，人工智能工程技术,人工智能，大数据技术与工程，大数据管理与应用，人工智能工程技术,,,,,,,笔试50%，面试50%,,,,,江北新区,南京江北新区管理委员会数据局 (政务服务管理办公室),全额拨款,计算机类,编内,,取得相应学位。,025-88027870，https://njna.nanjing.gov.cn/
514,2026-tongyi,南京,南京市公共资源交易中心浦口分中心,公共资源交易和政府采购管理,主要从事公共资源交易活动信息提供、咨询、见证、政府集中采购代理等工作。,专技岗,1,2026年毕业生,本科以上,,,数字经济，应用经济学，工程管理，网络经济学，应用统计学,数字经济，应用经济学，工程管理，网络经济学，应用统计学,,,,,,,笔试50%，面试50%,,,,,江北新区,南京江北新区管理委员会数据局 (政务服务管理办公室),全额拨款,经济类（统计、其他经济）,编内,,取得相应学位。,025-88027870，https://njna.nanjing.gov.cn/
515,2026-tongyi,南京,南京市浦口区林业站,林业技术员,从事林业有害生物防控工作。,专技岗,1,2026年毕业生,本科以上,,,森林保护学，森林工程，森林保护，木材科学与工程,森林保护学，森林工程，森林保护，木材科学与工程,,,,,,,笔试50%，面试50%,,,,,江北新区,南京国家现代农业产业科技创新中心管理办公室,差额拨款,其他专技类,编内,需长期室外作业、加班。,取得相应学位。,025-58261560，https://njna.nanjing.gov.cn/
516,2026-tongyi,南京,南京江北新区顶山街道综合执法大队,大数据管理,从事信息技术相关工作。,专技岗,1,2026年毕业生,硕士研究生以上,,,,计算机类,,,,,,,笔试50%，面试50%,,,,,江北新区,南京江北新区顶山街道办事处,全额拨款,计算机类,编内,,取得相应学位。,025-58852444，https://njna.nanjing.gov.cn/
517,2026-tongyi,南京,南京江北新区顶山街道综合执法大队,安全生产和消防安全监管执法,专职从事安全生产、消防安全和防灾减灾等工作。,管理岗,1,不限,本科以上,,,安全生产类，化学工程类,安全生产类，化学工程类,,,,,,,笔试50%，面试50%,,,,,江北新区,南京江北新区顶山街道办事处,全额拨款,管理类,编内,需夜间值班及节假日值班备勤。,取得相应学位。,025-58852444，https://njna.nanjing.gov.cn/
518,2026-tongyi,南京,南京江北新区泰山街道便民服务中心,经济发展,从事经济发展服务相关工作。,管理岗,1,2026年毕业生,本科以上,,,经济类，财务财会类，统计类,经济类，财务财会类，统计类,,,,,,,笔试50%，面试50%,,,,,江北新区,南京江北新区泰山街道办事处,全额拨款,管理类,编内,,取得相应学位。,025-58608008，https://njna.nanjing.gov.cn/
519,2026-tongyi,南京,南京江北新区泰山街道党群服务中心,党务及社会工作,从事新兴领域党建、志愿者队伍管理相关工作。,专技岗,1,2026年毕业生,本科以上,,,社会工作，社会工作与管理，社会保障，劳动与社会保障，劳动和社会保障,社会工作，社会工作与管理，社会保障，劳动与社会保障，劳动和社会保障,,,,,,中共党员,笔试50%，面试50%,,,,,江北新区,南京江北新区泰山街道办事处,全额拨款,其他专技类,编内,,取得相应学位；中共党员。,025-58608008，https://njna.nanjing.gov.cn/
520,2026-tongyi,南京,南京江北新区泰山街道综合执法大队,安全生产和消防安全监管执法1,专职从事安全生产、消防安全和防灾减灾等工作。,管理岗,1,社会人员,本科以上,,,不限,不限,,,具有2年及以上安全生产或消防安全相关工作经历,具有初级及以上注册安全工程师或者二级及以上注册消防工程师职业资格证书,,,笔试50%，面试50%,,,,,江北新区,南京江北新区泰山街道办事处,全额拨款,管理类,编内,需夜间值班及节假日值班备勤。,具有初级及以上注册安全工程师或者二级及以上注册消防工程师职业资格证书；具有2年及以上安全生产或消防安全相关工作经历。,025-58608008，https://njna.nanjing.gov.cn/
521,2026-tongyi,南京,南京江北新区泰山街道综合执法大队,安全生产和消防安全监管执法2,专职从事安全生产、消防安全和防灾减灾等工作。,管理岗,1,不限,本科以上,,,安全生产类，机电控制类,安全生产类，机电控制类,,,,具有初级及以上注册安全工程师或者二级及以上注册消防工程师职业资格证书,,,笔试50%，面试50%,,,,,江北新区,南京江北新区泰山街道办事处,全额拨款,管理类,编内,需夜间值班及节假日值班备勤。,取得相应学位；具有初级及以上注册安全工程师或者二级及以上注册消防工程师职业资格证书。,025-58608008，https://njna.nanjing.gov.cn/
522,2026-tongyi,南京,南京江北新区沿江街道社会治理综合指挥中心,招商服务,从事招商引资服务相关工作。,专技岗,1,2026年毕业生,硕士研究生以上,,,,经济类,,,,,,,笔试50%，面试50%,,,,,江北新区,南京江北新区沿江街道办事处,全额拨款,经济类（统计、其他经济）,编内,,取得相应学位。,025-58557056，https://njna.nanjing.gov.cn/
523,2026-tongyi,南京,南京江北新区沿江街道综合执法大队,安全生产和消防安全监管执法1,专职从事安全生产、消防安全和防灾减灾等工作。,管理岗,1,不限,本科以上,,,安全生产类,安全生产类,,,具有2年及以上安全生产或消防安全相关工作经历,,,,笔试50%，面试50%,,,,,江北新区,南京江北新区沿江街道办事处,全额拨款,管理类,编内,需夜间值班及节假日值班备勤。,取得相应学位；具有2年及以上安全生产或消防安全相关工作经历。,025-58557056，https://njna.nanjing.gov.cn/
524,2026-tongyi,南京,南京江北新区沿江街道综合执法大队,安全生产和消防安全监管执法2,专职从事安全生产、消防安全和防灾减灾等工作。,管理岗,1,社会人员,本科以上,,,不限,不限,,,具有2年及以上安全生产或消防安全相关工作经历,具有初级及以上注册安全工程师或者二级及以上注册消防工程师职业资格证书,,,笔试50%，面试50%,,,,,江北新区,南京江北新区沿江街道办事处,全额拨款,管理类,编内,需夜间值班及节假日值班备勤。,具有初级及以上注册安全工程师或者二级及以上注册消防工程师职业资格证书；具有2年及以上安全生产或消防安全相关工作经历。,025-58557056，https://njna.nanjing.gov.cn/
525,2026-tongyi,南京,南京江北新区盘城街道社会治理综合指挥中心,财务管理,从事财务会计等相关工作。,专技岗,1,不限,本科以上,,,财务财会类,财务财会类,,,,,,,笔试50%，面试50%,,,,,江北新区,南京江北新区盘城街道办事处,全额拨款,经济类（会计、审计）,编内,,取得相应学位。,025-58734489，https://njna.nanjing.gov.cn/
526,2026-tongyi,南京,南京江北新区盘城街道综合执法大队,经济发展,主要从事经济发展相关工作。,管理岗,1,2026年毕业生,硕士研究生以上,,,,经济类,,,,,,,笔试50%，面试50%,,,,,江北新区,南京江北新区盘城街道办事处,全额拨款,管理类,编内,,取得相应学位。,025-58734489，https://njna.nanjing.gov.cn/
527,2026-tongyi,南京,南京江北新区盘城街道综合执法大队,安全生产和消防安全监管执法,专职从事安全生产、消防安全和防灾减灾等工作。,管理岗,1,2026年毕业生,本科以上,,,安全生产类,安全生产类,,,,,,,笔试50%，面试50%,,,,,江北新区,南京江北新区盘城街道办事处,全额拨款,管理类,编内,需夜间值班及节假日值班备勤。,取得相应学位。,025-58734489，https://njna.nanjing.gov.cn/
528,2026-tongyi,南京,南京江北新区长芦街道便民服务中心,综合管理,从事综合管理等相关工作。,管理岗,1,2026年毕业生,本科以上,,,工商管理类，商务贸易类,工商管理类，商务贸易类,,,,,,,笔试50%，面试50%,,,,,江北新区,南京江北新区长芦街道办事处,全额拨款,管理类,编内,,取得相应学位。,025-57621986，https://njna.nanjing.gov.cn/
529,2026-tongyi,南京,南京江北新区长芦街道综合执法大队,城建规划,从事城建规划等相关工作。,管理岗,1,不限,本科以上,,,城建规划类，建筑工程类,城建规划类，建筑工程类,,,,,,,笔试50%，面试50%,,,,,江北新区,南京江北新区长芦街道办事处,全额拨款,管理类,编内,,取得相应学位。,025-57621986，https://njna.nanjing.gov.cn/
530,2026-tongyi,南京,南京江北新区长芦街道综合执法大队,安全生产和消防安全监管执法,专职从事安全生产、消防安全和防灾减灾等工作。,管理岗,1,社会人员,本科以上,,,安全生产类，机电控制类,安全生产类，机电控制类,,,具有2年及以上安全生产或消防安全相关工作经历,,,,笔试50%，面试50%,,,,,江北新区,南京江北新区长芦街道办事处,全额拨款,管理类,编内,需夜间值班及节假日值班备勤。,取得相应学位；具有2年及以上安全生产或消防安全相关工作经历。,025-57621986，https://njna.nanjing.gov.cn/
531,2026-tongyi,南京,南京江北新区葛塘街道便民服务中心,城建规划,从事规划建设等工作。,管理岗,1,2026年毕业生,硕士研究生以上,,,,城建规划类，建筑工程类,,,,,,,笔试50%，面试50%,,,,,江北新区,南京江北新区葛塘街道办事处,全额拨款,管理类,编内,,取得相应学位。,025-58397804，https://njna.nanjing.gov.cn/
532,2026-tongyi,南京,南京江北新区葛塘街道综合执法大队,安全生产和消防安全监管执法1,专职从事安全生产、消防安全和防灾减灾等工作。,管理岗,1,不限,本科以上,,,安全生产类,安全生产类,,,,具有初级及以上注册安全工程师职业资格证书,,,笔试50%，面试50%,,,,,江北新区,南京江北新区葛塘街道办事处,全额拨款,管理类,编内,需夜间值班及节假日值班备勤。,取得相应学位；具有初级及以上注册安全工程师职业资格证书。,025-58397804，https://njna.nanjing.gov.cn/
533,2026-tongyi,南京,南京江北新区葛塘街道综合执法大队,安全生产和消防安全监管执法2,专职从事安全生产、消防安全和防灾减灾等工作。,管理岗,1,不限,本科以上,,,安全生产类,安全生产类,,,,具有二级及以上注册消防工程师职业资格证书,,,笔试50%，面试50%,,,,,江北新区,南京江北新区葛塘街道办事处,全额拨款,管理类,编内,需夜间值班及节假日值班备勤。,取得相应学位；具有二级及以上注册消防工程师职业资格证书。,025-58397804，https://njna.nanjing.gov.cn/
534,2026-tongyi,南京,南京江北新区大厂街道综合执法大队,安全生产和消防安全监管执法1,专职从事安全生产、消防安全和防灾减灾等工作。,管理岗,1,2026年毕业生,本科以上,,,安全生产类,安全生产类,,,,,,,笔试50%，面试50%,,,,,江北新区,南京江北新区大厂街道办事处,全额拨款,管理类,编内,需夜间值班及节假日值班备勤。,取得相应学位。,025-58399006，https://njna.nanjing.gov.cn/
535,2026-tongyi,南京,南京江北新区大厂街道综合执法大队,安全生产和消防安全监管执法2,专职从事安全生产、消防安全和防灾减灾等工作。,管理岗,1,不限,本科以上,,,安全生产类,安全生产类,,,,,,,笔试50%，面试50%,,,,,江北新区,南京江北新区大厂街道办事处,全额拨款,管理类,编内,需夜间值班及节假日值班备勤。,取得相应学位。,025-58399006，https://njna.nanjing.gov.cn/
536,2026-tongyi,南京,南京江北新区江浦街道综合服务中心,经济发展,从事涵盖产业与国际贸易研究、商务谈判、企业及项目引进和落地服务、全方位招商引资与外勤调研等工作。,专技岗,1,2026年毕业生,本科以上,,,产业经济学，国际贸易学，国际贸易，企业管理，国际经济与贸易，商务经济学，电子商务,产业经济学，国际贸易学，国际贸易，企业管理，国际经济与贸易，商务经济学，电子商务,,,,,,,笔试50%，面试50%,,,,,江北新区,南京江北新区江浦街道办事处,全额拨款,经济类（统计、其他经济）,编内,,取得相应学位。,025-58111078，https://njna.nanjing.gov.cn/
537,2026-tongyi,南京,南京江北新区江浦街道综合行政检查执法大队,安全生产和消防安全监管执法,专职从事安全生产、消防安全和防灾减灾等工作。,管理岗,2,不限,本科以上,,,安全生产类,安全生产类,,,,具有初级及以上注册安全工程师或者二级及以上注册消防工程师职业资格证书,,,笔试50%，面试50%,,,,,江北新区,南京江北新区江浦街道办事处,全额拨款,管理类,编内,需夜间值班及节假日值班备勤。,取得相应学位；具有初级及以上注册安全工程师或者二级及以上注册消防工程师职业资格证书。,025-58111078，https://njna.nanjing.gov.cn/
538,2026-tongyi,南京,南京江北新区桥林街道综合行政检查执法大队,安全生产和消防安全监管执法,专职从事安全生产、消防安全和防灾减灾等工作。,管理岗,1,不限,本科以上,,,安全生产类,安全生产类,,,,具有初级及以上注册安全工程师或者二级及以上注册消防工程师职业资格证书,,,笔试50%，面试50%,,,,,江北新区,南京江北新区桥林街道办事处,全额拨款,管理类,编内,需夜间值班及节假日值班备勤。,取得相应学位；具有初级及以上注册安全工程师或者二级及以上注册消防工程师职业资格证书。,025-58273360，https://njna.nanjing.gov.cn/
539,2026-tongyi,南京,南京江北新区汤泉街道综合行政检查执法大队,安全生产和消防安全监管执法,专职从事安全生产、消防安全和防灾减灾等工作。,管理岗,1,不限,本科以上,,,安全生产类,安全生产类,,,,具有初级及以上注册安全工程师或者二级及以上注册消防工程师职业资格证书,,,笔试50%，面试50%,,,,,江北新区,南京江北新区汤泉街道办事处,全额拨款,管理类,编内,需夜间值班及节假日值班备勤。,取得相应学位；具有初级及以上注册安全工程师或者二级及以上注册消防工程师职业资格证书。,025-58246698，https://njna.nanjing.gov.cn/
540,2026-tongyi,南京,南京江北新区星甸街道综合行政检查执法大队,安全生产和消防安全监管执法,专职从事安全生产、消防安全和防灾减灾等工作。,管理岗,1,不限,本科以上,,,安全生产类,安全生产类,,,,具有初级及以上注册安全工程师或者二级及以上注册消防工程师职业资格证书,,,笔试50%，面试50%,,,,,江北新区,南京江北新区星甸街道办事处,全额拨款,管理类,编内,需夜间值班及节假日值班备勤。,取得相应学位；具有初级及以上注册安全工程师或者二级及以上注册消防工程师职业资格证书。,025-68108121，https://njna.nanjing.gov.cn/
541,2026-tongyi,南京,南京江北新区永宁街道综合行政检查执法大队,安全生产和消防安全监管执法,专职从事安全生产、消防安全和防灾减灾等工作。,管理岗,1,不限,本科以上,,,安全生产类,安全生产类,,,,具有初级及以上注册安全工程师或者二级及以上注册消防工程师职业资格证书,,,笔试50%，面试50%,,,,,江北新区,南京江北新区永宁街道办事处,全额拨款,管理类,编内,需夜间值班及节假日值班备勤。,取得相应学位；具有初级及以上注册安全工程师或者二级及以上注册消防工程师职业资格证书。,025-58227681，https://njna.nanjing.gov.cn/
