岗位代码,批次,城市,招聘单位,工作部门,岗位职责,岗位等级,招聘人数,考生类别,学历要求,学位要求,专业要求(大专),专业要求(本科),专业要求(研究生),年龄,放宽年龄(硕士),工作经历,资格证书,职称要求,政治面貌,考试方式,专项招聘对象,户籍要求,其他条件,链接,所属市区,主管单位,其它条件原文,年龄放宽(其他)
SZ2025148E0002,2026-jizhong,深圳,深圳市纪委监委工作基地,安全管理岗,从事场所安全管理相关工作。,管理类 十级,1,不限,本科以上,学士及以上,,法学类（B0301）；公安学类（B0306）；安全科学与工程类（B0830）,法学（A0301）；公安学（A0306）；安全科学与工程（A0837）,40岁以下,,具有2年以上相关工作经历,,,中共党员（含预备党员）,笔试+面试（一般类）,,,需参与24小时值班及备勤,,市属,中共深圳市纪律检查委员会,40岁以下；中共党员（含预备党员）；具有2年以上相关工作经历。,
SZ2025148E0003,2026-jizhong,深圳,深圳市纪委监委工作基地,财务岗,从事财务、资产、采购相关工作。,专业技术类 十一级,1,不限,本科以上,学士及以上,,财政学（B020201）；会计学（B120203）；财务管理（B120204）；审计学（B120207）,财政学（含∶税收学）（A020203）；审计硕士（专业硕士）（A020218）；会计学（A120201）；企业管理（含：财务管理、市场营销、人力资源管理）（A120202）；会计硕士（专业硕士）（A120206）,40岁以下,,具有2年以上相关工作经历,,会计师,中共党员（含预备党员）,笔试+面试（一般类）,,,以企业管理（A120202）专业报考的，须为财务管理方向；需参与24小时值班及备勤。,,市属,中共深圳市纪律检查委员会,40岁以下；中共党员（含预备党员）；以企业管理（A120202）专业报考的，须为财务管理方向；具有2年以上相关工作经历。,
SZ2025148A0001,2026-jizhong,深圳,深圳市社会治理服务中心,信息技术岗,从事系统建设维护、数据管理、信息化应用工作。,管理类 九级,1,应届毕业生,本科以上,学士及以上,,计算机科学与技术（B080901）；软件工程（B080902）；数据科学与大数据技术（B080910）,计算机科学与技术（A0812）；软件工程（A0835）；计算机技术硕士（专业硕士）（A084004）；软件工程硕士（专业硕士）（A084005）；大数据技术与工程（专业硕士）（A084011）,40岁以下,,,,,中共党员（含预备党员）,笔试+面试（一般类）,,,,,市属,中共深圳市委政法委员会,40岁以下；中共党员（含预备党员）,
SZ2025148A0002,2026-jizhong,深圳,深圳市社会治理服务中心,财务审计管理岗,从事财务管理、会计核算、财政审计、预算编制等工作。,管理类 九级,1,应届毕业生,本科以上,学士及以上,,会计学（B120203）；审计学（B120207）；财务会计教育（B120213）,审计硕士（专业硕士）（A020218）；会计学（A120201）；会计硕士（专业硕士）（A120206）,40岁以下,,,,,中共党员（含预备党员）,笔试+面试（一般类）,,,,,市属,中共深圳市委政法委员会,40岁以下；中共党员（含预备党员）,
SZ2025148E0001,2026-jizhong,深圳,深圳网络文化研究中心,新媒体管理岗,从事新媒体产品创作及运维管理工作。,专业技术类 十二级,1,不限,本科以上,学士及以上,,新闻传播学类（B0503）；公共管理类（B1204）；戏剧与影视学类（B1303）；设计学类（B1305）,新闻传播学（A0503）；公共管理（A1204）；戏剧与影视学（A1303）；设计学（A1305）,40岁以下,,具有2年以上相关工作经历,,,中共党员（含预备党员）,笔试+面试（一般类）,,,,,市属,中共深圳市委网络安全和信息化委员会办公室,40岁以下；具有2年以上相关工作经历。中共党员（含预备党员）。,
SZ2025148A0003,2026-jizhong,深圳,深圳社会主义学院,综合管理岗,从事综合文稿、培训、教务管理及相关工作。,管理类 九级,1,应届毕业生,硕士研究生以上,硕士及以上,,,法学（A0301）；政治学（A0302）；马克思主义理论（A0305）；教育学（A0401）；中国语言文学（A0501）；新闻传播学（A0503）；历史学（A06）,40岁以下,,,,,,笔试+面试（一般类）,,,,,市属,深圳社会主义学院,40岁以下,
SZ2025148E0004,2026-jizhong,深圳,深圳社会主义学院,教学科研岗,从事教学科研、资政研究及相关工作。,专业技术类 十一级,1,不限,博士研究生,博士,,,经济学（A02）,40岁以下,,,,,,笔试+面试（一般类）,,,,,市属,深圳社会主义学院,40岁以下,
SZ2025148E0005,2026-jizhong,深圳,深圳社会主义学院,教学科研岗,从事教学科研、资政研究及相关工作。,专业技术类 十一级,1,不限,博士研究生,博士,,,法学（A0301）；社会学（A0303）；民族学（A0304）；公共管理（A1204）,40岁以下,,,,,,笔试+面试（一般类）,,,,,市属,深圳社会主义学院,40岁以下,
SZ2025148E0009,2026-jizhong,深圳,深圳市政府投资项目评审中心,十级专技岗,从事固定资产投资项目节能评估和碳评价工作，从事节能监察技术性、辅助性、事务性工作，从事信息系统平台全生命周期建设和运行维护工作。,专业技术类 十级,1,不限,博士研究生,博士,,,物理学（A0702）；动力工程及工程热物理（A0807）；电气工程（A0808）；物理电子学（A080901）；微电子学与固体电子学（A080903）；电磁场与微波技术（A080904）；信息与通信工程（A0810）；计算机科学与技术（A0812）；供热、供燃气、通风及空调工程（A081403）；软件工程（A0835）；能源动力（A0843）；集成电路科学与工程（A1401）；智能科学与技术（A1405）,40岁以下,,,,,,笔试+面试（一般类）,,,,,市属,深圳市发展和改革委员会,40岁以下,
SZ2025148E0010,2026-jizhong,深圳,深圳市粮食和物资储备保障中心,综合管理岗（管理九级）,从事信息系统建设维护工作，开展储备物资信息化监管和相关行业研究管理工作。,管理类 九级,1,不限,博士研究生,博士,,,物理电子学（A080901）；微电子学与固体电子学（A080903）；电磁场与微波技术（A080904）；信息与通信工程（A0810）；计算机科学与技术（A0812）；软件工程（A0835）；集成电路科学与工程（A1401）；智能科学与技术（A1405）,40岁以下,,,,,,笔试+面试（一般类）,,,,,市属,深圳市发展和改革委员会,40岁以下,
SZ2025148E0014,2026-jizhong,深圳,深圳市育新学校,专门教育校医,从事校园师生健康保障、常见病诊疗及防疫宣传工作。,专业技术类 十二级,1,不限,本科以上,学士及以上,,临床医学类（B1003）；中医学类（B1008）,内科学（A100201）；外科学（A100210）；内科学硕士（专业硕士）（A100219）；全科医学（专业硕士）（A100237）；全科医学（中医）（A100522）,40岁以下,,具有2年及以上相关工作经历,具有医师资格和执业证书,医师,,笔试+面试（医疗类（全科医学））,,,到岗后主要负责专门矫治教育医疗工作，并根据实际需要统筹安排从事中职教育和市中小学德育基地综合实践教育医疗工作；须在本校工作服务5年以上。,,市属,深圳市教育局,40岁以下；具有医师资格和执业证书；具有2年及以上相关工作经历。,
SZ2025148E0015,2026-jizhong,深圳,深圳市第三高级中学,图书档案管理员,从事学校图书及档案的全流程管理，包括资源建设、分类编目及系统维护；为师生提供借阅咨询，并参与相关规划与制度建设工作。,专业技术类 十一级,1,不限,硕士研究生以上,硕士及以上,,,图书情报与档案管理（A1205）,43岁以下,,具有2年及以上相关工作经历,,,,笔试+面试（一般类）,,,,,市属,深圳市教育局,43岁以下；具有2年及以上相关工作经历。,
SZ2025148E0016,2026-jizhong,深圳,深圳市第三高级中学,会计,从事学校财会相关工作，负责学校内控、日常财务收支与报销，妥善处理税务、工资、审计管理、财报管理等相关事务，确保资金合规使用，并完成相关培训等工作。,专业技术类 十二级,1,不限,本科以上,学士及以上,,金融学（B020301）；会计学（B120203）,财政学（含∶税收学）（A020203）；会计学（A120201）,40岁以下,,具有2年及以上相关工作经历，现仍从事相关工作,,助理会计师（会计初级资格）,,笔试+面试（一般类）,,,,,市属,深圳市教育局,40岁以下；具有2年及以上相关工作经历，现仍从事相关工作。,
SZ2025148E0074,2026-jizhong,深圳,深圳市科技创新战略研究中心,科技创新专员,从事虚拟大学园相关创新平台的管理和服务工作。,专业技术类 十一级,1,不限,硕士研究生以上,硕士及以上,,,管理科学与工程（A1201）；公共管理（A1204）,40岁以下,,,,,,笔试+面试（一般类）,,,,,市属,深圳市科技创新局,40岁以下,
SZ2025148E0078,2026-jizhong,深圳,深圳市未成年人救助保护中心,文秘岗,从事办公室综合、文秘工作。,管理类 九级,1,不限,本科以上,学士及以上,,经济学（B02）；法学（B03）；文学（B05）；理学（B07）；工学（B08）；管理学（B12）,经济学（A02）；法学（A03）；文学（A05）；理学（A07）；工学（A08）；管理学（A12）,40岁以下,,,,,,笔试+面试（一般类）,,,,,市属,深圳市民政局,40岁以下,
SZ2025148E0079,2026-jizhong,深圳,深圳市殡葬服务中心,综合管理岗,从事日常行政管理工作。,管理类 九级,1,不限,本科以上,学士及以上,,经济学（B02）；法学（B03）；文学（B05）；理学（B07）；工学（B08）；管理学（B12）,经济学（A02）；法学（A03）；文学（A05）；理学（A07）；工学（A08）；管理学（A12）,40岁以下,,,,,,笔试+面试（一般类）,,,,,市属,深圳市民政局,40岁以下,
SZ2025148E0080,2026-jizhong,深圳,深圳市殡葬服务中心,综合管理岗,从事日常行政管理工作。,管理类 九级,1,不限,本科以上,学士及以上,,经济学（B02）；法学（B03）；文学（B05）；理学（B07）；工学（B08）；管理学（B12）,经济学（A02）；法学（A03）；文学（A05）；理学（A07）；工学（A08）；管理学（A12）,40岁以下,,,,,,笔试+面试（一般类）,,,,,市属,深圳市民政局,40岁以下,
SZ2025148E0081,2026-jizhong,深圳,深圳市社会福利服务指导中心,财务管理,从事财务管理相关工作。,管理类 九级,1,不限,本科以上,学士及以上,,会计学（B120203）；财务管理（B120204）,会计学（A120201）；会计硕士（专业硕士）（A120206）,40岁以下,,,,,,笔试+面试（一般类）,,,,,市属,深圳市民政局,40岁以下,
SZ2025148E0006,2026-jizhong,深圳,深圳市法治促进服务中心,九级管理岗,从事法治研究和实务工作。,管理类 九级,2,不限,硕士研究生以上,硕士及以上,,,宪法学与行政法学（A030103）；民商法学（含：劳动法学、社会保障法学）（A030105）,40岁以下,,,,,,笔试+面试（一般类）,,,本科专业为法学类（A0301）,,市属,深圳市司法局,40岁以下；本科专业为法学类（A0301）。,
SZ2025148E0007,2026-jizhong,深圳,深圳市法治促进服务中心,研究实习员,从事财务相关工作。,专业技术类 十二级,1,不限,本科,学士,,会计学（B120203）；财务管理（B120204）,,40岁以下,,具有2年以上相关工作经历,,助理会计师（会计初级资格）,,笔试+面试（一般类）,,,,,市属,深圳市司法局,40岁以下；具有2年以上相关工作经历。,
SZ2025148E0008,2026-jizhong,深圳,深圳市法治促进服务中心,研究实习员,从事法治研究和实务工作。,专业技术类 十一级,1,不限,硕士研究生以上,硕士及以上,,,宪法学与行政法学（A030103）；民商法学（含：劳动法学、社会保障法学）（A030105）；国际法学（含：国际公法、国际私法、国际经济法）（A030109）,40岁以下,,,,,,笔试+面试（一般类）,,,本科专业为法学类（A0301）,,市属,深圳市司法局,40岁以下；本科专业为法学类（A0301）。,
SZ2025148C0007,2026-jizhong,深圳,深圳市财政金融服务中心,审核专员,从事中心及管理企业的财务、会计、采购以及项目申报等业务的审核工作。,专业技术类 十一级,1,应届毕业生,硕士研究生以上,硕士及以上,,,应用经济学（A0202）；法学（A0301）,43岁以下,,,,,,笔试+面试（一般类）,,,,,市属,深圳市财政局,43岁以下,
SZ2025148C0008,2026-jizhong,深圳,深圳市公物和财政票据管理中心,信息化运维管理岗,从事维护和保障物资管理信息系统运行、合规性审核等业务工作。,专业技术类 十一级,1,应届毕业生,硕士研究生以上,硕士及以上,,,法学（A0301）；计算机科学与技术（A0812）；工商管理（A1202）,43岁以下,,,,,,笔试+面试（一般类）,,,,,市属,深圳市财政局,43岁以下,
SZ2025148C0001,2026-jizhong,深圳,深圳市考试院,综合管理,从事保密管理、应急管理等相关工作。,管理类 十级,1,应届毕业生,本科,学士,,保密技术（B080914）；密码科学与技术（B080918）；保密管理（B120106）；应急管理（B120111）,,40岁以下,,,,,中共党员（含预备党员）,笔试+面试（一般类）,,,该岗位需常年进行夜班值守、周末加班，并根据工作安排接受封闭管理。,,市属,深圳市人力资源和社会保障局,40岁以下；中共党员（含预备党员）,
SZ2025148C0002,2026-jizhong,深圳,深圳市公共就业服务中心,信息化管理岗,从事就业服务信息化相关工作。,专业技术类 十一级,1,应届毕业生,硕士研究生以上,硕士及以上,,,通信与信息系统（A081001）；新一代电子信息技术硕士（专业硕士）（A084001）；通信工程硕士（专业硕士）（A084002）；计算机技术硕士（专业硕士）（A084004）；网络与信息安全硕士（专业硕士）（A084012）,40岁以下,,,,,,笔试+面试（一般类）,,,,,市属,深圳市人力资源和社会保障局,40岁以下,
SZ2025148C0003,2026-jizhong,深圳,深圳市公共就业服务中心,财务管理岗,从事财务管理、审计相关工作。,专业技术类 十一级,1,应届毕业生,硕士研究生以上,硕士及以上,,,审计硕士（专业硕士）（A020218）；会计学（A120201）；会计硕士（专业硕士）（A120206）,40岁以下,,,,,,笔试+面试（一般类）,,,,,市属,深圳市人力资源和社会保障局,40岁以下,
SZ2025148E0011,2026-jizhong,深圳,深圳城市职业学院,教学改革与课程建设,从事研究职业技能教学模式、评价体系，开发适配产业需求的课程标准、教材及数字化教学资源等工作。,专业技术类 十级,1,不限,博士研究生,博士,,,教育学（A0401）；数学（A0701）；机械工程（A0802）；电子科学与技术（A0809）；计算机科学与技术（A0812）,40岁以下,,,,,,笔试+面试（一般类）,,,,,市属,深圳市人力资源和社会保障局,40岁以下,
SZ2025148C0010,2026-jizhong,深圳,深圳大鹏半岛国家地质自然公园管理处,行政管理,从事管理处行政管理工作。,管理类 九级,1,应届毕业生,硕士研究生以上,硕士及以上,,,博物馆（A060108）；人文地理学（A070502）；地图学与地理信息系统（A070503）；海洋地质（A070704）；地质学（A0709）；城市规划与设计(含∶风景园林规划与设计)（A081303）；城乡规划学（A0833）,43岁以下,,,,,,笔试+面试（一般类）,,,,,市属,深圳市规划和自然资源局,43岁以下,
SZ2025148E0043,2026-jizhong,深圳,深圳市土地储备中心,综合管理,从事综合管理方面工作。,专业技术类 十三级,1,不限,硕士研究生以上,硕士及以上,,,城乡规划学（A083301）；会计学（A120201）,40岁以下,,2年以上相关工作经历,,,,笔试+面试（一般类）,,,,,市属,深圳市规划和自然资源局,40岁以下；2年以上相关工作经历。,
SZ2025148E0044,2026-jizhong,深圳,深圳市土地储备中心,综合文秘,从事综合文秘、党务管理方面工作。,管理类 十级,1,不限,硕士研究生以上,硕士及以上,,,新闻与传播硕士（专业硕士）（A050303）；企业管理（含：财务管理、市场营销、人力资源管理）（A120202）；工商管理硕士（专业硕士）（A120205）,40岁以下,,2年以上相关工作经历,,,,笔试+面试（一般类）,,,,,市属,深圳市规划和自然资源局,40岁以下；2年以上相关工作经历。,
SZ2025148E0045,2026-jizhong,深圳,深圳市不动产登记中心,政务服务,从事不动产信托登记相关工作。,专业技术类 十二级,1,不限,本科以上,学士及以上,,财政学（B020201）；税收学（B020202）；金融学（B020301）,财政学（含∶税收学）（A020203）；金融学（含∶保险学）（A020204）,40岁以下,,,,,,笔试+面试（一般类）,,,,,市属,深圳市规划和自然资源局,40岁以下,
SZ2025148E0046,2026-jizhong,深圳,深圳大鹏半岛国家地质自然公园管理处,地质研究,从事地质相关工作。,管理类 九级,1,不限,博士研究生,博士,,,地质学（A0709）,43岁以下,,具有2年以上相关工作经历,,,,笔试+面试（一般类）,,,,,市属,深圳市规划和自然资源局,43岁以下；具有2年以上相关工作经历,
SZ2025148E0039,2026-jizhong,深圳,深圳市生态环境监测站,环境监测及实验室分析,从事环境监测及实验室分析工作。,专业技术类 十二级,2,不限,硕士研究生以上,硕士及以上,,,化学（A0703）；生物学（A0710）；化学工程与技术（A0817）；环境科学与工程（A0830）；环境工程硕士（专业硕士）（A084201）,40岁以下,,具有2年以上相关工作经历,,,,笔试+面试（一般类）,,,,,市属,深圳市生态环境局,40岁以下；具有2年以上相关工作经历。,
SZ2025148E0040,2026-jizhong,深圳,广东省深圳生态环境监测中心站,生态监测,从事生态质量监测工作。,专业技术类 十二级,1,不限,本科,学士,,生物科学类（B0710）,,40岁以下,,具有2年以上相关工作经历,,工程师,,笔试+面试（一般类）,,,,,市属,深圳市生态环境局,40岁以下；具有2年以上相关工作经历。,
SZ2025148E0041,2026-jizhong,深圳,广东省深圳生态环境监测中心站,水生态或海洋监测,从事水生态或海洋生态环境监测工作。,专业技术类 十一级,1,不限,硕士研究生,硕士,,,自然地理学（A070501）；生物学（A0710）；渔业发展硕士（专业硕士）（A091304）,40岁以下,,具有2年以上相关工作经历,,,,笔试+面试（一般类）,,,,,市属,深圳市生态环境局,40岁以下；具有2年以上相关工作经历,
SZ2025148E0042,2026-jizhong,深圳,广东省深圳生态环境监测中心站,数据分析处理,从事数据分析处理工作。,专业技术类 十一级,1,不限,硕士研究生,硕士,,,环境科学与工程（A0830）,40岁以下,,具有2年以上相关工作经历,,,,笔试+面试（一般类）,,,,,市属,深圳市生态环境局,40岁以下；具有2年以上相关工作经历。,
SZ2025148E0012,2026-jizhong,深圳,深圳市建筑工程质量安全监督总站,监督员,从事房屋建筑工程质量安全监督工作。,专业技术类 十二级,1,不限,本科以上,学士及以上,,土木工程（B081101）；给排水科学与工程（B081103）,结构工程（A081402）；供热、供燃气、通风及空调工程（A081403）,40岁以下,,具有2年以上相关工作经历,,,,笔试+面试（一般类）,,,,,市属,深圳市住房和建设局,40岁以下；具有2年以上相关工作经历。,
SZ2025148E0013,2026-jizhong,深圳,深圳市市政工程质量安全监督总站,质量安全监督岗,从事轨道交通工程质量安全监督工作。,专业技术类 十三级,2,不限,本科以上,学士及以上,,土木工程（B081101）；城市地下空间工程（B081105）；土木、水利与交通工程（B081110）；工程管理（B120103）,岩土工程（A081401）；结构工程（A081402）；供热、供燃气、通风及空调工程（A081403）；桥梁与隧道工程（A081406）,40岁以下,,,,,,笔试+面试（一般类）,,,,,市属,深圳市住房和建设局,40岁以下,
SZ2025148C0011,2026-jizhong,深圳,深圳市交通工程质量监督站,安全监督员,从事交通工程质量安全监督工作。,专业技术类 十三级,2,应届毕业生,硕士研究生以上,硕士及以上,,,桥梁与隧道工程（A081406）；工程管理硕士（专业硕士）（A120102）,40岁以下,,,,,,笔试+面试（一般类）,,,,,市属,深圳市交通运输局,40岁以下,
SZ2025148C0004,2026-jizhong,深圳,深圳市深圳河湾流域管理中心,河道管理,从事水工技术管理工作。,管理类 九级,1,应届毕业生,本科以上,学士及以上,,水利水电工程（B081201）；港口航道与海岸工程（B081203）；水务工程（B081204）；水利科学与工程（B081205）,水工结构工程（A081503）；水利水电工程（A081504）；港口、海岸及近海工程（A081505）；水利工程硕士（专业硕士）（A084402）,40岁以下,,,,,,笔试+面试（一般类）,,,,,市属,深圳市水务局,40岁以下,
SZ2025148E0017,2026-jizhong,深圳,深圳市公明供水调蓄工程管理处,机电管理,从事机电管理工作。,专业技术类 十三级,1,不限,本科以上,学士及以上,,电气工程及其自动化（B080601）；电气工程与智能控制（B080604）,电力系统及其自动化（A080802）；电气工程硕士（专业硕士）（A084301）,40岁以下,,具有2年以上相关工作经历,,助理工程师,,笔试+面试（一般类）,,,,,市属,深圳市水务局,40岁以下；具有2年以上相关工作经历。,
SZ2025148E0018,2026-jizhong,深圳,深圳市公明供水调蓄工程管理处,水工管理,从事水务工程管理工作。,专业技术类 十三级,1,不限,本科以上,学士及以上,,水利类（B0812）,水利工程（A0815）；水利工程硕士（专业硕士）（A084402）,40岁以下,,具有2年以上相关工作经历,,助理工程师,,笔试+面试（一般类）,,,,,市属,深圳市水务局,40岁以下；具有2年以上相关工作经历。,
SZ2025148E0019,2026-jizhong,深圳,深圳市水务工程质量安全监督站,监督员,从事水务工程质量安全监督工作。,专业技术类 十二级,1,不限,本科以上,学士及以上,,城市地下空间工程（B081105）；智能建造（B081107）；水利水电工程（B081201）；农业水利工程（B082405）,市政工程（A081404）；水利水电工程（A081504）；农业水土工程（A082802）,40岁以下,,具有2年以上相关工作经历,,助理工程师,,笔试+面试（一般类）,,,硕士以上可放宽至43周岁,,市属,深圳市水务局,40岁以下；具有2年以上相关工作经历。,
SZ2025148E0020,2026-jizhong,深圳,深圳市茅洲河流域管理中心,综合管理,从事行政综合、水文化管理相关工作。,专业技术类 十三级,1,不限,本科以上,学士及以上,,法学（B030101）；政治学与行政学（B030201）；汉语言文学（B050101）；文化产业管理（B120210）,环境与资源保护法学（A030108）；政治学（A0302）；中国语言文学（A0501）；技术经济及管理（A120204）,40岁以下,,具有2年及以上相关工作经历,,,,笔试+面试（一般类）,,,,,市属,深圳市水务局,40岁以下；具有2年及以上相关工作经历。,
SZ2025148E0021,2026-jizhong,深圳,深圳市茅洲河流域管理中心,河道及沿河设施管理,从事河道、泵站日常管理工作。,专业技术类 十三级,1,不限,本科以上,学士及以上,,机械工程（B080201）；机械设计制造及其自动化（B080202）；能源与动力工程（B080501）；电气工程及其自动化（B080601）,机械制造及其自动化（A080201）；动力机械及工程（A080703）；流体机械及工程（A080704）；电气工程（A0808）；电气工程硕士（专业硕士）（A084301）；动力工程硕士（专业硕士）（A084302）；机械工程硕士（专业硕士）（A084601）,40岁以下,,具有2年以上相关工作经历,,助理工程师,,笔试+面试（一般类）,,,,,市属,深圳市水务局,40岁以下；具有2年以上相关工作经历。,
SZ2025148E0022,2026-jizhong,深圳,深圳市智慧水务综合指挥调度和保障中心,技术一部技术评审岗,从事水工技术评审管理、水利工程管理工作。,专业技术类 十三级,2,不限,本科以上,学士及以上,,水利类（B0812）,水利工程（A0815）；水利工程硕士（专业硕士）（A084402）,40岁以下,,具有2年以上相关工作经历,,助理工程师,,笔试+面试（一般类）,,,,,市属,深圳市水务局,40岁以下；具有2年以上相关工作经历。,
SZ2025148C0012,2026-jizhong,深圳,深圳图书馆,读者服务,从事北馆读者服务、文献组织与管理、阅读推广以及综合管理工作。,专业技术类 十三级,1,应届毕业生,硕士研究生以上,硕士及以上,,,汉语言文字学（A050103）；新闻学（A050301）；图书馆学（A120501）；情报学（A120502）,43岁以下,,,,,,笔试+面试（一般类）,,,,,市属,深圳市文化广电旅游体育局,43岁以下,
SZ2025148E0048,2026-jizhong,深圳,深圳市体育运动学校,教务管理,从事学校教务、考务及学籍管理等工作。,管理类 九级,1,不限,本科以上,学士及以上,,信息与计算科学（B070102）；统计学（B071101）；计算机科学与技术（B080901）；信息资源管理（B120503）,统计学（部分）（A071401）；计算机应用技术（A081203）,40岁以下,,,,,,笔试+面试（一般类）,,,,,市属,深圳市文化广电旅游体育局,40岁以下,
SZ2025148E0049,2026-jizhong,深圳,深圳市体育运动学校,网络安全管理,从事计算机和网络硬件维护、数据库和网络安全管理等相关工作。,管理类 九级,1,不限,本科以上,学士及以上,,计算机科学与技术（B080901）；网络工程（B080903）；信息安全（B080904）,计算机科学与技术（A0812）,40岁以下,,,,,,笔试+面试（一般类）,,,,,市属,深圳市文化广电旅游体育局,40岁以下,
SZ2025148E0050,2026-jizhong,深圳,深圳博物馆,深圳历史文化研究及展览策划,从事与深圳古代、近代、深圳改革开放相关的历史研究、藏品征集、展览策划、场馆建设等工作。,专业技术类 十三级,1,不限,本科以上,学士及以上,,中国共产党历史（B030502）；历史学（B060101）；文物与博物馆学（B060104）；建筑学（B081001）；艺术史论（B130101）,中共党史（含：党的学说与党的建设）（A030204）；中国史（A060106）；博物馆（A060108）；建筑历史与理论（A081301）；艺术学理论（A130101）,40岁以下,,具有2年以上相关工作经历,,,,笔试+面试（一般类）,,,,,市属,深圳市文化广电旅游体育局,40岁以下；具有2年以上相关工作经历。,
SZ2025148E0051,2026-jizhong,深圳,深圳市文化馆,场馆运营,从事深圳市文化馆新馆场馆日常运营、综合管理、安全生产管理、场馆活动策划及执行、社会化运营等工作。,专业技术类 十三级,1,不限,本科,学士,,文化产业管理（B120210）；公共事业管理（B120401）,,40岁以下,,具有2年以上相关工作经历,,,,笔试+面试（一般类）,,,,,市属,深圳市文化广电旅游体育局,40岁以下；具有2年以上相关工作经历。,
SZ2025148E0052,2026-jizhong,深圳,深圳市文化馆,政工人事,从事人事、党务、行政、工会、行政公文撰写等工作。,专业技术类 十三级,1,不限,本科以上,学士及以上,,汉语言文学（B050101）；人力资源管理（B120206）,文艺学（A050101）；新闻学（A050301）,40岁以下,,具有2年以上相关工作经历,,,中共党员（含预备党员）,笔试+面试（一般类）,,,,,市属,深圳市文化广电旅游体育局,40岁以下；具有2年以上相关工作经历；政治面貌：中共党员（含预备党员）。,
SZ2025148E0053,2026-jizhong,深圳,深圳市群众体育促进中心,棋类辅助教练,从事协助主教练进行围棋、象棋、国际象棋教学，包括技术指导、对弈训练与队员管理等工作。,专业技术类 十三级,1,不限,本科,学士,,不限,,40岁以下,,,,,,笔试+面试（一般类）,,,获得围棋、象棋、国际象棋任一项目全国性成年赛事前3名且同时具有相对应的一级运动员及以上称号,,市属,深圳市文化广电旅游体育局,40岁以下；获得围棋、象棋、国际象棋任一项目全国性成年赛事前3名且同时具有相对应的一级运动员及以上称号。,
SZ2025148E0054,2026-jizhong,深圳,深圳市群众体育促进中心,综合干事,从事赛事活动组织、宣传内容制作、文字材料撰写及信息系统维护等工作。,专业技术类 十三级,1,不限,硕士研究生,硕士,,,法学（A0301）；体育学（A0403）；新闻传播学（A0503）；电子信息（A0840）,40岁以下,,,,,,笔试+面试（一般类）,,,,,市属,深圳市文化广电旅游体育局,40岁以下,
SZ2025148E0055,2026-jizhong,深圳,深圳市职业体育管理中心,赛事管理部专员,从事赛事摄影、剪辑、视频制作等宣传推广工作。,专业技术类 十三级,1,不限,本科,学士,,影视摄影与制作（B130311）；影视技术（B130312）；摄影（B130404）,,40岁以下,,,,,,笔试+面试（一般类）,,,,,市属,深圳市文化广电旅游体育局,40岁以下,
SZ2025148E0056,2026-jizhong,深圳,深圳艺术学校,音乐剧教师,从事音乐剧演唱、剧目排演、英文正音等教学工作。,专业技术类 十三级,1,不限,硕士研究生以上,硕士及以上,,,音乐硕士（专业硕士）（A130202）；戏剧硕士（专业硕士）（A130302）,40岁以下,,,具有高中或中职及以上相应学科教师资格证,,,笔试+面试（教育类（高中与职校））,,,,,市属,深圳市文化广电旅游体育局,40岁以下；具有高中或中职及以上相应学科教师资格证。,
SZ2025148E0057,2026-jizhong,深圳,深圳艺术学校,国标舞教师,从事拉丁舞或摩登舞专业课程教学工作。,专业技术类 十三级,1,不限,本科以上,学士及以上,,舞蹈表演（B130204）；舞蹈编导（B130206）,音乐与舞蹈学（A130201）；舞蹈硕士（专业硕士）（A130203）,40岁以下,,,具有高中或中职及以上相应学科教师资格证,,,笔试+面试（教育类（高中与职校））,,,,,市属,深圳市文化广电旅游体育局,40岁以下；具有高中或中职及以上相应学科教师资格证。,
SZ2025148E0058,2026-jizhong,深圳,深圳艺术学校,体育教师,从事体育教学工作。,专业技术类 十三级,1,不限,本科以上,学士及以上,,体育教育（B040201）；运动训练（B040202）,体育教育训练学（A040303）；体育教学硕士（专业硕士）（A040305）,40岁以下,,,具有高中或中职及以上相应学科教师资格证,,,笔试+面试（教育类（高中与职校））,,,,,市属,深圳市文化广电旅游体育局,40岁以下；具有高中或中职及以上相应学科教师资格证。,
SZ2025148E0059,2026-jizhong,深圳,深圳艺术学校,高中历史教师,从事高中历史学科教学工作。,专业技术类 十三级,1,不限,本科以上,学士及以上,,历史学（B060101）；世界史（B060102）,中国史（A060106）；世界史（A060107）,40岁以下,,具有2年以上相关工作经历,具有高中或中职及以上相应学科教师资格证,,,笔试+面试（教育类（高中与职校））,,,,,市属,深圳市文化广电旅游体育局,40岁以下；1.具有高中或中职及以上相应学科教师资格证。2.具有2年以上相关工作经历。,
SZ2025148E0060,2026-jizhong,深圳,深圳艺术学校,芭蕾舞教师,从事芭蕾舞教学工作。,专业技术类 十三级,1,不限,本科以上,学士及以上,,舞蹈表演（B130204）；舞蹈编导（B130206）,音乐与舞蹈学（A130201）；舞蹈硕士（专业硕士）（A130203）,40岁以下,,,具有高中或中职及以上相应学科教师资格证,,,笔试+面试（教育类（高中与职校））,,,,,市属,深圳市文化广电旅游体育局,40岁以下；具有高中或中职及以上相应学科教师资格证。,
SZ2025148E0061,2026-jizhong,深圳,深圳艺术学校,室内乐教师,从事室内乐教学工作。,专业技术类 十三级,1,不限,硕士研究生,硕士,,,音乐与舞蹈学（A130201）；音乐硕士（专业硕士）（A130202）,40岁以下,,,具有高中或中职及以上相应学科教师资格证,,,笔试+面试（教育类（高中与职校））,,,,,市属,深圳市文化广电旅游体育局,40岁以下；具有高中或中职及以上相应学科教师资格证。,
SZ2025148C0009,2026-jizhong,深圳,深圳市疾病预防控制中心,卫生应急科卫生应急管理,从事卫生应急预案编制、风险评估、培训演练工作。,专业技术类 十一级,1,应届毕业生,硕士研究生以上,硕士及以上,,,公共卫生与预防医学（A1004）,40岁以下,,,,,,笔试+面试（医疗类（公共卫生与预防医学））,,,,,市属,深圳市卫生健康委员会,40岁以下,
SZ2025148E0023,2026-jizhong,深圳,深圳市健康教育与促进中心,公共卫生专干,从事开展健康教育与促进工作。,专业技术类 十一级,1,不限,硕士研究生以上,硕士及以上,,,流行病与卫生统计学（A100401）；公共卫生硕士（专业硕士）（A100407）,40岁以下,,具有2年以上相关工作经历,,,,笔试+面试（医疗类（公共卫生与预防医学））,,,,,市属,深圳市卫生健康委员会,40岁以下；具有2年以上相关工作经历。,
SZ2025148E0024,2026-jizhong,深圳,深圳市血液中心,公共卫生,从事公卫综合业务管理等工作。,专业技术类 十三级,1,不限,硕士研究生以上,硕士及以上,,,公共卫生硕士（专业硕士）（A100407）；社会医学与卫生事业管理（A120402）,40岁以下,,,,,,笔试+面试（医疗类（公共卫生与预防医学））,,,,,市属,深圳市卫生健康委员会,40岁以下,
SZ2025148E0025,2026-jizhong,深圳,深圳市慢性病防治中心,公共卫生医师,从事地市级及以上慢性非传染性疾病防控工作。,专业技术类 十一级,1,不限,硕士研究生以上,硕士及以上,,,流行病与卫生统计学（A100401）；公共卫生硕士（专业硕士）（A100407）,40岁以下,,2年以上相关工作经历,,主治医师,,笔试+面试（医疗类（公共卫生与预防医学））,,,,,市属,深圳市卫生健康委员会,40岁以下；2年以上相关工作经历。,
SZ2025148E0026,2026-jizhong,深圳,深圳市卫生健康发展研究和数据管理中心,卫生政策研究岗,从事医疗卫生机构卫生管理研究、卫生政策管理研究工作。,专业技术类 十一级,1,不限,硕士研究生以上,硕士及以上,,,应用经济学（A0202）；应用统计硕士（专业硕士）（A020213）；统计学（部分）（A071401）；流行病与卫生统计学（A100401）；劳动卫生与环境卫生学（A100402）；儿少卫生与妇幼保健学（A100404）；公共卫生硕士（专业硕士）（A100407）；药物化学（A100701）；药物分析学（A100704）；药理学（A100706）；药学硕士（专业硕士）（A100707）；公共管理（A1204）,40岁以下,,2年以上相关工作经历,,,,笔试+面试（一般类）,,,,,市属,深圳市卫生健康委员会,40岁以下；2年以上相关工作经历。,
SZ2025148E0027,2026-jizhong,深圳,深圳市卫生健康发展研究和数据管理中心,医学人工智能评测岗,从事医学人工智能评测相关工作。,专业技术类 十一级,1,不限,硕士研究生以上,硕士及以上,,,应用经济学（A0202）；电子信息（A0840）；公共卫生与预防医学（A1004）；管理科学与工程（A1201）,40岁以下,,2年以上相关工作经历,,,,笔试+面试（一般类）,,,,,市属,深圳市卫生健康委员会,40岁以下；2年以上相关工作经历。,
SZ2025148E0028,2026-jizhong,深圳,深圳市卫生健康发展研究和数据管理中心,信息管理岗,从事医疗卫生机构信息管理及研究、大数据服务相关工作。,专业技术类 十一级,1,不限,硕士研究生以上,硕士及以上,,,计算机科学与技术（A0812）；生物医学工程（A0831）；图书情报硕士（专业硕士）（A120504）,40岁以下,,具有2年及以上相关工作经历,,工程师,,笔试+面试（一般类）,,,,,市属,深圳市卫生健康委员会,40岁以下；具有2年及以上相关工作经历。,
SZ2025148E0029,2026-jizhong,深圳,深圳市疾病预防控制中心,办公室行政业务管理及政策研究,从事行政业务管理、政策研究工作。,专业技术类 十一级,1,不限,硕士研究生以上,硕士及以上,,,社会学（A030301）；应用心理学（A040203）；新闻与传播硕士（专业硕士）（A050303）；流行病与卫生统计学（A100401）；公共卫生硕士（专业硕士）（A100407）；行政管理（A120401）；社会医学与卫生事业管理（A120402）,40岁以下,,,,,,笔试+面试（一般类）,,,,,市属,深圳市卫生健康委员会,40岁以下,
SZ2025148E0030,2026-jizhong,深圳,深圳市疾病预防控制中心,理化检验所食品化学污染物及成分分析,从事食品中化学污染物及成分分析工作。,专业技术类 十一级,1,不限,硕士研究生,硕士,,,分析化学（A070302）；食品科学与工程（A0832）,40岁以下,,,,,,笔试+面试（一般类）,,,,,市属,深圳市卫生健康委员会,40岁以下,
SZ2025148E0031,2026-jizhong,深圳,深圳市疾病预防控制中心,生物安全与质量技术部生物安全与GCP管理,从事样本管理、生物安全与GCP（体外诊断试剂的临床试验）管理工作。,专业技术类 十一级,1,不限,硕士研究生以上,硕士及以上,,,生物技术与工程硕士（专业硕士）（A084501）；公共卫生与预防医学（A1004）,40岁以下,,,,,,笔试+面试（一般类）,,,,,市属,深圳市卫生健康委员会,40岁以下,
SZ2025148E0032,2026-jizhong,深圳,深圳市疾病预防控制中心,病原微生物检验所微生物检验,从事微生物检验工作。,专业技术类 十一级,1,不限,硕士研究生以上,硕士及以上,,,细胞生物学（A071009）；生物化学与分子生物学（A071010）；病原生物学（A100103）；公共卫生硕士（专业硕士）（A100407）,43岁以下,,,,,,笔试+面试（一般类）,,,,,市属,深圳市卫生健康委员会,43岁以下,
SZ2025148C0005,2026-jizhong,深圳,深圳市军休服务管理中心,综合部信息化管理岗,从事信息系统建设、智能化设备维护及服务场地建设工作。,管理类 九级,1,应届毕业生,本科以上,学士及以上,,人工智能（B080717）；智能装备与系统（B080806）；工业智能（B080807）,土木工程（A0814）；土木工程硕士（专业硕士）（A084401）；机器人工程硕士（专业硕士）（A084610）,40岁以下,,,,,,笔试+面试（一般类）,,,,,市属,深圳市退役军人事务局,40岁以下,
SZ2025148C0006,2026-jizhong,深圳,深圳市退役军人服务中心,服务保障部信息管理员,从事退役军人服务保障信息化建设管理工作。,管理类 九级,1,应届毕业生,本科以上,学士及以上,,信息与计算科学（B070102）；信息管理与信息系统（B120102）,信息与通信工程（A0810）；计算机科学与技术（A0812）,40岁以下,,,,,,笔试+面试（一般类）,,,,,市属,深圳市退役军人事务局,40岁以下,
SZ2025148E0047,2026-jizhong,深圳,深圳市应急管理监测预警指挥中心,自然灾害（地震海啸）监测预警分析岗,从事风险情报分析工作。,管理类 九级,3,不限,硕士研究生以上,硕士及以上,,,地理学（A0705）；大气科学（A0706）；海洋科学（A0707）；地球物理学（A0708）；地质学（A0709）；系统科学（A0711）；生态学（A0713）；土木工程（A0814）；水利工程（A0815）；测绘科学与技术（A0816）；化学工程与技术（A0817）；环境科学与工程（A0830）；安全科学与工程（A0837）；公共管理（A1204）,43岁以下,,,,,,笔试+面试（一般类）,,,需24小时值班。,,市属,深圳市应急管理局,43岁以下,
SZ2025148E0062,2026-jizhong,深圳,中国（深圳）知识产权保护中心,预审管理岗,从事互联网、新能源、高端装备制造和珠宝加工领域专利预审管理工作。,管理类 九级,1,不限,硕士研究生以上,硕士及以上,,,光学（A070207）；动力工程及工程热物理（A0807）,40岁以下,,具有2年以上相关工作经历,,,,笔试+面试（一般类）,,,,,市属,深圳市市场监督管理局,40岁以下；具有2年以上相关工作经历,
SZ2025148E0063,2026-jizhong,深圳,深圳市市场监督管理局许可审查中心,食药械审查检查,从事食品药品、医疗器械审查检查相关技术工作。,专业技术类 十一级,1,不限,硕士研究生以上,硕士及以上,,,化学（A0703）；生物化学与分子生物学（A071010）；化学工程与技术（A0817）；生物医学工程（A0831）；食品科学与工程（A0832）；生物与医药（A0845）；营养与食品卫生学（A100403）；药学（A1007）,40岁以下,,2年以上相关工作经历,,,,笔试+面试（一般类）,,,,,市属,深圳市市场监督管理局,40岁以下；2年以上相关工作经历。,
SZ2025148E0064,2026-jizhong,深圳,深圳市农产品质量安全检验检测中心,助理抽样员,从事农产品质量安全监测的抽样工作。,专业技术类 十一级,1,不限,硕士研究生以上,硕士及以上,,,农业管理（A0908）；农村发展（A0909）,40岁以下,,,,,,笔试+面试（一般类）,,,,,市属,深圳市市场监督管理局,40岁以下,
SZ2025148E0065,2026-jizhong,深圳,深圳市农产品质量安全检验检测中心,助理推广员,从事农产品质量分级相关工作。,专业技术类 十一级,1,不限,硕士研究生以上,硕士及以上,,,作物遗传育种（A090102）；植物病理学（A090401）,43岁以下,,2年以上相关工作经历,,农艺师,,笔试+面试（一般类）,,,,,市属,深圳市市场监督管理局,43岁以下；2年以上相关工作经历。,
SZ2025148E0066,2026-jizhong,深圳,深圳市农产品质量安全检验检测中心,助理植检员,从事植物检疫对象实验室鉴定、植物检疫现场技术检查等工作。,专业技术类 十一级,1,不限,硕士研究生以上,硕士及以上,,,农学（A09）,43岁以下,,2年以上相关工作经历,,农艺师,,笔试+面试（一般类）,,,,,市属,深圳市市场监督管理局,43岁以下；2年以上相关工作经历。,
SZ2025148E0067,2026-jizhong,深圳,深圳市特种设备安全检验研究院,承压检验员,从事承压特种设备检验工作。,专业技术类 十一级,1,不限,硕士研究生以上,硕士及以上,,,材料科学与工程（A0805）；热能工程（A080702）；动力机械及工程（A080703）；化工过程机械（A080706）；材料工程硕士（专业硕士）（A084101）；动力工程硕士（专业硕士）（A084302）,40岁以下,,,,,,笔试+面试（一般类）,,,,,市属,深圳市市场监督管理局,40岁以下,
SZ2025148E0068,2026-jizhong,深圳,深圳市特种设备安全检验研究院,党务人事,从事组织人事、党务等相关工作。,管理类 十级,1,不限,硕士研究生以上,硕士及以上,,,马克思主义哲学（A010101）；应用经济学（A0202）；法学（A0301）；中共党史（含：党的学说与党的建设）（A030204）；社会学（A0303）；马克思主义理论（A0305）；中国语言文学（A0501）；新闻传播学（A0503）；企业管理（含：财务管理、市场营销、人力资源管理）（A120202）；公共管理（A1204）,40岁以下,,,,,中共党员（含预备党员）,笔试+面试（一般类）,,,,,市属,深圳市市场监督管理局,40岁以下；中共党员（含预备党员）,
SZ2025148E0069,2026-jizhong,深圳,深圳市特种设备安全检验研究院,机电检验员,从事机电特种设备检验工作。,专业技术类 十一级,2,不限,硕士研究生以上,硕士及以上,,,机械工程（A0802）；仪器科学与技术（A0804）；电气工程（A0808）；电气工程硕士（专业硕士）（A084301）；机械工程硕士（专业硕士）（A084601）；车辆工程硕士（专业硕士）（A084602）；智能制造技术硕士（专业硕士）（A084609）；机器人工程硕士（专业硕士）（A084610）,40岁以下,,具有两年以上相关工作经历,,,,笔试+面试（一般类）,,,持有中华人民共和国特种设备检验检测人员证（任一项目：电梯、起重机械、场内专用机动车辆），级别为检验员及以上,,市属,深圳市市场监督管理局,40岁以下；具有两年以上相关工作经历；持有中华人民共和国特种设备检验检测人员证（任一项目：电梯、起重机械、场内专用机动车辆），级别为检验员及以上。,
SZ2025148E0070,2026-jizhong,深圳,深圳市标准技术研究院,国际标准化工程师（能源领域）,从事能源领域国际标准化研究相关工作。,专业技术类 十一级,1,不限,博士研究生,博士,,,动力工程及工程热物理（A0807）,40岁以下,,具有2年以上相关工作经历,,,,笔试+面试（一般类）,,,,,市属,深圳市市场监督管理局,40岁以下；具有2年以上相关工作经历。,
SZ2025148E0071,2026-jizhong,深圳,深圳市标准技术研究院,合规标准化研究员,从事合规标准化研究相关工作。,专业技术类 十一级,1,不限,硕士研究生以上,硕士及以上,,,法学（A0301）,40岁以下,,2年以上相关工作经历,取得法律职业资格证,,,笔试+面试（一般类）,,,,,市属,深圳市市场监督管理局,40岁以下；2年以上相关工作经历；取得法律职业资格证。,
SZ2025148E0072,2026-jizhong,深圳,深圳市标准技术研究院,国际标准化研究工程师,从事国际标准化研究相关工作。,专业技术类 十一级,1,不限,博士研究生,博士,,,中国语言文学（A0501）；外国语言文学（A0502）,40岁以下,,2年以上相关工作经历,,,,笔试+面试（一般类）,,,,,市属,深圳市市场监督管理局,40岁以下；2年以上相关工作经历。,
SZ2025148E0073,2026-jizhong,深圳,深圳市标准技术研究院,新兴产业国际标准化研究员,从事电子信息产业国际化研究相关工作。,专业技术类 十二级,1,不限,硕士研究生以上,硕士及以上,,,电子科学与技术（A0809）；信息与通信工程（A0810）,40岁以下,,,,,,笔试+面试（一般类）,,,,,市属,深圳市市场监督管理局,40岁以下,
SZ2025148E0075,2026-jizhong,深圳,深圳市大数据资源管理中心,云平台部项目管理工程师,从事项目管理、党务工作。,专业技术类 十三级,1,不限,硕士研究生以上,硕士及以上,,,计算机科学与技术（A0812）；软件工程（A0835）；计算机技术硕士（专业硕士）（A084004）；软件工程硕士（专业硕士）（A084005）；人工智能硕士（专业硕士）（A084010）；项目管理硕士（专业硕士）（A120104）,40岁以下,,具备2年以上相关工作经历,,,中共党员（含预备党员）,笔试+面试（一般类）,,,,,市属,深圳市政务服务和数据管理局,40岁以下；中共党员（含预备党员），具备2年以上相关工作经历。,
SZ2025148E0076,2026-jizhong,深圳,深圳市大数据资源管理中心,大数据部项目管理工程师,从事项目管理、党务工作。,专业技术类 十三级,1,不限,硕士研究生以上,硕士及以上,,,计算机科学与技术（A0812）；软件工程（A0835）；计算机技术硕士（专业硕士）（A084004）；软件工程硕士（专业硕士）（A084005）；人工智能硕士（专业硕士）（A084010）；项目管理硕士（专业硕士）（A120104）,40岁以下,,具有2年以上相关工作经历,,,中共党员（含预备党员）,笔试+面试（一般类）,,,,,市属,深圳市政务服务和数据管理局,40岁以下；中共党员（含预备党员），具有2年以上相关工作经历。,
SZ2025148E0077,2026-jizhong,深圳,深圳市民生诉求服务中心,研究分析部材料岗,从事民生诉求业务分析研判、类案治理、业务协同等相关工作。,管理类 九级,1,不限,硕士研究生以上,硕士及以上,,,统计学（部分）（A020208）；社会学（A0303）；数学（A0701）；统计学（部分）（A071401）；计算机科学与技术（A0812）；人工智能硕士（专业硕士）（A084010）；大数据技术与工程（专业硕士）（A084011）,40岁以下,,,,,,笔试+面试（一般类）,,,,,市属,深圳市政务服务和数据管理局,40岁以下,
SZ2025148E0033,2026-jizhong,深圳,深圳市公园管理中心,阳台山森林公园管理处技术员,从事公园安全生产管理工作。,专业技术类 十三级,1,不限,本科以上,学士及以上,,安全工程（B083001）；安全生产监管（B083004）,安全科学与工程（A0837）,40岁以下,,,,,,笔试+面试（一般类）,,,,,市属,深圳市城市管理和综合执法局,40岁以下,
SZ2025148E0034,2026-jizhong,深圳,深圳市公园管理中心,中部郊野公园群管理处技术员,从事公园植物保护、病虫害防治等工作。,专业技术类 十三级,1,不限,硕士研究生以上,硕士及以上,,,植物学（A071001）；植物保护（A0904）,40岁以下,,,,,,笔试+面试（一般类）,,,,,市属,深圳市城市管理和综合执法局,40岁以下,
SZ2025148E0035,2026-jizhong,深圳,深圳市公园管理中心,松子坑森林公园管理处技术员,从事公园风景园林规划设计工作。,专业技术类 十三级,1,不限,硕士研究生以上,硕士及以上,,,风景园林学（A0834）；园林植物与观赏园艺（A091206）,40岁以下,,,,,,笔试+面试（一般类）,,,,,市属,深圳市城市管理和综合执法局,40岁以下,
SZ2025148E0036,2026-jizhong,深圳,深圳市下坪环境园,植被构建养护及绿化管理,从事下坪环境园园区植被构建、养护、生态系统稳定维护等工作。,专业技术类 十三级,1,不限,本科,学士,,植物保护（B090103）；植物科学与技术（B090104）,,40岁以下,,具有2年以上相关工作经历,,,,笔试+面试（一般类）,,,,,市属,深圳市城市管理和综合执法局,40岁以下；具有2年以上相关工作经历,
SZ2025148E0037,2026-jizhong,深圳,深圳市市容景观事务中心,会计,从事项目可行性分析、预算编制等工作。,管理类 九级,1,不限,本科,学士,,经济学（B02）,,40岁以下,,具有2年以上相关工作经历,,,,笔试+面试（一般类）,,,,,市属,深圳市城市管理和综合执法局,40岁以下；具有2年以上相关工作经历。,
SZ2025148E0038,2026-jizhong,深圳,深圳市市容景观事务中心,法务,从事项目合同审查等工作。,管理类 九级,1,不限,本科,学士,,法学（B030101）；知识产权（B030102）；纪检监察（B030108）,,40岁以下,,具有2年以上相关工作经历,,,,笔试+面试（一般类）,,,,,市属,深圳市城市管理和综合执法局,40岁以下；具有2年以上相关工作经历。,
SZ2025148C0013,2026-jizhong,深圳,深圳市建筑工务署工程管理中心,财务管理,从事财务管理工作。,专业技术类 十一级,1,应届毕业生,硕士研究生以上,硕士及以上,,,财政学（含∶税收学）（A020203）；审计硕士（专业硕士）（A020218）；会计学（A120201）；会计硕士（专业硕士）（A120206）,40岁以下,,,,,,笔试+面试（一般类）,,,,,市属,深圳市建筑工务署,40岁以下,
SZ2025148C0014,2026-jizhong,深圳,深圳市建筑工务署工程管理中心,工程管理,从事政府工程建设电气暖通管理工作。,专业技术类 十一级,2,应届毕业生,硕士研究生以上,硕士及以上,,,机械制造及其自动化（A080201）；电气工程（A0808）；供热、供燃气、通风及空调工程（A081403）；电气工程硕士（专业硕士）（A084301）,40岁以下,,,,,,笔试+面试（一般类）,,,,,市属,深圳市建筑工务署,40岁以下,
SZ2025148C0015,2026-jizhong,深圳,深圳市建筑工务署工程管理中心,工程管理,从事政府工程建设管理工作。,专业技术类 十一级,3,应届毕业生,硕士研究生以上,硕士及以上,,,建筑学（A0813）；土木工程（A0814）；城乡规划学（A0833）；土木工程硕士（专业硕士）（A084401）,40岁以下,,,,,,笔试+面试（一般类）,,,,,市属,深圳市建筑工务署,40岁以下,
SZ2025148C0016,2026-jizhong,深圳,深圳市建筑工务署文体和水务工程管理中心,造价管理岗,从事政府工程建设造价管理工作。,专业技术类 十一级,2,应届毕业生,硕士研究生以上,硕士及以上,,,土木工程（A0814）；土木工程硕士（专业硕士）（A084401）；工程管理硕士（专业硕士）（A120102）；项目管理硕士（专业硕士）（A120104）,40岁以下,,,,,,笔试+面试（一般类）,,,,,市属,深圳市建筑工务署,40岁以下,
SZ2025148C0017,2026-jizhong,深圳,深圳市建筑工务署文体和水务工程管理中心,综合管理岗,从事党建、综合行政等工作。,管理类 九级,1,应届毕业生,硕士研究生以上,硕士及以上,,,哲学（A0101）；法学（A0301）；马克思主义理论（A0305）；中国语言文学（A0501）；新闻传播学（A0503）,40岁以下,,,,,中共党员（含预备党员）,笔试+面试（一般类）,,,,,市属,深圳市建筑工务署,40岁以下；中共党员（含预备党员）,
SZ2025148E0082,2026-jizhong,深圳,深圳市建筑工务署文体和水务工程管理中心,工程管理岗,从事政府工程建设电气暖通管理工作。,专业技术类 十一级,2,不限,硕士研究生以上,硕士及以上,,,机械制造及其自动化（A080201）；电气工程（A0808）；供热、供燃气、通风及空调工程（A081403）；电气工程硕士（专业硕士）（A084301）,40岁以下,,具有2年以上相关工作经历,,,,笔试+面试（一般类）,,,,,市属,深圳市建筑工务署,40岁以下；具有2年以上相关工作经历。,
SZ2025148E0083,2026-jizhong,深圳,深圳市国防教育训练保障基地,政工部管理十级干事,从事办文办会、文字材料、档案管理、党务、人事、单位国防教育宣传报道、训练中的政治工作等工作。,管理类 十级,1,不限,本科以上,学士及以上,,汉语言文学（B050101）；新闻学（B050301）；公共事业管理（B120401）；行政管理（B120402）,汉语言文字学（A050103）；新闻学（A050301）；公共管理（A1204）,40岁以下,,具有2年以上相关工作经历,,,中共党员（含预备党员）,笔试+面试（一般类）,,,,,市属,深圳警备区,40岁以下；中共党员（含预备党员）；具有2年以上相关工作经历。,
SZ2025148A0006,2026-jizhong,深圳,深圳市青少年活动中心,安全管理岗,从事物业管理、安全生产、设备管理等工作。,专业技术类 十二级,1,应届毕业生,本科以上,学士及以上,,电气类（B0806）；建筑类（B0810）；土木类（B0811）；管理科学与工程类（B1201）,电气工程（A0808）；建筑学（A0813）；土木工程（A0814）；管理科学与工程（A1201）,40岁以下,,,,,,笔试+面试（一般类）,,,,,市属,共青团深圳市委员会,40岁以下,
SZ2025148A0004,2026-jizhong,深圳,深圳科学技术馆,财务管理岗,从事财务管理、日常会计等工作。,管理类 九级,1,应届毕业生,硕士研究生以上,硕士及以上,,,审计硕士（专业硕士）（A020218）；会计学（A120201）；会计硕士（专业硕士）（A120206）,40岁以下,,,,,,笔试+面试（一般类）,,,,,市属,深圳市科学技术协会,40岁以下,
SZ2025148A0005,2026-jizhong,深圳,深圳科学技术馆,科普研究岗,从事科普政策研究，负责馆政合作、科普信息动态编写及综合管理工作。,专业技术类 十一级,2,应届毕业生,博士研究生,博士,,,教育学（A04）；理学（A07）；工学（A08）,40岁以下,,,,,,笔试+面试（一般类）,,,,,市属,深圳市科学技术协会,40岁以下,
FT2025025A0001,2026-jizhong,深圳,深圳市福田区纪检监察案件管理中心,纪检监察岗2,从事审查调查、监督检查等工作。,管理类 九级,1,应届毕业生,本科,学士,,法学类（B0301）,,40岁以下,,,,,中共党员（含预备党员）,笔试+面试（一般类）,,,,,福田区,中共深圳市福田区纪律检查委员会深圳市福田区监察委员会机关,40岁以下；中共党员（含预备党员）,
FT2025025A0002,2026-jizhong,深圳,深圳市福田区纪检监察案件管理中心,纪检监察岗,从事审查调查、监督检查等工作。,管理类 九级,2,应届毕业生,本科,学士,,侦查学（B030602）；经济犯罪侦查（B030606）；公安情报学（B030610）；犯罪学（B030611）,,40岁以下,,,,,中共党员（含预备党员）,笔试+面试（一般类）,,,,,福田区,中共深圳市福田区纪律检查委员会深圳市福田区监察委员会机关,40岁以下；中共党员（含预备党员）,
FT2025025A0003,2026-jizhong,深圳,深圳市福田区统战事务中心,综合管理岗,从事新媒体运营、智慧统战系统维护管理、统一战线代表人士联络服务等工作。,管理类 九级,1,应届毕业生,硕士研究生以上,硕士及以上,,,电子科学与技术（A0809）；信息与通信工程（A0810）；控制科学与工程（A0811）；计算机科学与技术（A0812）,40岁以下,,,,,,笔试+面试（一般类）,,,,,福田区,中共深圳市福田区委统一战线工作部,40岁以下,
FT2025025A0004,2026-jizhong,深圳,深圳市福田区沙头街道党群服务中心,综合事务岗,从事辖区统计、数据处理等工作。,管理类 九级,1,应届毕业生,本科以上,学士及以上,,数学类（B0701）；统计学类（B0711）；电子信息类（B0807）；计算机类（B0809）；管理科学与工程类（B1201）,数学（A0701）；统计学（A0714）；电子科学与技术（A0809）；信息与通信工程（A0810）；计算机科学与技术（A0812）；管理科学与工程（A1201）,40岁以下,,,,,,笔试+面试（一般类）,,,,,福田区,深圳市福田区沙头街道办事处,40岁以下,
FT2025025A0005,2026-jizhong,深圳,深圳市福田区华强北街道综合事务中心,社区管理岗,从事辖区社区建设、管理、宣传等工作。,管理类 九级,1,应届毕业生,硕士研究生,硕士,,,城乡规划学（A0833）；设计学（A1305）,40岁以下,,,,,,笔试+面试（一般类）,,,,,福田区,深圳市福田区华强北街道办事处,40岁以下,
FT2025025A0006,2026-jizhong,深圳,深圳市福田区华强北街道综合事务中心,规划设计岗,从事辖区城市管理、生态环境保护智能化等工作。,管理类 九级,1,应届毕业生,本科,学士,,电子信息类（B0807）；林学类（B0905）,,40岁以下,,,,,,笔试+面试（一般类）,,,,,福田区,深圳市福田区华强北街道办事处,40岁以下,
FT2025025A0007,2026-jizhong,深圳,中共深圳市福田区委党校,教学科研岗,从事党的经济理论研究、教学等工作。,专业技术类 十一级,1,应届毕业生,硕士研究生以上,硕士及以上,,,政治经济学（A020101）；世界经济（A020105）；国民经济学（A020201）；区域经济学（A020202）；财政学（含∶税收学）（A020203）；金融学（含∶保险学）（A020204）；产业经济学（A020205）；国际贸易学（A020206）；统计学（部分）（A020208）；数量经济学（A020209）；精算学（A020211）,40岁以下,,,,,中共党员（含预备党员）,笔试+面试（一般类）,,,,,福田区,中共深圳市福田区委党校,40岁以下；中共党员（含预备党员）,
FT2025025A0008,2026-jizhong,深圳,深圳市福田区残疾人综合服务中心,综合管理岗,从事残疾人服务综合管理等工作。,管理类 九级,1,应届毕业生,硕士研究生以上,硕士及以上,,,哲学（A0101）；法学（A0301）；政治学（A0302）；社会学（A0303）；民族学（A0304）；马克思主义理论（A0305）；心理学（A0402）；中国语言文学（A0501）；新闻传播学（A0503）；历史学（A0601）；管理学（A12）,40岁以下,,,,,,笔试+面试（一般类）,,,,,福田区,深圳市福田区残疾人联合会,40岁以下,
FT2025025C0001,2026-jizhong,深圳,深圳市福田区疾病预防控制中心,党建人事岗,从事党建、干部人事等工作。,专业技术类 十一级,1,应届毕业生,硕士研究生,硕士,,,马克思主义哲学（A010101）；政治学（A0302）；马克思主义理论（A0305）；中国语言文学（A0501）；新闻与传播硕士（专业硕士）（A050303）；公共管理（A1204）,40岁以下,,,,,中共党员（含预备党员）,笔试+面试（一般类）,,,,,福田区,深圳市福田区卫生健康局,40岁以下；中共党员（含预备党员）,
FT2025025C0002,2026-jizhong,深圳,深圳市福田区疾病预防控制中心,传染病防控岗,从事传染性疾病防控等工作。,专业技术类 十一级,3,应届毕业生,硕士研究生,硕士,,,流行病与卫生统计学（A100401）；公共卫生硕士（专业硕士）（A100407）,40岁以下,,,,,,笔试+面试（一般类）,,,,,福田区,深圳市福田区卫生健康局,40岁以下,
FT2025025C0003,2026-jizhong,深圳,深圳市福田区社区健康服务管理中心,培训业务管理岗,从事基层卫生人才培养管理等工作。,专业技术类 十一级,1,应届毕业生,硕士研究生以上,硕士及以上,,,临床医学（A1002）；公共卫生与预防医学（A1004）,40岁以下,,,,,,笔试+面试（一般类）,,,,,福田区,深圳市福田区卫生健康局,40岁以下,
FT2025025C0004,2026-jizhong,深圳,深圳市福田区社区健康服务管理中心,社康业务管理岗,从事社康业务管理等工作。,专业技术类 十一级,1,应届毕业生,硕士研究生以上,硕士及以上,,,临床医学（A1002）；公共卫生与预防医学（A1004）,40岁以下,,,,,,笔试+面试（一般类）,,,,,福田区,深圳市福田区卫生健康局,40岁以下,
FT2025025C0005,2026-jizhong,深圳,深圳市福田区人力资源综合事务中心,信息系统维护岗,从事信息系统建设、管理、维护等工作。,管理类 九级,1,应届毕业生,本科以上,学士及以上,,电子信息类（B0807）；计算机类（B0809）,光学工程（A0803）；电子科学与技术（A0809）；信息与通信工程（A0810）；计算机科学与技术（A0812）；软件工程（A0835）；网络空间安全（A0839）；电子信息（A0840）,40岁以下,,,,,,笔试+面试（一般类）,,,,,福田区,深圳市福田区人力资源局,40岁以下,
FT2025025C0006,2026-jizhong,深圳,深圳市福田区国库支付中心,系统运维岗,从事财务系统数据治理、日常运维保障等工作。,管理类 九级,1,应届毕业生,硕士研究生以上,硕士及以上,,,计算机科学与技术（A0812）；软件工程（A083501）；网络空间安全（A0839）；计算机技术硕士（专业硕士）（A084004）；软件工程硕士（专业硕士）（A084005）；大数据技术与工程（专业硕士）（A084011）；网络与信息安全硕士（专业硕士）（A084012）,40岁以下,,,,,,笔试+面试（一般类）,,,,,福田区,深圳市福田区国库支付中心,40岁以下,
FT2025025E0001,2026-jizhong,深圳,深圳市福田区华富街道公共卫生中心,公共卫生岗,从事辖区公共卫生等工作。,专业技术类 十三级,1,不限,本科以上,学士及以上,,预防医学（B100701）；卫生监督（B100704）,流行病与卫生统计学（A100401）；劳动卫生与环境卫生学（A100402）；公共卫生硕士（专业硕士）（A100407）,40岁以下,,,,,,笔试+面试（一般类）,,,,,福田区,深圳市福田区华富街道办事处,40岁以下,
FT2025025E0002,2026-jizhong,深圳,深圳市福田区福保街道公共事务中心,企业服务岗,从事辖区企业服务、园区运营等工作。,管理类 九级,1,不限,本科以上,学士及以上,,经济学类（B0201）,应用经济学（A0202）,40岁以下,,,,,,笔试+面试（一般类）,,,,,福田区,深圳市福田区福保街道办事处,40岁以下,
FT2025027E0001,2026-jizhong,深圳,深圳市福田区人大常委会基层立法联系点服务中心,综合管理岗,从事立法联系点综合管理等工作。,管理类 九级,2,不限,本科,学士,,法学类（B0301）；社会学类（B0303）；中国语言文学类（B0501）,,40岁以下,,,,,,笔试+面试（一般类）,,,,,福田区,深圳市福田区人大办公室,40岁以下,
FT2025027E0002,2026-jizhong,深圳,深圳市福田区人大常委会基层立法联系点服务中心,立法征询岗,从事立法征询、活动策划、信息化建设等工作。,管理类 九级,1,不限,本科,学士,,经济学类（B0201）；经济与贸易类（B0204）；电子信息类（B0807）；公共管理类（B1204）,,40岁以下,,,,,,笔试+面试（一般类）,,,,,福田区,深圳市福田区人大办公室,40岁以下,
FT2025027E0003,2026-jizhong,深圳,深圳市福田区人大常委会基层立法联系点服务中心,理论研究岗,从事立法联系点调查研究等工作。,管理类 九级,1,不限,硕士研究生以上,硕士及以上,,,法学（A0301）；中国语言文学（A0501）,40岁以下,,,,,,笔试+面试（一般类）,,,,,福田区,深圳市福田区人大办公室,40岁以下,
FT2025027E0004,2026-jizhong,深圳,深圳市福田区卫生系统财务管理中心,财务管理岗,从事区属医疗卫生单位财务等工作。,专业技术类 十级,1,不限,硕士研究生以上,硕士及以上,,,财政学（含∶税收学）（A020203）；税务硕士（专业硕士）（A020214）；审计硕士（专业硕士）（A020218）；会计学（A120201）；会计硕士（专业硕士）（A120206）,40岁以下,,2年以上相关工作经历,,会计师,,笔试+面试（一般类）,,,,,福田区,深圳市福田区卫生健康局,40岁以下；2年以上相关工作经历,
FT2025025E0003,2026-jizhong,深圳,深圳市福田区退役军人服务中心,综合管理岗,从事综合管理、信息宣传等工作。,管理类 九级,1,不限,本科以上,学士及以上,,法学（B030101）；新闻学（B050301）；计算机科学与技术（B080901）,宪法学与行政法学（A030103）；诉讼法学（A030106）；新闻学（A050301）；新闻与传播硕士（专业硕士）（A050303）；计算机应用技术（A081203）,40岁以下,,2年以上相关工作经历,,,,笔试+面试（一般类）,,,,,福田区,深圳市福田区退役军人事务局,40岁以下；2年以上相关工作经历,
FT2025025E0004,2026-jizhong,深圳,深圳市福田区图书馆,阅读推广岗,从事儿童美育、阅读推广等工作。,专业技术类 十一级,1,不限,硕士研究生以上,硕士及以上,,,新闻传播学（A0503）,40岁以下,,2年以上相关工作经历,,,,笔试+面试（一般类）,,,,,福田区,深圳市福田区文化广电旅游体育局,40岁以下；2年以上相关工作经历,
FT2025025E0005,2026-jizhong,深圳,深圳市福田区少年业余体育学校,竞训综合岗,从事青少年运动员运动训练指导、管理、选材辅助及赛事后勤保障等工作。,专业技术类 十三级,1,不限,本科,学士,,运动训练（B040202）；武术与民族传统体育（B040204）；体能训练（B040208）,,40岁以下,,2年以上相关工作经历,,,,笔试+面试（一般类）,,,,,福田区,深圳市福田区文化广电旅游体育局,40岁以下；2年以上相关工作经历,
FT2025025E0006,2026-jizhong,深圳,深圳市福田区水务综合事务中心,规划设计岗,从事项目前期规划设计等工作。,专业技术类 十一级,1,不限,硕士研究生以上,硕士及以上,,,城乡规划学（A0833）；安全科学与工程（A0837）,40岁以下,,2年以上相关工作经历,,工程师,,笔试+面试（一般类）,,,,,福田区,深圳市福田区水务局,40岁以下；2年以上相关工作经历,
FT2025025E0008,2026-jizhong,深圳,深圳市福田区城市管理综合事务中心,财务报账岗,从事财务、会计等工作。,专业技术类 十三级,1,不限,本科以上,学士及以上,,经济学类（B0201）；财政学类（B0202）；金融学类（B0203）；会计学（B120203）；财务管理（B120204）；审计学（B120207）,理论经济学（A0201）；应用经济学（A0202）；会计学（A120201）；会计硕士（专业硕士）（A120206）,40岁以下,,2年以上相关工作经历,,会计师,,笔试+面试（一般类）,,,,,福田区,深圳市福田区城市管理和综合执法局,40岁以下；2年以上相关工作经历,
FT2025025E0009,2026-jizhong,深圳,深圳市福田区城市管理综合事务中心,工程运维岗,从事景观照明工程管理、景观照明和水景项目运营维护管理等工作。,管理类 九级,1,不限,硕士研究生以上,硕士及以上,,,电气工程（A0808）,40岁以下,,2年以上相关工作经历,,,,笔试+面试（一般类）,,,,,福田区,深圳市福田区城市管理和综合执法局,40岁以下；2年以上相关工作经历,
FT2025025E0010,2026-jizhong,深圳,深圳市福田区建设工程质量安全中心,行政综合岗,从事人事、档案及综合行政管理等工作。,专业技术类 十三级,1,不限,本科以上,学士及以上,,法学类（B0301）；计算机类（B0809）；人力资源管理（B120206）,法学（A0301）；计算机科学与技术（A0812）；企业管理（含：财务管理、市场营销、人力资源管理）（A120202）,40岁以下,,,,,,笔试+面试（一般类）,,,,,福田区,深圳市福田区住房和建设局,40岁以下,
FT2025025E0011,2026-jizhong,深圳,深圳市福田区人力资源综合事务中心,综合管理岗,从事档案管理、资产管理、审计核算、纠纷调处及心理疏导等工作。,管理类 九级,1,不限,本科以上,学士及以上,,法学类（B0301）；应用心理学（B071202）；环境工程（B082602）；工商管理（B120201）；会计学（B120203）；图书情报与档案管理类（B1205）,法学（A0301）；应用心理学（A040203）；应用心理硕士（专业硕士）（A040204）；环境工程（A083002）；环境工程硕士（专业硕士）（A084201）；会计学（A120201）；工商管理硕士（专业硕士）（A120205）；会计硕士（专业硕士）（A120206）；图书情报与档案管理（A1205）,40岁以下,,,,,,笔试+面试（一般类）,,,,,福田区,深圳市福田区人力资源局,40岁以下,
FT2025025E0012,2026-jizhong,深圳,深圳市福田区机关服务保障中心,综合管理岗,从事综合管理、统筹协调、后勤保障等工作。,管理类 九级,1,不限,硕士研究生以上,硕士及以上,,,行政管理（A120401）；公共管理硕士（专业硕士）（A120406）,40岁以下,,2年以上相关工作经历,,,,笔试+面试（一般类）,,,,,福田区,深圳市福田区机关事务管理局,40岁以下；2年以上相关工作经历,
FT2025025E0013,2026-jizhong,深圳,深圳市福田区机关服务保障中心,物业管理岗,从事节能改造、能源管理与监控、物业服务管理等工作。,管理类 九级,1,不限,本科以上,学士及以上,,材料科学与工程（B080401）；可持续能源（B080507）；环境科学与工程（B082601）,材料科学与工程（A0805）；环境科学与工程（A0830）,40岁以下,,2年以上相关工作经历,,,,笔试+面试（一般类）,,,,,福田区,深圳市福田区机关事务管理局,40岁以下；2年以上相关工作经历,
FT2025025E0014,2026-jizhong,深圳,深圳市福田区政府物业管理中心,法务岗,从事合同法审、处理法律纠纷等工作。,管理类 九级,1,不限,本科以上,学士及以上,,法学类（B0301）,法学（A0301）,40岁以下,,2年以上相关工作经历,需持有法律职业资格证书,,,笔试+面试（一般类）,,,,,福田区,深圳市福田区政府物业管理中心,40岁以下；需持有法律职业资格证书，2年以上相关工作经历,
FT2025025E0015,2026-jizhong,深圳,深圳市福田区政府物业管理中心,财务岗,从事资产账务登记和台账管理、制订财务制度、预算编制和执行等工作。,管理类 九级,1,不限,本科以上,学士及以上,,经济统计学（B020102）；财政学（B020201）；会计学（B120203）；财务管理（B120204）,税务硕士（专业硕士）（A020214）；审计硕士（专业硕士）（A020218）；会计学（A120201）；会计硕士（专业硕士）（A120206）,40岁以下,,2年以上相关工作经历,,,,笔试+面试（一般类）,,,,,福田区,深圳市福田区政府物业管理中心,40岁以下；2年以上相关工作经历,
FT2025025E0016,2026-jizhong,深圳,深圳市福田区重点片区建设发展中心,招商运营岗,从事综合管理、活动策划、项目推进及外商服务等工作。,管理类 九级,1,不限,硕士研究生以上,硕士及以上,,,经济学（A02）；经济法学（A030107）；国际法学（含：国际公法、国际私法、国际经济法）（A030109）；法律（法学）（A030112）；国际关系（A030206）；外交学（A030207）；中国语言文学（A0501）；新闻传播学（A0503）,40岁以下,,,,,,笔试+面试（一般类）,,,,,福田区,深圳市福田区重点片区建设发展中心,40岁以下,
LH2025011A0004,2026-jizhong,深圳,深圳市罗湖区廉洁建设保障促进中心,业务部门岗位,从事纪检监察等工作。,管理类 九级,2,应届毕业生,本科,学士,,纪检监察(B030108)；侦查学(B030602)；经济犯罪侦查(B030606),,40岁以下,,,,,中共党员（含预备党员）,笔试+面试（一般类）,,,,,罗湖区,中国共产党深圳市罗湖区纪律检查委员会,"1.40岁以下；
2.中共党员（含预备党员）。",
LH2025011A0005,2026-jizhong,深圳,深圳市罗湖区廉洁建设保障促进中心,综合部门岗位,从事智慧监督、信息技术等工作。,管理类 九级,1,应届毕业生,本科以上,学士及以上,,计算机科学与技术(B080901)；软件工程(B080902),计算机软件与理论(A081202)；计算机应用技术(A081203)；软件工程(A0835)；软件工程硕士（专业硕士）（A084005）,40岁以下,,,,,中共党员（含预备党员）,笔试+面试（一般类）,,,,,罗湖区,中国共产党深圳市罗湖区纪律检查委员会,"1.40岁以下；
2.中共党员（含预备党员）。",
LH2025011E0003,2026-jizhong,深圳,深圳市罗湖区廉洁建设保障促进中心,综合部门岗位,从事纪检监察信息化系统建设、研发等工作。,管理类 九级,1,不限,本科以上,学士及以上,,计算机科学与技术(B080901)；软件工程(B080902),计算机软件与理论(A081202)；计算机应用技术(A081203)；软件工程(A0835)；软件工程硕士（专业硕士）（A084005）,40岁以下,,具有2年以上相关工作经历,,,中共党员（含预备党员）,笔试+面试（一般类）,,,,,罗湖区,中国共产党深圳市罗湖区纪律检查委员会,"1.40岁以下；
2.中共党员（含预备党员）；3.具有2年以上相关工作经历。",
LH2025011A0002,2026-jizhong,深圳,深圳市罗湖区党建调研宣教中心,综合部门岗位,从事党建引领高质量发展调查研究、智慧党建、基础党建等工作。,管理类 九级,1,应届毕业生,本科以上,学士及以上,,经济学(B020101)；经济统计学(B020102),国民经济学(A020201)；区域经济学(A020202),40岁以下,,,,,中共党员（含预备党员）,笔试+面试（一般类）,,,,,罗湖区,中共深圳市罗湖区委组织部,"1.40岁以下；
2.中共党员（含预备党员）。",
LH2025011A0001,2026-jizhong,深圳,深圳市罗湖区老干部活动中心,综合部岗位,从事信息化建设、场地运维、党建宣传等工作。,管理类 九级,1,应届毕业生,本科以上,学士及以上,,数学与应用数学(B070101)；计算机科学与技术(B080901),数学(A0701)；计算机科学与技术(A0812),40岁以下,,,,,中共党员（含预备党员）,笔试+面试（一般类）,,,,,罗湖区,中共深圳市罗湖区委组织部,"1.40岁以下；
2.中共党员（含预备党员）。",
LH2025011A0003,2026-jizhong,深圳,深圳市罗湖区社会治安综合治理中心,综合部门岗位,从事保密、纪检监察、社会治安综合治理等工作。,管理类 九级,2,应届毕业生,本科以上,学士及以上,,法学(B03),法学(A03),40岁以下,,,,,中共党员（含预备党员）,笔试+面试（一般类）,,,,,罗湖区,中共深圳市罗湖区委政法委员会,"1.40岁以下；
2.中共党员（含预备党员）。",
LH2025011E0001,2026-jizhong,深圳,深圳市罗湖区社会治安综合治理中心,综合部门岗位,从事组织人事、综合服务管理等工作。,管理类 九级,1,不限,本科以上,学士及以上,,工商管理类(B1202)；公共管理类(B1204),工商管理(A1202)；公共管理(A1204),40岁以下,,,,,中共党员（含预备党员）,笔试+面试（一般类）,,,,,罗湖区,中共深圳市罗湖区委政法委员会,"1.40岁以下；
2.中共党员（含预备党员）。",
LH2025011E0002,2026-jizhong,深圳,深圳市罗湖区社会治安综合治理中心,综合部门岗位,从事党务、信息技术等工作。,管理类 九级,1,不限,本科以上,学士及以上,,工学(B08),工学(A08),40岁以下,,,,,中共党员（含预备党员）,笔试+面试（一般类）,,,,,罗湖区,中共深圳市罗湖区委政法委员会,"1.40岁以下；
2.中共党员（含预备党员）。",
LH2025011C0013,2026-jizhong,深圳,深圳市罗湖区重点片区发展中心,投资战略部岗位,从事重点片区开发建设等工作。,专业技术类 十二级,1,应届毕业生,本科以上,学士及以上,,建筑类(B0810)；土木类(B0811),建筑学(A0813)；土木工程(A0814)；城乡规划学(A0833)；土木工程硕士（专业硕士）(A084401),40岁以下,,,,,,笔试+面试（一般类）,,,,,罗湖区,深圳市罗湖区发展和改革局,40岁以下。,
LH2025011C0012,2026-jizhong,深圳,深圳市罗湖区重点片区发展中心,创新政策部岗位,从事重点片区战略性新兴产业和未来产业发展研究等工作。,专业技术类 十二级,1,应届毕业生,本科以上,学士及以上,,生物科学类(B0710)；能源动力类(B0805)；电气类(B0806)；自动化类(B0808)；计算机类(B0809)；海洋工程类(B0820)；航空航天类(B0821),动力工程及工程热物理(A0807)；电气工程(A0808)；控制科学与工程(A0811)；计算机科学与技术(A0812)；船舶与海洋工程（A0824）；航空宇航科学与技术(A0825)；生物与医药(A0845),40岁以下,,,,,,笔试+面试（一般类）,,,,,罗湖区,深圳市罗湖区发展和改革局,40岁以下。,
LH2025011E0004,2026-jizhong,深圳,深圳市罗湖区公共就业促进中心,综合部岗位,从事人力资源发展、就业平台的建设与维护及信息化建设、法律事务审查等工作。,管理类 九级,1,不限,本科以上,学士及以上,,法学(B03)；工学(B08),法学(A03)；工学(A08),40岁以下,,,,,,笔试+面试（一般类）,,,,,罗湖区,深圳市罗湖区人力资源局,40岁以下。,
LH2025011E0006,2026-jizhong,深圳,深圳市罗湖区造价管理站,业务部门岗位,从事建设工程（土建）造价审核等工作。,专业技术类 十二级,1,不限,本科以上,学士及以上,,工学(B08)；管理科学与工程类(B1201),工学(A08)；管理科学与工程(A1201),40岁以下,,具有2年以上相关工作经历,,,,笔试+面试（一般类）,,,具备一级或二级造价工程师（土建）,,罗湖区,深圳市罗湖区住房和建设局,"1.40岁以下；
2.具有2年以上相关工作经历；
3.具备一级或二级造价工程师（土建）。",
LH2025011E0005,2026-jizhong,深圳,深圳市罗湖区造价管理站,业务部门岗位,从事建设工程（安装）造价审核等工作。,专业技术类 十二级,1,不限,本科以上,学士及以上,,工学(B08)；管理科学与工程类(B1201),工学(A08)；管理科学与工程(A1201),40岁以下,,具有2年以上相关工作经历,,,,笔试+面试（一般类）,,,具备一级或二级造价工程师（安装）,,罗湖区,深圳市罗湖区住房和建设局,"1.40岁以下；
2.具有2年以上相关工作经历；
3.具备一级或二级造价工程师（安装）。",
LH2025011C0001,2026-jizhong,深圳,深圳市罗湖区水务建设与管理中心,规划技术部岗位,从事水务工程管理、组织人事、纪检等工作。,管理类 九级,1,应届毕业生,本科以上,学士及以上,,土木类(B0811)；水利类(B0812),土木工程(A0814)；水利工程(A0815)；土木水利(A0844),40岁以下,,,,,中共党员（含预备党员）,笔试+面试（一般类）,,,,,罗湖区,深圳市罗湖区水务局,"1.40岁以下；
2.中共党员（含预备党员）。",
LH2025011C0010,2026-jizhong,深圳,深圳市罗湖区文化馆,业务部门岗位,从事文化产业、组织人事等工作。,专业技术类 十二级,1,应届毕业生,本科,学士,,文化产业管理(B120210)；视觉传达设计(B130502)；数字媒体艺术(B130508)；艺术与科技(B130509)；新媒体艺术(B130510),,40岁以下,,,,,中共党员（含预备党员）,笔试+面试（一般类）,,,,,罗湖区,深圳市罗湖区文化广电旅游体育局,"1.40岁以下；
2.中共党员（含预备党员）。",
LH2025011C0011,2026-jizhong,深圳,深圳市罗湖区公共体育促进中心,业务部门岗位,从事体育产业、党建等工作。,专业技术类 十二级,1,应届毕业生,本科,学士,,电子竞技运动与管理(B040210)；体育旅游(B040212)；体育经济与管理(B120212),,40岁以下,,,,,中共党员（含预备党员）,笔试+面试（一般类）,,,,,罗湖区,深圳市罗湖区文化广电旅游体育局,"1.40岁以下；
2.中共党员（含预备党员）。",
LH2025011C0005,2026-jizhong,深圳,深圳市罗湖区疾病预防控制中心,传染病防制科岗位,从事疾病预防控制等工作。,专业技术类 十一级,1,应届毕业生,博士研究生,博士,,,流行病与卫生统计学(A100401)；劳动卫生与环境卫生学(A100402),40岁以下,,,,,,笔试+面试（一般类）,,,,,罗湖区,深圳市罗湖区卫生健康局,40岁以下。,
LH2025011C0009,2026-jizhong,深圳,深圳市罗湖区疾病预防控制中心,公共卫生科岗位,从事疾病预防控制等工作。,专业技术类 十二级,1,应届毕业生,硕士研究生,硕士,,,流行病与卫生统计学(A100401)；公共卫生硕士（专业硕士）(A100407),40岁以下,,,,,,笔试+面试（一般类）,,,,,罗湖区,深圳市罗湖区卫生健康局,40岁以下。,
LH2025011C0007,2026-jizhong,深圳,深圳市罗湖区疾病预防控制中心,办公室岗位,从事卫生监督、党务管理等工作。,专业技术类 十三级,1,应届毕业生,本科以上,学士及以上,,公共卫生与预防医学类(B1007),流行病与卫生统计学(A100401)；公共卫生硕士（专业硕士）(A100407),40岁以下,,,,,中共党员（含预备党员）,笔试+面试（一般类）,,,,,罗湖区,深圳市罗湖区卫生健康局,"1.40岁以下；
2.中共党员（含预备党员）。",
LH2025011C0006,2026-jizhong,深圳,深圳市罗湖区疾病预防控制中心,消毒与病媒生物预防控制科岗位,从事疾病预防控制等工作。,专业技术类 十二级,1,应届毕业生,硕士研究生,硕士,,,流行病与卫生统计学(A100401)；公共卫生硕士（专业硕士）(A100407),40岁以下,,,,,,笔试+面试（一般类）,,,,,罗湖区,深圳市罗湖区卫生健康局,40岁以下。,
LH2025011C0008,2026-jizhong,深圳,深圳市罗湖区疾病预防控制中心,微生物检验科岗位,从事疾病预防控制等工作。,专业技术类 十三级,1,应届毕业生,本科以上,学士及以上,,医学检验技术(B100401)；卫生检验与检疫(B100407),微生物学(A071005)；病原生物学(A100103),40岁以下,,,,,,笔试+面试（一般类）,,,,,罗湖区,深圳市罗湖区卫生健康局,40岁以下。,
LH2025011C0014,2026-jizhong,深圳,深圳市大望学校,中小学会计岗位,从事财务会计、人事等工作。,专业技术类 十一级,1,应届毕业生,硕士研究生,硕士,,,审计硕士（专业硕士）(A020218)；会计学(A120201)；会计硕士（专业硕士）(A120206),40岁以下,,,,助理会计师（会计初级资格）,中共党员（含预备党员）,笔试+面试（一般类）,,,,,罗湖区,深圳市罗湖区教育局,"1.40岁以下；
2.中共党员（含预备党员）。",
LH2025011C0004,2026-jizhong,深圳,深圳市罗湖区城市管理综合服务中心,综合服务部岗位,从事法制审核、党务等工作。,管理类 九级,1,应届毕业生,本科以上,学士及以上,,法学类(B0301),法学(A0301),40岁以下,,,,,中共党员（含预备党员）,笔试+面试（一般类）,,,,,罗湖区,深圳市罗湖区城市管理和综合执法局,"1.40岁以下；
2.中共党员（含预备党员）。",
LH2025011C0003,2026-jizhong,深圳,深圳市罗湖区城市管理综合服务中心,东湖公园管理处岗位,从事公园旅游开发、市场化运营等工作。,管理类 九级,1,应届毕业生,本科以上,学士及以上,,旅游管理类(B1209),旅游管理(A120203)；技术经济及管理(A120204)；旅游管理硕士（专业硕士）(A120207),40岁以下,,,,,,笔试+面试（一般类）,,,,,罗湖区,深圳市罗湖区城市管理和综合执法局,40岁以下。,
LH2025011C0002,2026-jizhong,深圳,深圳市罗湖区城市管理综合服务中心,东湖公园管理处岗位,从事公园绿化管理等工作。,管理类 九级,1,应届毕业生,本科以上,学士及以上,,林学类(B0905),林学(A0912),40岁以下,,,,,,笔试+面试（一般类）,,,,,罗湖区,深圳市罗湖区城市管理和综合执法局,40岁以下。,
LH2025011A0008,2026-jizhong,深圳,深圳市罗湖区发展研究中心,经济发展部岗位,从事党的政策理论收集分析、经济运行分析研究、党建、保密、综合文稿起草等工作。,管理类 九级,1,应届毕业生,硕士研究生,硕士,,,经济学(A02)；计算机科学与技术(A0812)；城乡规划学(A0833)；工商管理(A1202),40岁以下,,,,,中共党员（含预备党员）,笔试+面试（一般类）,,,,,罗湖区,深圳市罗湖区发展研究中心,"1.40岁以下；
2.中共党员（含预备党员）。",
LH2025011A0009,2026-jizhong,深圳,深圳市罗湖区发展研究中心,产业促进与社会发展部岗位,从事党的政策理论收集分析、社会及产业研究谋划、党建、保密、综合文稿起草等工作。,管理类 九级,1,应届毕业生,硕士研究生,硕士,,,经济学(A02)；社会学(A0303)；统计学(A0714)；城乡规划学(A0833)；工商管理(A1202)；公共管理(A1204),40岁以下,,,,,中共党员（含预备党员）,笔试+面试（一般类）,,,,,罗湖区,深圳市罗湖区发展研究中心,"1.40岁以下；
2.中共党员（含预备党员）。",
LH2025011C0017,2026-jizhong,深圳,深圳市罗湖区企业服务中心,综合部岗位,从事法务、党建人事等工作。,管理类 九级,1,应届毕业生,硕士研究生,硕士,,,法学(A0301),40岁以下,,,具有法律职业资格,,中共党员（含预备党员）,笔试+面试（一般类）,,,,,罗湖区,深圳市罗湖区企业服务中心,"1.40岁以下；
2.中共党员（含预备党员）。3.具有法律职业资格",
LH2025011C0018,2026-jizhong,深圳,深圳市罗湖区企业服务中心,重点企业服务部岗位,从事企业服务与产业政策研究、党建宣传等工作。,管理类 九级,1,应届毕业生,硕士研究生,硕士,,,金融学（含∶保险学）(A020204)；产业经济学(A020205)；金融硕士（专业硕士）(A020212),40岁以下,,,,,中共党员（含预备党员）,笔试+面试（一般类）,,,,,罗湖区,深圳市罗湖区企业服务中心,"1.40岁以下；
2.中共党员（含预备党员）。",
LH2025011E0008,2026-jizhong,深圳,深圳市罗湖区企业服务中心,重点企业服务部岗位,从事上市企业服务、党建宣传等工作。,管理类 九级,1,不限,硕士研究生,硕士,,,金融学（含∶保险学）(A020204)；产业经济学(A020205)；金融硕士（专业硕士）(A020212),40岁以下,,具有2年以上相关工作经历,,,中共党员（含预备党员）,笔试+面试（一般类）,,,,,罗湖区,深圳市罗湖区企业服务中心,"1.40岁以下；
2.中共党员（含预备党员）；3.具有2年以上相关工作经历。",
LH2025011E0007,2026-jizhong,深圳,深圳市罗湖区企业服务中心,服务统筹部岗位,从事企业服务相关工作、党建宣传等工作。,管理类 九级,1,不限,硕士研究生,硕士,,,应用经济学(A0202)；工商管理(A1202),40岁以下,,具有2年以上相关工作经历,,,中共党员（含预备党员）,笔试+面试（一般类）,,,,,罗湖区,深圳市罗湖区企业服务中心,"1.40岁以下；
2.中共党员（含预备党员）；3.具有2年以上相关工作经历。",
LH2025011C0016,2026-jizhong,深圳,深圳市罗湖区建筑工务署,项目管理部岗位,从事工程管理、安全生产、防灾减灾、信访调处、保密等工作。,专业技术类 十二级,3,应届毕业生,硕士研究生,硕士,,,土木工程(A0814)；土木工程硕士（专业硕士）(A084401),40岁以下,,,,,中共党员（含预备党员）,笔试+面试（一般类）,,,,,罗湖区,深圳市罗湖区建筑工务署,"1.40岁以下；
2.中共党员（含预备党员）。",
LH2025011C0015,2026-jizhong,深圳,深圳市罗湖区建筑工务署,综合部岗位,从事综合法务审查、综合材料起草、法治宣传教育、组织人事等工作。,管理类 九级,1,应届毕业生,硕士研究生,硕士,,,法学(A0301),40岁以下,,,,,中共党员（含预备党员）,笔试+面试（一般类）,,,,,罗湖区,深圳市罗湖区建筑工务署,"1.40岁以下；
2.中共党员（含预备党员）。",
LH2025011A0006,2026-jizhong,深圳,深圳市罗湖区黄贝街道公共事务中心,政务服务部岗位,从事党政综合、档案管理、财务等工作。,管理类 九级,1,应届毕业生,本科以上,学士及以上,,会计学(B120203)；财务管理(B120204)；审计学(B120207),审计硕士（专业硕士）(A020218)；会计学(A120201)；会计硕士（专业硕士）(A120206),40岁以下,,,,,中共党员（含预备党员）,笔试+面试（一般类）,,,,,罗湖区,深圳市罗湖区黄贝街道办事处,"1.40岁以下；
2.中共党员（含预备党员）。",
LH2025011A0007,2026-jizhong,深圳,深圳市罗湖区东门步行街服务中心,业务部门岗位,从事步行街区建设、党务人事等工作。,管理类 九级,1,应届毕业生,本科以上,学士及以上,,经济学(B02)；通信工程(B080703)；信息工程(B080706)；人工智能(B080717)；计算机类(B0809),经济学(A02)；计算机科学与技术(A0812),40岁以下,,,,,中共党员（含预备党员）,笔试+面试（一般类）,,,,,罗湖区,深圳市罗湖区东门街道办事处,"1.40岁以下；
2.中共党员（含预备党员）。",
YT2025008C0001,2026-jizhong,深圳,深圳市盐田区疾病预防控制中心,公卫医师,从事流行病学调查或职业卫生工作。,专业技术类 十一级,1,应届毕业生,硕士研究生以上,硕士及以上,,,流行病与卫生统计学（A100401）；劳动卫生与环境卫生学（A100402）,43岁以下,,,,,,笔试+面试（医疗类（公共卫生与预防医学））,,,,,盐田区,深圳市盐田区卫生健康局,43岁以下；博士研究生年龄放宽到45周岁,博士研究生年龄放宽到45周岁
YT2025008C0002,2026-jizhong,深圳,深圳市盐田区疾病预防控制中心,检验技师,从事理化检验工作。,专业技术类 十一级,1,应届毕业生,硕士研究生以上,硕士及以上,,,分析化学（A070302）；有机化学（A070303）,43岁以下,,,,,,笔试+面试（一般类）,,,,,盐田区,深圳市盐田区卫生健康局,43岁以下；博士研究生年龄放宽到45周岁,博士研究生年龄放宽到45周岁
YT2025008C0003,2026-jizhong,深圳,深圳市盐田区国库支付中心,会计核算岗,从事会计核算工作。,专业技术类 十一级,1,应届毕业生,硕士研究生,硕士,,,会计学（A120201）；企业管理（含：财务管理、市场营销、人力资源管理）（A120202）；会计硕士（专业硕士）（A120206）,43岁以下,,,,,,笔试+面试（一般类）,,,专业为企业管理（限：财务管理）,,盐田区,深圳市盐田区财政局,43岁以下；专业为企业管理（限：财务管理）,
YT2025008C0004,2026-jizhong,深圳,深圳市盐田区保障性住房管理中心（区物业专项维修资金管理中心）,住房管理岗,从事保障性住房管理工作。,管理类 九级,1,应届毕业生,硕士研究生以上,硕士及以上,,,市政工程（A081404）；水利水电工程（A081504）；土木水利（A0844）,43岁以下,,,,,,笔试+面试（一般类）,,,,,盐田区,深圳市盐田区住房和建设局,43岁以下；博士研究生年龄放宽到45周岁,博士研究生年龄放宽到45周岁
YT2025008C0005,2026-jizhong,深圳,深圳盐田综合保税区经济发展服务中心,经济发展岗,从事相关政策法规、产业政策和园区产业规划调研、综合文字等工作。,管理类 九级,1,应届毕业生,硕士研究生,硕士,,,海洋科学（A0707）,43岁以下,,,,,,笔试+面试（一般类）,,,,,盐田区,深圳盐田综合保税区经济发展服务中心,43岁以下,
YT2025008C0006,2026-jizhong,深圳,深圳市盐田区建筑工程事务署,工程项目及现场管理岗,从事区政府投资工程建设管理工作。,专业技术类 十一级,1,应届毕业生,硕士研究生,硕士,,,土木工程（A0814）；土木工程硕士（专业硕士）（A084401）；市政工程硕士（专业硕士）（A084405）,43岁以下,,,,,,笔试+面试（一般类）,,,,,盐田区,深圳市盐田区建筑工程事务署,43岁以下,
YT2025008E0001,2026-jizhong,深圳,深圳市盐田区民主党派服务中心,行政管理岗,从事民主党派和无党派人士思想引领、权益维护、开展联谊交友及联络交流等工作。,管理类 九级,1,不限,本科,学士,,法学类（B0301）；中国语言文学类（B0501）；艺术学（B13）,,40岁以下,,,,,,笔试+面试（一般类）,,,,,盐田区,中共深圳市盐田区委统一战线工作部,40岁以下,
YT2025008E0002,2026-jizhong,深圳,深圳市盐田区纪检监察事务保障中心,审查调查岗,从事纪检监察信息维护、审查调查、监督检查等工作。,专业技术类 十二级,1,不限,本科,学士,,信息与计算科学（B070102）；电子信息类（B0807）；计算机类（B0809）；信息管理与信息系统（B120102）,,40岁以下,,,,,中共党员（含预备党员）,笔试+面试（一般类）,,,需要24小时备勤和值班,,盐田区,中共深圳市盐田区纪律检查委员会,40岁以下；中共党员（含预备党员）,
YT2025008E0003,2026-jizhong,深圳,深圳市盐田区纪检监察事务保障中心,审查调查岗,从事审查调查、监督检查工作。,管理类 九级,2,不限,本科,学士,,法学类（B0301）；公安学类（B0306）,,40岁以下,,,,,中共党员（含预备党员）,笔试+面试（一般类）,,,需要24小时备勤和值班,,盐田区,中共深圳市盐田区纪律检查委员会,40岁以下；中共党员（含预备党员）,
YT2025008E0004,2026-jizhong,深圳,深圳市盐田区纪检监察事务保障中心,综合文字岗,从事文字材料撰写、综合文稿起草、综合调研等工作。,管理类 九级,1,不限,本科,学士,,马克思主义理论类（B0305）；中国语言文学类（B0501）；新闻传播学类（B0503）；行政管理（B120402）,,40岁以下,,具有2年以上相关工作经历,,,中共党员（含预备党员）,笔试+面试（一般类）,,,需要24小时备勤和值班,,盐田区,中共深圳市盐田区纪律检查委员会,40岁以下；中共党员（含预备党员），具有2年以上相关工作经历,
YT2025008E0005,2026-jizhong,深圳,深圳市盐田区老干部活动中心,综合管理岗,从事老干部工作领域智能化、数字化建设工作。,管理类 九级,1,不限,本科,学士,,数字经济（B020107）；应用物理学（B070202）；人工智能（B080717）；数据科学与大数据技术（B080910）,,40岁以下,,,,,中共党员（含预备党员）,笔试+面试（一般类）,,,,,盐田区,中共深圳市盐田区委组织部,40岁以下；中共党员（含预备党员）,
YT2025008E0006,2026-jizhong,深圳,深圳市盐田区老干部活动中心,综合管理岗,从事老干部工作领域政策研究、组织协调、财务管理、银发经济工作。,管理类 九级,1,不限,本科,学士,,税收学（B020202）；市场营销（B120202）；会计学（B120203）；旅游管理（B120901）,,40岁以下,,,,,中共党员（含预备党员）,笔试+面试（一般类）,,,,,盐田区,中共深圳市盐田区委组织部,40岁以下；中共党员（含预备党员）,
YT2025008E0007,2026-jizhong,深圳,中共深圳市盐田区委党校,综合管理岗,从事党建、材料写作、行政管理、教育培训等综合事务工作。,管理类 九级,1,不限,硕士研究生,硕士,,,马克思主义哲学（A010101）；中共党史（含：党的学说与党的建设）（A030204）；马克思主义理论（A0305）,43岁以下,,,,,中共党员（含预备党员）,笔试+面试（一般类）,,,,,盐田区,中共深圳市盐田区委党校,43岁以下；中共党员（含预备党员）,
YT2025008E0008,2026-jizhong,深圳,深圳市盐田区图书馆,业务推广岗,从事数字创意与文旅融合宣传推广工作。,专业技术类 十二级,1,不限,本科以上,学士及以上,,旅游管理类（B1209）；视觉传达设计（B130502）；数字媒体艺术（B130508）,旅游管理（A120203）；旅游管理硕士（专业硕士）（A120207）；设计学（A1305）,40岁以下,硕士研究生年龄放宽到43周岁，博士研究生年龄放宽到45周岁,,,,,笔试+面试（一般类）,,,,,盐田区,深圳市盐田区文化广电旅游体育局,40岁以下；硕士研究生年龄放宽到43周岁，博士研究生年龄放宽到45周岁,
YT2025008E0009,2026-jizhong,深圳,深圳市盐田区图书馆,信息服务岗,从事图书馆信息服务工作。,专业技术类 十一级,1,不限,硕士研究生以上,硕士及以上,,,计算机科学与技术（A0812）；软件工程（A0835）；网络空间安全（A0839）；计算机技术硕士（专业硕士）（A084004）；软件工程硕士（专业硕士）（A084005）；人工智能硕士（专业硕士）（A084010）；网络与信息安全硕士（专业硕士）（A084012）,43岁以下,,,,,,笔试+面试（一般类）,,,,,盐田区,深圳市盐田区文化广电旅游体育局,43岁以下；具有2年以上相关工作经历，博士研究生年龄放宽到45周岁,具有2年以上相关工作经历，博士研究生年龄放宽到45周岁
YT2025008E0010,2026-jizhong,深圳,深圳市盐田区体育发展服务中心,教练员岗,从事体育专业训练、指导等工作。,专业技术类 十二级,1,不限,本科,学士,,体育教育（B040201）；运动训练（B040202）；社会体育指导与管理（B040203）；武术与民族传统体育（B040204）；运动人体科学（B040205）；运动康复（B040206）；休闲体育（B040207）；体能训练（B040208）,,40岁以下,,,,,,笔试+面试（一般类）,,,具有足球、游泳、攀岩、帆板、体操专业一级及以上运动员称号，并在可授予运动员等级称号的全国赛事中获得前8名,,盐田区,深圳市盐田区文化广电旅游体育局,40岁以下；具有足球、游泳、攀岩、帆板、体操专业一级及以上运动员称号，并在可授予运动员等级称号的全国赛事中获得前8名,
YT2025008E0011,2026-jizhong,深圳,深圳市盐田区科技创业服务中心,科技创业服务岗,从事科技创业服务工作。,管理类 九级,1,不限,本科,学士,,数字经济（B020107）；金融工程（B020302）；金融科技（B020310）；通信工程（B080703）；人工智能（B080717）；计算机科学与技术（B080901）；软件工程（B080902）；信息管理与信息系统（B120102）,,40岁以下,,,,,,笔试+面试（一般类）,,,,,盐田区,深圳市盐田区科技创新局,40岁以下,
YT2025008E0012,2026-jizhong,深圳,深圳市盐田区海山街道公共事务中心,产业管理岗,从事海洋经济产业研究、财务会计等工作。,管理类 九级,1,不限,硕士研究生,硕士,,,海洋科学（A0707）；海洋工程硕士（专业硕士）（A084403）；会计学（A120201）；会计硕士（专业硕士）（A120206）,43岁以下,,,,,,笔试+面试（一般类）,,,,,盐田区,深圳市盐田区海山街道办事处,43岁以下,
YT2025008E0013,2026-jizhong,深圳,深圳市盐田区盐田街道公共事务中心,综合管理岗,从事街道公共事务中心内设机构综合管理、服务工作。,管理类 九级,1,不限,本科,学士,,经济学（B020101）；信息与计算科学（B070102）,,40岁以下,,,,,,笔试+面试（一般类）,,,,,盐田区,深圳市盐田区盐田街道办事处,40岁以下,
YT2025008E0014,2026-jizhong,深圳,深圳市盐田区国库支付中心,财务管理岗,从事经费审核工作。,管理类 九级,2,不限,硕士研究生,硕士,,,金融学（含∶保险学）（A020204）；精算学（A020211）；企业管理（含：财务管理、市场营销、人力资源管理）（A120202）,43岁以下,,,,,,笔试+面试（一般类）,,,,,盐田区,深圳市盐田区财政局,43岁以下,
YT2025008E0015,2026-jizhong,深圳,深圳市盐田区工程质量安全监督中心,安全质量监督岗,从事建设工程的监督管理工作。,专业技术类 十一级,1,不限,硕士研究生以上,硕士及以上,,,机械工程（A0802）；电气工程（A0808）；电气工程硕士（专业硕士）（A084301）；机械工程硕士（专业硕士）（A084601）；管理科学与工程（A1201）,43岁以下,,,,工程师,,笔试+面试（一般类）,,,,,盐田区,深圳市盐田区住房和建设局,43岁以下；具有2年以上相关工作经历，博士研究生年龄放宽到45周岁,具有2年以上相关工作经历，博士研究生年龄放宽到45周岁
YT2025008E0016,2026-jizhong,深圳,深圳市盐田区工程质量安全监督中心,安全质量监督岗,从事建设工程的监督管理工作。,专业技术类 十一级,1,不限,硕士研究生以上,硕士及以上,,,建筑学（A0813）；土木工程（A0814）；土木工程硕士（专业硕士）（A084401）；市政工程硕士（专业硕士）（A084405）,43岁以下,,,,工程师,,笔试+面试（一般类）,,,,,盐田区,深圳市盐田区住房和建设局,43岁以下；具有2年以上相关工作经历，博士研究生年龄放宽到45周岁,具有2年以上相关工作经历，博士研究生年龄放宽到45周岁
YT2025008E0017,2026-jizhong,深圳,深圳市盐田区工程质量安全监督中心,安全质量监督岗,从事建设工程的监督管理工作。,专业技术类 十二级,1,不限,本科,学士,,电气类（B0806）；土木类（B0811）；工程造价（B120105）,,40岁以下,,,,,,笔试+面试（一般类）,,,,,盐田区,深圳市盐田区住房和建设局,40岁以下,
YT2025008E0018,2026-jizhong,深圳,深圳市盐田区政府物业管理中心,资产管理岗,从事政府物业资产管理工作。,管理类 九级,1,不限,本科,学士,,信息与计算科学（B070102）；数据计算及应用（B070104）；统计学类（B0711）；城乡规划（B081002）,,40岁以下,,具有2年以上相关工作经历,,,,笔试+面试（一般类）,,,,,盐田区,深圳市盐田区政府物业管理中心,40岁以下；具有2年以上相关工作经历,
YT2025008E0019,2026-jizhong,深圳,深圳盐田综合保税区经济发展服务中心,企业服务岗,从事港区协调联络、企业综合服务、综合文字等工作。,管理类 九级,1,不限,本科,学士,,经济学（B020101）；工商管理（B120201）；公共事业管理（B120401）,,40岁以下,,具有2年以上相关工作经历,,,,笔试+面试（一般类）,,,,,盐田区,深圳盐田综合保税区经济发展服务中心,40岁以下；具有2年以上相关工作经历,
YT2025008E0020,2026-jizhong,深圳,深圳盐田综合保税区经济发展服务中心,综合管理岗,从事综合行政、文稿撰写等工作。,管理类 九级,1,不限,硕士研究生,硕士,,,中国语言文学（A0501）；新闻传播学（A0503）,43岁以下,,具有2年以上相关工作经历,,,,笔试+面试（一般类）,,,,,盐田区,深圳盐田综合保税区经济发展服务中心,43岁以下；具有2年以上相关工作经历,
YT2025008E0021,2026-jizhong,深圳,深圳市盐田区企业服务中心,企业服务岗,从事企业服务工作。,管理类 九级,1,不限,硕士研究生以上,硕士及以上,,,应用经济学（A0202）,43岁以下,,,,,,笔试+面试（一般类）,,,,,盐田区,深圳市盐田区企业服务中心,43岁以下；博士研究生年龄放宽到45周岁,博士研究生年龄放宽到45周岁
YT2025008E0022,2026-jizhong,深圳,深圳市盐田区重点区域平台建设推进中心,政策研究岗,从事沙头角深港国际消费合作区建设相关工作。,管理类 九级,1,不限,硕士研究生以上,硕士及以上,,,应用经济学（A0202）,43岁以下,,,,,,笔试+面试（一般类）,,,,,盐田区,深圳市盐田区重点区域平台建设推进中心,43岁以下；具有2年以上相关工作经历，博士研究生年龄放宽到45周岁,具有2年以上相关工作经历，博士研究生年龄放宽到45周岁
YT2025008E0023,2026-jizhong,深圳,深圳市盐田区重点区域平台建设推进中心,合作区建设岗,从事沙头角深港国际消费合作区建设相关工作。,专业技术类 十二级,1,不限,本科以上,学士及以上,,经济学（B020101）,政治经济学（A020101）,40岁以下,硕士研究生年龄放宽到43周岁,具有2年以上相关工作经历,,经济师,,笔试+面试（一般类）,,,,,盐田区,深圳市盐田区重点区域平台建设推进中心,40岁以下；具有2年以上相关工作经历，硕士研究生年龄放宽到43周岁，博士研究生年龄放宽到45周岁,博士研究生年龄放宽到45周岁
YT2025008E0024,2026-jizhong,深圳,深圳市盐田区重点区域平台建设推进中心,海洋产业发展岗,从事全球海洋中心城市核心区建设相关工作。,管理类 九级,1,不限,硕士研究生以上,硕士及以上,,,海洋科学（A0707）,43岁以下,,,,,,笔试+面试（一般类）,,,,,盐田区,深圳市盐田区重点区域平台建设推进中心,43岁以下；具有2年以上相关工作经历，博士研究生年龄放宽到45周岁,具有2年以上相关工作经历，博士研究生年龄放宽到45周岁
NS2025021A0001,2026-jizhong,深圳,深圳市南山区案件管理事务中心,综合管理岗,从事财务审计相关等工作。,管理类 九级,1,应届毕业生,硕士研究生,硕士,,,应用经济学（A0202）,40岁以下,,,,,中共党员（含预备党员）,笔试+面试（一般类）,,,,,南山区,中国共产党深圳市南山区纪律检查委员会,40岁以下；中共党员（含预备党员）,
NS2025021A0002,2026-jizhong,深圳,深圳市南山区案件管理事务中心,综合管理岗,从事协助开展审查调查、监督检查等工作。,管理类 九级,1,应届毕业生,硕士研究生,硕士,,,法学（A0301）,40岁以下,,,,,,笔试+面试（一般类）,,,中共党员（含预备党员）、通过法律职业资格考试,,南山区,中国共产党深圳市南山区纪律检查委员会,40岁以下；中共党员（含预备党员）、通过法律职业资格考试,
NS2025021A0003,2026-jizhong,深圳,深圳市南山区案件管理事务中心,综合管理岗,从事协助开展审查调查、监督检查等工作。,管理类 九级,1,应届毕业生,本科,学士,,侦查学（B030602）；刑事科学技术（B083101）；网络安全与执法（B083108）；数据警务技术（B083110）,,40岁以下,,,,,中共党员（含预备党员）,笔试+面试（一般类）,,,,,南山区,中国共产党深圳市南山区纪律检查委员会,40岁以下；中共党员（含预备党员）,
NS2025021A0004,2026-jizhong,深圳,深圳市南山区南山街道公共事务中心,经济服务岗,从事企业服务、招商引资、统计等工作。,管理类 九级,1,应届毕业生,硕士研究生以上,硕士及以上,,,应用经济学（A0202）；数学（A0701）；统计学（A0714）,40岁以下,,,,,,笔试+面试（一般类）,,,,,南山区,深圳市南山区南山街道办事处,40岁以下,
NS2025021A0005,2026-jizhong,深圳,深圳市南山区南山街道公共事务中心,城市建设岗,从事城乡建设等工作。,管理类 九级,2,应届毕业生,硕士研究生以上,硕士及以上,,,建筑学（A0813）；土木工程（A0814）；环境科学与工程（A0830）；城乡规划学（A0833）；环境工程硕士（专业硕士）（A084201）；安全工程硕士（专业硕士）（A084202）；地质工程硕士（专业硕士）（A084203）；测绘工程硕士（专业硕士）（A084204）；土木工程硕士（专业硕士）（A084401）；市政工程硕士（专业硕士）（A084405）,40岁以下,,,,,,笔试+面试（一般类）,,,,,南山区,深圳市南山区南山街道办事处,40岁以下,
NS2025021A0006,2026-jizhong,深圳,深圳市南山区南山街道公共事务中心,应急管理岗,从事应急管理等工作。,管理类 九级,1,应届毕业生,硕士研究生以上,硕士及以上,,,化学（A0703）；化学工程与技术（A0817）；化学工程硕士（专业硕士）（A084102）,40岁以下,,,,,,笔试+面试（一般类）,,,,,南山区,深圳市南山区南山街道办事处,40岁以下,
NS2025021A0007,2026-jizhong,深圳,深圳市南山区南山街道公共事务中心,安全管理岗,从事安全生产管理等工作。,管理类 九级,1,应届毕业生,本科以上,学士及以上,,食品质量与安全（B082802）；安全科学与工程类（B0830）；抢险救援指挥与技术（B083106）；应急管理（B120111）,防灾减灾工程及防护工程（A081405）；食品加工与安全硕士（专业硕士）（A083205）；安全科学与工程（A0837）；安全工程硕士（专业硕士）（A084202）,40岁以下,,,,,,笔试+面试（一般类）,,,,,南山区,深圳市南山区南山街道办事处,40岁以下,
NS2025021A0008,2026-jizhong,深圳,深圳市南山区南山街道公共事务中心,信息化建设岗,从事信息化建设等工作。,专业技术类 十一级,1,应届毕业生,硕士研究生以上,硕士及以上,,,机械工程（A0802）；电子科学与技术（A0809）；信息与通信工程（A0810）；控制科学与工程（A0811）；计算机科学与技术（A0812）；软件工程（A0835）；电子信息（A0840）；机械（A0846）,40岁以下,,,,,,笔试+面试（一般类）,,,,,南山区,深圳市南山区南山街道办事处,40岁以下,
NS2025021A0009,2026-jizhong,深圳,深圳市南山区南山街道公共事务中心,综合治理岗,从事综合治理等工作。,管理类 九级,1,应届毕业生,硕士研究生以上,硕士及以上,,,法学（A0301）；公安学（A0306）；公安技术（A0838）,40岁以下,,,,,,笔试+面试（一般类）,,,,,南山区,深圳市南山区南山街道办事处,40岁以下,
NS2025021A0010,2026-jizhong,深圳,深圳市南山区南头街道公共事务中心,服务一部经济统计岗,从事经济统计等工作。,管理类 九级,1,应届毕业生,硕士研究生以上,硕士及以上,,,统计学（部分）（A020208）；应用统计硕士（专业硕士）（A020213）；数学（A0701）；统计学（A0714）,40岁以下,,,,,,笔试+面试（一般类）,,,,,南山区,深圳市南山区南头街道办事处,40岁以下,
NS2025021A0011,2026-jizhong,深圳,深圳市南山区蛇口街道公共事务中心,服务二部工程管理岗,从事工程管理等工作。,管理类 九级,1,应届毕业生,硕士研究生以上,硕士及以上,,,安全科学与工程（A0837）；安全工程硕士（专业硕士）（A084202）；交通运输工程（A0823）,40岁以下,,,,,,笔试+面试（一般类）,,,,,南山区,深圳市南山区蛇口街道办事处,40岁以下,
NS2025021A0012,2026-jizhong,深圳,深圳市南山区沙河街道公共事务中心,网格管理部规划建设岗,从事规划建设等工作。,管理类 九级,1,应届毕业生,硕士研究生以上,硕士及以上,,,建筑学（A0813）；土木工程（A0814）；水利工程（A0815）；土木工程硕士（专业硕士）（A084401）；水利工程硕士（专业硕士）（A084402）,40岁以下,,,,,,笔试+面试（一般类）,,,,,南山区,深圳市南山区沙河街道办事处,40岁以下,
NS2025021A0013,2026-jizhong,深圳,深圳市南山区沙河街道公共事务中心,服务二部财务审计岗,从事财务审计等工作。,专业技术类 十一级,1,应届毕业生,硕士研究生以上,硕士及以上,,,财政学（含∶税收学）（A020203）；税务硕士（专业硕士）（A020214）；审计硕士（专业硕士）（A020218）；会计学（A120201）；企业管理（含：财务管理、市场营销、人力资源管理）（A120202）；会计硕士（专业硕士）（A120206）,40岁以下,,,,,,笔试+面试（一般类）,,,,,南山区,深圳市南山区沙河街道办事处,40岁以下,
NS2025021A0014,2026-jizhong,深圳,深圳市南山区粤海街道公共事务中心,综合服务专干,从事网格管理等工作。,管理类 九级,1,应届毕业生,硕士研究生以上,硕士及以上,,,电子科学与技术（A0809）；信息与通信工程（A0810）；集成电路工程硕士（专业硕士）（A084003）,40岁以下,,,,,,笔试+面试（一般类）,,,,,南山区,深圳市南山区粤海街道办事处,40岁以下,
NS2025021A0015,2026-jizhong,深圳,深圳市南山区粤海街道公共事务中心,综合服务专干,从事企业服务等工作。,管理类 九级,1,应届毕业生,硕士研究生以上,硕士及以上,,,"法学（A03）；法语语言文学（A050203）；俄语语言文学（A050202）；西班牙语语言文学（A050207）；俄语口译硕士
（专业硕士）（A050215）；法语口译硕士（专业硕士）（A050219）；西班牙语口译硕士（专业硕士）（A050225）",40岁以下,,,,,,笔试+面试（一般类）,,,,,南山区,深圳市南山区粤海街道办事处,40岁以下,
NS2025021A0016,2026-jizhong,深圳,深圳市南山区粤海街道公共事务中心,综合技术服务专干,从事财务管理等工作。,专业技术类 十一级,1,应届毕业生,硕士研究生以上,硕士及以上,,,财政学（含∶税收学）（A020203）；会计学（A120201）；会计硕士（专业硕士）（A120206）,40岁以下,,,,,,笔试+面试（一般类）,,,,,南山区,深圳市南山区粤海街道办事处,40岁以下,
NS2025021A0017,2026-jizhong,深圳,深圳市南山区粤海街道公共事务中心,综合服务专干,从事企业服务等工作。,管理类 九级,1,应届毕业生,硕士研究生以上,硕士及以上,,,机械工程（A0802）；控制科学与工程（A0811）；控制工程硕士（专业硕士）（A084006）；机械工程硕士（专业硕士）（A084601）；车辆工程硕士（专业硕士）（A084602）,40岁以下,,,,,,笔试+面试（一般类）,,,,,南山区,深圳市南山区粤海街道办事处,40岁以下,
NS2025021A0018,2026-jizhong,深圳,深圳市南山区招商街道公共事务中心,服务一部安全管理岗,从事安全管理等工作。,管理类 九级,1,应届毕业生,硕士研究生以上,硕士及以上,,,气象学（A070601）；防灾减灾工程及防护工程（A081405）；安全科学与工程（A0837）；安全工程硕士（专业硕士）（A084202）,40岁以下,,,,,,笔试+面试（一般类）,,,,,南山区,深圳市南山区招商街道办事处,40岁以下,
NS2025021A0019,2026-jizhong,深圳,深圳市南山区西丽街道公共事务中心,业务部门城市建设岗,从事城市建设、工程管理等工作。,专业技术类 十一级,1,应届毕业生,硕士研究生,硕士,,,建筑学（A0813）；土木工程（A0814）；城乡规划学（A0833）；土木工程硕士（专业硕士）（A084401）,40岁以下,,,,,,笔试+面试（一般类）,,,,,南山区,深圳市南山区西丽街道办事处,40岁以下,
NS2025021A0020,2026-jizhong,深圳,深圳市南山区西丽街道公共事务中心,综合服务专干,从事企业服务、经济统计等工作。,管理类 九级,1,应届毕业生,硕士研究生,硕士,,,应用经济学（A0202）；数学（A0701）；统计学（A0714）,40岁以下,,,,,,笔试+面试（一般类）,,,,,南山区,深圳市南山区西丽街道办事处,40岁以下,
NS2025021A0021,2026-jizhong,深圳,深圳市南山区西丽街道公共事务中心,业务部门信息技术岗,从事网格信息化建设及数据管理等工作。,专业技术类 十一级,1,应届毕业生,硕士研究生,硕士,,,电子科学与技术（A0809）；信息与通信工程（A0810）；计算机科学与技术（A0812）；电子信息（A0840）,40岁以下,,,,,,笔试+面试（一般类）,,,,,南山区,深圳市南山区西丽街道办事处,40岁以下,
NS2025021E0001,2026-jizhong,深圳,深圳市南山区改革和发展研究中心,改革协调部综合管理岗,从事综合档案管理、档案资料编研等工作。,管理类 九级,1,不限,硕士研究生,硕士,,,图书情报与档案管理（A1205）,40岁以下,,,,,,笔试+面试（一般类）,,,,,南山区,中共深圳市南山区委办公室,40岁以下,
NS2025021E0002,2026-jizhong,深圳,深圳市南山区招商街道公共事务中心,服务三部财务会计岗,从事财务、会计等工作。,专业技术类 十一级,1,不限,硕士研究生以上,硕士及以上,,,财政学（含∶税收学）（A020203）；审计硕士（专业硕士）（A020218）；会计学（A120201）；会计硕士（专业硕士）（A120206）,40岁以下,,具有2年以上相关工作经历,具有中级会计专业资格证书或注册会计师全国统一考试合格证书,,,笔试+面试（一般类）,,,,,南山区,深圳市南山区招商街道办事处,40岁以下；具有2年以上相关工作经历；具有中级会计专业资格证书或注册会计师全国统一考试合格证书,
NS2025020C0001,2026-jizhong,深圳,深圳市南山区文化广电旅游体育局,产业分析岗,从事经济研究、产业分析等工作。,专业技术类 十一级,1,应届毕业生,硕士研究生,硕士,,,统计学（部分）（A020208）；应用统计硕士（专业硕士）（A020213）；数学（A0701）；统计学（A0714）,40岁以下,,,,,,笔试+面试（一般类）,,,,,南山区,深圳市南山区文化广电旅游体育局,40岁以下,
NS2025020C0002,2026-jizhong,深圳,深圳市南山区文化广电旅游体育局,产业分析岗,从事经济研究、产业分析等工作。,专业技术类 十一级,1,应届毕业生,硕士研究生,硕士,,,计算机科学与技术（A0812）；软件工程（A0835）；计算机技术硕士（专业硕士）（A084004）；软件工程硕士（专业硕士）（A084005）；人工智能硕士（专业硕士）（A084010）；大数据技术与工程（专业硕士）（A084011）,40岁以下,,,,,,笔试+面试（一般类）,,,,,南山区,深圳市南山区文化广电旅游体育局,40岁以下,
NS2025020C0003,2026-jizhong,深圳,深圳市南山区文化广电旅游体育局,工程管理岗,从事工程设计管理等工作。,专业技术类 十一级,2,应届毕业生,硕士研究生,硕士,,,建筑设计及其理论（A081302）；城市规划与设计(含∶风景园林规划与设计)（A081303）；建筑学硕士（专业硕士）（A081305）,40岁以下,,,,,,笔试+面试（一般类）,,,,,南山区,深圳市南山区文化广电旅游体育局,40岁以下,
NS2025020C0004,2026-jizhong,深圳,深圳市南山区文化广电旅游体育局,文保研究岗,从事藏品保管研究和陈列展览策划等工作。,专业技术类 十一级,1,应届毕业生,硕士研究生,硕士,,,考古学（A060102）；专门史（A060105）；中国史（A060106）；博物馆（A060108）,40岁以下,,,,,,笔试+面试（一般类）,,,,,南山区,深圳市南山区文化广电旅游体育局,40岁以下,
NS2025020C0005,2026-jizhong,深圳,深圳市南山区应急管理监测预警指挥中心,应急预警和指挥保障岗,从事突发事件应急指挥保障工作、应急管理监测预警指挥体系建设等工作。,管理类 九级,2,应届毕业生,硕士研究生,硕士,,,安全科学与工程（A0837）；安全工程硕士（专业硕士）（A084202）,40岁以下,,,,,,笔试+面试（一般类）,,,,,南山区,深圳市南山区应急管理局,40岁以下,
NS2025020C0006,2026-jizhong,深圳,深圳市南山区应急管理监测预警指挥中心,应急监测岗,从事安全风险隐患监测及数据统计分析等工作。,管理类 九级,1,应届毕业生,硕士研究生,硕士,,,计算机科学与技术（A0812）；软件工程（A0835）；计算机技术硕士（专业硕士）（A084004）；软件工程硕士（专业硕士）（A084005）；人工智能硕士（专业硕士）（A084010）；大数据技术与工程（专业硕士）（A084011）,40岁以下,,,,,,笔试+面试（一般类）,,,,,南山区,深圳市南山区应急管理局,40岁以下,
NS2025020C0007,2026-jizhong,深圳,深圳市南山区产业园区发展促进中心,经济监测岗,从事工信领域行业调研、经济监测、中小企业培育辅导等工作。,管理类 九级,1,应届毕业生,硕士研究生,硕士,,,计算机科学与技术（A0812）；软件工程（A0835）；新一代电子信息技术硕士（专业硕士）（A084001）；通信工程硕士（专业硕士）（A084002）；集成电路工程硕士（专业硕士）（A084003）；计算机技术硕士（专业硕士）（A084004）；软件工程硕士（专业硕士）（A084005）；控制工程硕士（专业硕士）（A084006）；仪器仪表工程硕士（专业硕士）（A084007）；光电信息工程硕士（专业硕士）（A084008）；人工智能硕士（专业硕士）（A084010）；大数据技术与工程（专业硕士）（A084011）；网络与信息安全硕士（专业硕士）（A084012）,40岁以下,,,,,,笔试+面试（一般类）,,,,,南山区,深圳市南山区工业和信息化局,40岁以下,
NS2025020C0008,2026-jizhong,深圳,深圳市南山区产业园区发展促进中心,产业促进岗,从事园区发展相关的政策制定、信息摸排、企业认定等工作。,管理类 九级,1,应届毕业生,硕士研究生,硕士,,,电气工程（A0808）；电子科学与技术（A0809）；信息与通信工程（A0810）；控制科学与工程（A0811）,40岁以下,,,,,,笔试+面试（一般类）,,,,,南山区,深圳市南山区工业和信息化局,40岁以下,
NS2025020C0009,2026-jizhong,深圳,深圳市南山区产业园区发展促进中心,产业促进岗,从事园区发展规划、统筹产业空间与楼宇资源优化配置等工作。,管理类 九级,1,应届毕业生,硕士研究生,硕士,,,机械工程（A0802）；城乡规划学（A0833）；能源动力（A0843）；机械工程硕士（专业硕士）（A084601）；车辆工程硕士（专业硕士）（A084602）；航空工程硕士（专业硕士）（A084603）；航天工程硕士（专业硕士）（A084604）；船舶工程硕士（专业硕士）（A084605）；工业设计工程硕士（专业硕士）（A084607）；智能制造技术硕士（专业硕士）（A084609）；机器人工程硕士（专业硕士）（A084610）,40岁以下,,,,,,笔试+面试（一般类）,,,,,南山区,深圳市南山区工业和信息化局,40岁以下,
NS2025020C0010,2026-jizhong,深圳,深圳市南山区人才保健服务中心,党建财务岗,从事党建、会计核算等工作。,专业技术类 十一级,1,应届毕业生,硕士研究生,硕士,,,审计硕士（专业硕士）（A020218）；会计学（A120201）；会计硕士（专业硕士）（A120206）,40岁以下,,,,,中共党员（含预备党员）,笔试+面试（一般类）,,,,,南山区,深圳市南山区卫生健康局,40岁以下；中共党员（含预备党员）。,
NS2025020C0011,2026-jizhong,深圳,深圳市南山区市政管理所,工程管理员,从事市政基础设施工程、市政设施智慧化等工作。,管理类 九级,1,应届毕业生,硕士研究生以上,硕士及以上,,,计算机科学与技术（A0812）；土木工程（A0814）；管理科学与工程（A1201）,40岁以下,,,,,,笔试+面试（一般类）,,,,,南山区,深圳市南山区城市管理和综合执法局,40岁以下,
NS2025020C0012,2026-jizhong,深圳,深圳市南山区垃圾分类管理中心,法律事务员,从事垃圾分类管理相关法律事务等工作。,管理类 九级,1,应届毕业生,硕士研究生以上,硕士及以上,,,法学（A0301）,40岁以下,,,通过法律职业资格考试,,,笔试+面试（一般类）,,,,,南山区,深圳市南山区城市管理和综合执法局,40岁以下；通过法律职业资格考试。,
NS2025020C0013,2026-jizhong,深圳,深圳市南山区公园管理中心,运营管理员,从事公园运营效益评估和业态趋势研判等工作。,专业技术类 十一级,1,应届毕业生,硕士研究生以上,硕士及以上,,,应用经济学（A0202）,40岁以下,,,,,,笔试+面试（一般类）,,,,,南山区,深圳市南山区城市管理和综合执法局,40岁以下,
NS2025020C0014,2026-jizhong,深圳,深圳市南山区大湾区发展促进中心,产业发展管理岗2,从事产业智能化等工作。,管理类 九级,1,应届毕业生,硕士研究生以上,硕士及以上,,,计算机应用技术（A081203）；人工智能硕士（专业硕士）（A084010）；智能科学与技术（A140501）,40岁以下,,,,,,笔试+面试（一般类）,,,,,南山区,深圳市南山区发展和改革局,40岁以下,
NS2025020C0015,2026-jizhong,深圳,深圳市南山区大湾区发展促进中心,产业发展管理岗1,从事产业经济等工作。,管理类 九级,1,应届毕业生,硕士研究生以上,硕士及以上,,,国民经济学（A020201）；区域经济学（A020202）；产业经济学（A020205）,40岁以下,,,,,,笔试+面试（一般类）,,,,,南山区,深圳市南山区发展和改革局,40岁以下,
NS2025020C0016,2026-jizhong,深圳,深圳市南山区殡葬管理所,殡葬管理,从事殡葬墓园改造、工程修缮等工作。,管理类 九级,1,应届毕业生,硕士研究生,硕士,,,电气工程（A0808）；土木工程（A0814）,40岁以下,,,,,,笔试+面试（一般类）,,,,,南山区,深圳市南山区民政局,40岁以下,
NS2025020C0017,2026-jizhong,深圳,深圳市南山区社会福利中心,财务管理,从事单位会计、财务管理等工作。,管理类 九级,1,应届毕业生,硕士研究生,硕士,,,审计硕士（专业硕士）（A020218）；会计学（A120201）；会计硕士（专业硕士）（A120206）,40岁以下,,,,,,笔试+面试（一般类）,,,,,南山区,深圳市南山区民政局,40岁以下,
NS2025020C0018,2026-jizhong,深圳,深圳市南山区人力资源和公共就业服务中心,信息专员,从事单位信息化建设等工作。,管理类 九级,1,应届毕业生,硕士研究生,硕士,,,电子科学与技术（A0809）；信息与通信工程（A0810）,40岁以下,,,,,,笔试+面试（一般类）,,,,,南山区,深圳市南山区人力资源局,40岁以下,
NS2025020C0019,2026-jizhong,深圳,深圳市南山区人力资源和公共就业服务中心,行业统计专员,从事人力资源行业统计等工作。,管理类 九级,1,应届毕业生,硕士研究生,硕士,,,应用经济学（A0202）,40岁以下,,,,,,笔试+面试（一般类）,,,,,南山区,深圳市南山区人力资源局,40岁以下,
NS2025020C0020,2026-jizhong,深圳,深圳市南山区统计调查中心,产业统计岗,从事产业统计工作，负责产业统计资料的采集、审核、修改、汇总和上报，开展专项统计分析等工作。,专业技术类 十一级,1,应届毕业生,硕士研究生,硕士,,,产业经济学（A020205）；统计学（部分）（A020208）；概率论与数理统计（A070103）；统计学（部分）（A071401）,40岁以下,,,,,,笔试+面试（一般类）,,,,,南山区,深圳市南山区统计局,40岁以下,
NS2025020C0021,2026-jizhong,深圳,深圳市南山区教育会计核算管理所,主办会计,从事会计核算等工作。,专业技术类 十一级,2,应届毕业生,硕士研究生以上,硕士及以上,,,审计硕士（专业硕士）（A020218）；会计学（A120201）；会计硕士（专业硕士）（A120206）,40岁以下,,,,,,笔试+面试（一般类）,,,,,南山区,深圳市南山区会计核算管理中心,40岁以下,
NS2025020C0022,2026-jizhong,深圳,深圳市南山区教育会计核算管理所,稽核会计,从事会计稽核等工作。,专业技术类 十一级,2,应届毕业生,硕士研究生以上,硕士及以上,,,审计硕士（专业硕士）（A020218）；会计学（A120201）；会计硕士（专业硕士）（A120206）,40岁以下,,,,,,笔试+面试（一般类）,,,,,南山区,深圳市南山区会计核算管理中心,40岁以下,
NS2025020E0001,2026-jizhong,深圳,深圳市南山区文化广电旅游体育局,场馆运营管理岗,从事蛇口街道文体场馆运营管理等工作。,专业技术类 十一级,1,不限,本科以上,学士及以上,,音乐与舞蹈学类（B1302）；戏剧与影视学类（B1303）,音乐与舞蹈学（A1302）；戏剧与影视学（A1303）,40岁以下,,,,具有艺术专业人员系列初级及以上职称,,笔试+面试（一般类）,,,,,南山区,深圳市南山区文化广电旅游体育局,40岁以下；具有艺术专业人员系列初级及以上职称。,
NS2025020E0002,2026-jizhong,深圳,深圳市南山区疾病预防控制中心,传染病防制岗,从事疾控预防与控制岗位职责任务等工作。,专业技术类 十一级,3,不限,硕士研究生,硕士,,,流行病与卫生统计学（A100401）；劳动卫生与环境卫生学（A100402）；营养与食品卫生学（A100403）,40岁以下,,具有2年以上相关工作经历,,,,笔试+面试（医疗类（公共卫生与预防医学））,,,本科所学专业必须是公共卫生与预防医学类（B1007),,南山区,深圳市南山区卫生健康局,"40岁以下；1.本科所学专业必须是公共卫生与预防医学类（B1007)；
2.具有2年以上相关工作经历。",
NS2025020E0003,2026-jizhong,深圳,深圳市南山区市政管理所,公共设施管理员,从事市政设施检查维护管理等工作。,管理类 九级,1,不限,本科以上,学士及以上,,机械电子工程（B080204）；微机电系统工程（B080210）；应急装备技术与工程（B080219）；电气类（B0806）；土木类（B0811）,电气工程（A0808）；土木工程（A0814）,40岁以下,,具有2年以上相关工作经历,,,,笔试+面试（一般类）,,,,,南山区,深圳市南山区城市管理和综合执法局,40岁以下；具有2年以上相关工作经历。,
NS2025020E0004,2026-jizhong,深圳,深圳市南山区智慧城市运营中心,数据管理岗,从事数据管理等工作。,管理类 九级,1,不限,硕士研究生以上,硕士及以上,,,计算机科学与技术（A0812）；软件工程（A0835）；计算机技术硕士（专业硕士）（A084004）；人工智能硕士（专业硕士）（A084010）；大数据技术与工程（专业硕士）（A084011）；网络与信息安全硕士（专业硕士）（A084012）,40岁以下,,具有2年以上相关工作经历,,,,笔试+面试（一般类）,,,,,南山区,深圳市南山区政务服务数据管理局,40岁以下；具有2年以上相关工作经历,
NS2025020E0005,2026-jizhong,深圳,深圳市南山区政府投资项目评审中心,工程造价技术岗,从事工程造价等工作。,专业技术类 十一级,1,不限,硕士研究生以上,硕士及以上,,,土木工程（A0814）；土木工程硕士（专业硕士）（A084401）,40岁以下,,具有2年以上相关工作经历,具有注册造价工程师执业资格,,,笔试+面试（一般类）,,,,,南山区,深圳市南山区发展和改革局,40岁以下；1.具有2年以上相关工作经历；2.具有注册造价工程师执业资格。,
NS2025020E0006,2026-jizhong,深圳,深圳市南山区大湾区发展促进中心,工程建设管理岗,从事工程建设等工作。,管理类 九级,1,不限,硕士研究生以上,硕士及以上,,,土木工程（A0814）；土木工程硕士（专业硕士）（A084401）,40岁以下,,具有2年以上相关工作经历,,,,笔试+面试（一般类）,,,,,南山区,深圳市南山区发展和改革局,40岁以下；具有2年以上相关工作经历。,
NS2025020E0007,2026-jizhong,深圳,深圳市南山区社会福利中心,社会福利,从事社会福利、社会服务（含国际化）等工作。,专业技术类 十一级,1,不限,硕士研究生,硕士,,,"社会学（A030301）；人口学（A030302）；社会工作硕士（专业硕士）（A030305）；法语语言文学（A050203）；俄语语言文学（A050202）；西班牙语语言文学（A050207）；俄语口译硕士
（专业硕士）（A050215）；法语口译硕士（专业硕士）（A050219）；西班牙语口译硕士（专业硕士）（A050225）",40岁以下,,具有2年以上相关工作经历,,,,笔试+面试（一般类）,,,,,南山区,深圳市南山区民政局,40岁以下；具有2年以上相关工作经历。,
NS2025020E0008,2026-jizhong,深圳,深圳市南山区社会福利中心,智慧养老,从事养老智慧化、信息化、智能平台管理等工作。,专业技术类 十一级,1,不限,硕士研究生,硕士,,,人工智能硕士（专业硕士）（A084010）；大数据技术与工程（专业硕士）（A084011）；网络与信息安全硕士（专业硕士）（A084012）,40岁以下,,具有2年以上相关工作经历,,,,笔试+面试（一般类）,,,,,南山区,深圳市南山区民政局,40岁以下；具有2年以上相关工作经历。,
NS2025020E0009,2026-jizhong,深圳,深圳市南山区人力资源和公共就业服务中心,法务专员,从事法制审核、劳动者权益保障等工作。,管理类 九级,2,不限,硕士研究生,硕士,,,民商法学（含：劳动法学、社会保障法学）（A030105）；诉讼法学（A030106）；经济法学（A030107）,40岁以下,,,通过法律职业资格考试,,,笔试+面试（一般类）,,,,,南山区,深圳市南山区人力资源局,40岁以下；通过法律职业资格考试。,
NS2025020E0010,2026-jizhong,深圳,深圳市南山区施工安全监督站,监督员1,从事电气自动化相关设备的安全监督检查工作、施工现场电气自动化领域安全隐患排查与整改跟踪等工作。,专业技术类 十一级,1,不限,硕士研究生以上,硕士及以上,,,电力系统及其自动化（A080802）；电力电子与电力传动（A080804）；电气工程硕士（专业硕士）（A084301）,40岁以下,,,,工程师,,笔试+面试（一般类）,,,,,南山区,深圳市南山区住房和建设局,40岁以下,
NS2025020E0011,2026-jizhong,深圳,深圳市南山区施工安全监督站,监督员2,从事建筑工程机械设备的安全监督检查工作、施工现场机械领域安全隐患排查与整改跟踪等工作。,专业技术类 十一级,1,不限,硕士研究生以上,硕士及以上,,,机械制造及其自动化（A080201）；机械电子工程（A080202）；机械设计及理论（A080203）；机械工程硕士（专业硕士）（A084601）,40岁以下,,,,工程师,,笔试+面试（一般类）,,,,,南山区,深圳市南山区住房和建设局,40岁以下,
NS2025020E0012,2026-jizhong,深圳,深圳市南山区工程造价管理站,预结算员,从事建设项目工程造价预结算审核、工程量计算、定额套用等工作。,专业技术类 十一级,2,不限,硕士研究生以上,硕士及以上,,,电力系统及其自动化（A080802）；结构工程（A081402）；供热、供燃气、通风及空调工程（A081403）；市政工程（A081404）；电气工程硕士（专业硕士）（A084301）；土木工程硕士（专业硕士）（A084401）；市政工程硕士（专业硕士）（A084405）,40岁以下,,,具有二级造价工程师及以上职业资格,,,笔试+面试（一般类）,,,,,南山区,深圳市南山区住房和建设局,40岁以下；具有二级造价工程师及以上职业资格。,
NS2025020E0013,2026-jizhong,深圳,深圳市南山区政府投资审计中心,审计岗,从事政府投资项目审计等工作。,专业技术类 十一级,2,不限,硕士研究生以上,硕士及以上,,,结构工程（A081402）；市政工程（A081404）；土木工程硕士（专业硕士）（A084401）；市政工程硕士（专业硕士）（A084405）,40岁以下,,,具有一级建造师、一级注册结构工程师或者注册土木工程师职业资格,,,笔试+面试（一般类）,,,,,南山区,深圳市南山区审计局,40岁以下；具有一级建造师、一级注册结构工程师或者注册土木工程师职业资格。,
NS2025020E0014,2026-jizhong,深圳,深圳市南山区建筑工务署,造价审核岗,从事重大变更评审，审核变更的经济性，编制投资控制报告等工作。,专业技术类 十一级,1,不限,本科,学士,,工程管理（B120103）；工程造价（B120105）；工程审计（B120109）,,40岁以下,,具有2年以上相关工作经历,具有一级造价工程师职业资格证书,,,笔试+面试（一般类）,,,,,南山区,深圳市南山区建筑工务署,40岁以下；1.具有一级造价工程师职业资格证书；2.具有2年以上相关工作经历。,
BA2025030A0001,2026-jizhong,深圳,深圳市宝安区松岗街道网格综合管理中心,人事会计,从事人事、财务管理相关工作。,管理类 九级,1,应届毕业生,本科以上,学士及以上,,经济学类（B0201）；财政学类（B0202）；金融学类（B0203）；会计学（B120203）；财务管理（B120204）；人力资源管理（B120206）；审计学（B120207）；资产评估（B120208）,经济学（A02）；会计学（A120201）；企业管理（含：财务管理、市场营销、人力资源管理）（A120202）；会计硕士（专业硕士）（A120206）,40岁以下,,,,,,笔试+面试（一般类）,,,以研究生企业管理专业报考的，仅限研究方向为财务管理、人力资源管理,,宝安区,深圳市宝安区松岗街道办事处,40岁以下；以研究生企业管理专业报考的，仅限研究方向为财务管理、人力资源管理,
BA2025030A0002,2026-jizhong,深圳,深圳市宝安区残疾人综合服务中心,会计,从事财务管理工作。,专业技术类 十三级,1,应届毕业生,本科以上,学士及以上,,财政学（B020201）；会计学（B120203）；财务管理（B120204）；审计学（B120207）,财政学（含∶税收学）（A020203）；审计硕士（专业硕士）（A020218）；会计学（A120201）；企业管理（含：财务管理、市场营销、人力资源管理）（A120202）；会计硕士（专业硕士）（A120206）,40岁以下,,,,,,笔试+面试（一般类）,,,以研究生企业管理专业报考的，仅限研究方向为财务管理,,宝安区,深圳市宝安区残疾人联合会,40岁以下；以研究生企业管理专业报考的，仅限研究方向为财务管理,
BA2025030A0003,2026-jizhong,深圳,深圳市宝安区工人（职工）服务中心,文艺活动及公共事业策划管理,从事文化产业管理、公共事业活动策划与项目管理工作。,管理类 九级,1,应届毕业生,本科以上,学士及以上,,文化产业管理（B120210）；公共事业管理（B120401）；艺术与科技（B130509）,工商管理硕士（专业硕士）（A120205）；公共管理硕士（专业硕士）（A120406）；艺术设计硕士（专业硕士）（A130502）,40岁以下,,,,,,笔试+面试（一般类）,,,,,宝安区,深圳市宝安区总工会,40岁以下,
BA2025030C0001,2026-jizhong,深圳,深圳市宝安区土地整备事务中心,宣传管理,从事土地整备宣传管理工作。,专业技术类 十二级,1,应届毕业生,硕士研究生以上,硕士及以上,,,汉语言文字学（A050103）；新闻学（A050301）,40岁以下,,,,,,笔试+面试（一般类）,,,,,宝安区,深圳市宝安区城市更新和土地整备局,40岁以下,
BA2025030C0002,2026-jizhong,深圳,深圳市宝安区慢性病防治院,公卫医师,从事公共卫生工作。,专业技术类 十一级,1,应届毕业生,硕士研究生以上,硕士及以上,,,流行病与卫生统计学（A100401）；公共卫生硕士（专业硕士）（A100407）,40岁以下,,,,,,笔试+面试（医疗类（公共卫生与预防医学））,,,本科阶段所学专业须为“预防医学（B100701）”,,宝安区,深圳市宝安区卫生健康局,40岁以下；本科阶段所学专业须为“预防医学（B100701）”,
BA2025030C0003,2026-jizhong,深圳,深圳市宝安区公共卫生服务中心,公卫医师1,从事公共卫生工作。,专业技术类 十一级,2,应届毕业生,硕士研究生以上,硕士及以上,,,公共卫生与预防医学（A1004）,40岁以下,,,,,,笔试+面试（医疗类（公共卫生与预防医学））,,,,,宝安区,深圳市宝安区卫生健康局,40岁以下,
BA2025030C0004,2026-jizhong,深圳,深圳市宝安区城管工程事务中心,工程管理,从事工程管理工作。,专业技术类 十一级,1,应届毕业生,硕士研究生以上,硕士及以上,,,建筑学（A0813）；土木工程（A0814）,40岁以下,,,,,,笔试+面试（一般类）,,,,,宝安区,深圳市宝安区城市管理和综合执法局,40岁以下,
BA2025030C0005,2026-jizhong,深圳,深圳市宝安区市容环境综合管理服务中心,环境技术管理,从事垃圾处理设施运营、生活垃圾处理技术等相关工作。,专业技术类 十一级,1,应届毕业生,硕士研究生以上,硕士及以上,,,环境科学与工程（A0830）,40岁以下,,,,,,笔试+面试（一般类）,,,,,宝安区,深圳市宝安区城市管理和综合执法局,40岁以下,
BA2025030C0006,2026-jizhong,深圳,深圳市宝安区公园管理中心,电气管理,从事公园各类电气设施设备等技术类管理指导工作。,专业技术类 十一级,1,应届毕业生,硕士研究生以上,硕士及以上,,,电气工程（A0808）,40岁以下,,,,,,笔试+面试（一般类）,,,,,宝安区,深圳市宝安区城市管理和综合执法局,40岁以下,
BA2025030C0007,2026-jizhong,深圳,深圳市宝安区公园管理中心,林业管理,从事森林保护等管理及指导工作。,专业技术类 十一级,1,应届毕业生,硕士研究生以上,硕士及以上,,,森林保护学（A091203）；林业硕士（专业硕士）（A091208）,40岁以下,,,,,,笔试+面试（一般类）,,,,,宝安区,深圳市宝安区城市管理和综合执法局,40岁以下,
BA2025030C0008,2026-jizhong,深圳,深圳市宝安区石岩街道综合事务中心,企业服务,从事企业走访、服务等工作。,管理类 九级,1,应届毕业生,本科以上,学士及以上,,经济学类（B0201）；金融学类（B0203）；经济与贸易类（B0204）；统计学类（B0711）,应用经济学（A0202）；统计学（A0714）,40岁以下,,,,,,笔试+面试（一般类）,,,,,宝安区,深圳市宝安区石岩街道办事处,40岁以下,
BA2025030C0009,2026-jizhong,深圳,深圳市宝安区新安街道综合事务中心,会务服务,从事公文办理、材料起草等工作。,管理类 九级,1,应届毕业生,本科以上,学士及以上,,汉语言文学（B050101）；新闻传播学类（B0503）；工商管理类（B1202）,中国语言文学（A0501）；新闻传播学（A0503）；工商管理（A1202）,40岁以下,,,,,,笔试+面试（一般类）,,,,,宝安区,深圳市宝安区新安街道办事处,40岁以下,
BA2025030C0010,2026-jizhong,深圳,深圳市宝安区新安街道综合事务中心,公共服务,从事公共服务工作。,管理类 九级,1,应届毕业生,本科以上,学士及以上,,社会学类（B0303）；心理学类（B0712）；计算机类（B0809）；公共管理类（B1204）,社会学（A0303）；心理学（A0402）；计算机科学与技术（A0812）；公共管理（A1204）,40岁以下,,,,,,笔试+面试（一般类）,,,,,宝安区,深圳市宝安区新安街道办事处,40岁以下,
BA2025030C0011,2026-jizhong,深圳,深圳市宝安区航城街道综合事务中心,数据分析,从事数据统计分析等相关工作。,管理类 九级,1,应届毕业生,本科以上,学士及以上,,经济学类（B0201）；财政学类（B0202）；金融学类（B0203）；统计学类（B0711）；工商管理类（B1202）,应用经济学（A0202）；统计学（A0714）；工商管理（A1202）,40岁以下,,,,,,笔试+面试（一般类）,,,,,宝安区,深圳市宝安区航城街道办事处,40岁以下,
BA2025030C0012,2026-jizhong,深圳,深圳市宝安区航城街道综合事务中心,规划建设,从事规划建设等相关工作。,管理类 九级,1,应届毕业生,本科以上,学士及以上,,建筑类（B0810）；土木类（B0811）；测绘类（B0813）；环境科学与工程类（B0826）；管理科学与工程类（B1201）,建筑学（A0813）；土木工程（A0814）；测绘科学与技术（A0816）；环境科学与工程（A0830）；城乡规划学（A0833）；资源与环境（A0842）；管理科学与工程（A1201）,40岁以下,,,,,,笔试+面试（一般类）,,,,,宝安区,深圳市宝安区航城街道办事处,40岁以下,
BA2025030C0013,2026-jizhong,深圳,深圳市宝安区福永街道综合事务中心,城市工程,从事城市规划及工程设计等工作。,专业技术类 十一级,1,应届毕业生,硕士研究生以上,硕士及以上,,,城乡规划学（A0833）,40岁以下,,,,,,笔试+面试（一般类）,,,,,宝安区,深圳市宝安区福永街道办事处,40岁以下,
BA2025030C0014,2026-jizhong,深圳,深圳市宝安区福永街道综合事务中心,信息数据,从事人工智能与大数据应用等工作。,专业技术类 十一级,1,应届毕业生,硕士研究生以上,硕士及以上,,,新一代电子信息技术硕士（专业硕士）（A084001）；人工智能硕士（专业硕士）（A084010）；大数据技术与工程（专业硕士）（A084011）,40岁以下,,,,,,笔试+面试（一般类）,,,,,宝安区,深圳市宝安区福永街道办事处,40岁以下,
BA2025030C0015,2026-jizhong,深圳,深圳市宝安区信息中心,速办技术岗,从事政务平台、数据方面技术保障工作。,专业技术类 十一级,1,应届毕业生,博士研究生,博士,,,计算机科学与技术（A0812）；软件工程（A0835）,40岁以下,,,,,,笔试+面试（一般类）,,,本科阶段所学专业须为“计算机类（B0809）”，硕士研究生阶段所学专业须为“计算机科学与技术（A0812）、软件工程（A0835）”,,宝安区,深圳市宝安区政务服务和数据管理局,40岁以下；本科阶段所学专业须为“计算机类（B0809）”，硕士研究生阶段所学专业须为“计算机科学与技术（A0812）、软件工程（A0835）”,
BA2025030E0001,2026-jizhong,深圳,深圳市宝安区燕罗街道党群服务中心,综合管理,从事综合管理相关工作。,管理类 九级,1,不限,本科以上,学士及以上,,汉语言文学（B050101）；秘书学（B050107）；新闻学（B050301）,汉语言文字学（A050103）；新闻学（A050301）,40岁以下,,,,,中共党员（含预备党员）,笔试+面试（一般类）,,,,,宝安区,深圳市宝安区燕罗街道办事处,40岁以下；中共党员（含预备党员）,
BA2025030E0002,2026-jizhong,深圳,深圳市宝安区燕罗街道党群服务中心,文体服务,从事群众文化音乐创作、编排、演唱、活动组织等工作。,专业技术类 十二级,2,不限,本科以上,学士及以上,,音乐表演（B130201）；音乐学（B130202）；流行音乐（B130209）,音乐硕士（专业硕士）（A130202）,40岁以下,,,,,,笔试+面试（一般类）,,,,,宝安区,深圳市宝安区燕罗街道办事处,40岁以下,
BA2025030E0003,2026-jizhong,深圳,深圳市宝安区新桥街道网格综合管理中心,安全巡查,从事安全巡查工作。,管理类 九级,1,不限,本科以上,学士及以上,,安全工程（B083001）；消防工程（B083102）,安全科学与工程（A083701）,40岁以下,,,,,,笔试+面试（一般类）,,,,,宝安区,深圳市宝安区新桥街道办事处,40岁以下,
BA2025030E0004,2026-jizhong,深圳,深圳市宝安区沙井街道网格综合管理中心,网格综合管理,从事综合性文字材料、宣传和党务工作。,管理类 九级,1,不限,本科以上,学士及以上,,社会工作（B030302）；新闻传播学类（B0503）；公共事业管理（B120401）,社会工作硕士（专业硕士）（A030305）；新闻传播学（A0503）；公共管理硕士（专业硕士）（A120406）,40岁以下,,2年以上相关工作经历,,,中共党员（含预备党员）,笔试+面试（一般类）,,,,,宝安区,深圳市宝安区沙井街道办事处,40岁以下；中共党员（含预备党员）；2年以上相关工作经历,
BA2025030E0005,2026-jizhong,深圳,深圳市宝安区退役军人服务中心,就业创业指导,从事退役军人就业创业服务保障工作。,管理类 九级,1,不限,本科以上,学士及以上,,法学（B030101）；公共事业管理（B120401）；行政管理（B120402）,法律（法学）（A030112）；行政管理（A120401）；公共管理硕士（专业硕士）（A120406）,40岁以下,,2年以上相关工作经历,,,,笔试+面试（一般类）,,,,,宝安区,深圳市宝安区退役军人事务局,40岁以下；2年以上相关工作经历,
BA2025030E0006,2026-jizhong,深圳,深圳市宝安区土地整备事务中心,项目管理,从事土地整备项目管理工作。,专业技术类 十二级,1,不限,本科以上,学士及以上,,人文地理与城乡规划（B070503）；城乡规划（B081002）；土地资源管理（B120404）,城市规划与设计(含∶风景园林规划与设计)（A081303）；城乡规划学（A0833）；土地资源管理（A120405）,40岁以下,,2年以上相关工作经历,,,,笔试+面试（一般类）,,,,,宝安区,深圳市宝安区城市更新和土地整备局,40岁以下；2年以上相关工作经历,
BA2025030E0007,2026-jizhong,深圳,深圳市宝安区慢性病防治院,会计,从事会计工作。,专业技术类 十一级,1,不限,硕士研究生以上,硕士及以上,,,会计学（A120201）；会计硕士（专业硕士）（A120206）,40岁以下,,2年以上相关工作经历,,助理会计师（会计初级资格）,,笔试+面试（一般类）,,,本科阶段所学专业须为会计学（B120203）,,宝安区,深圳市宝安区卫生健康局,40岁以下；2年以上相关工作经历；本科阶段所学专业须为会计学（B120203）,
BA2025030E0008,2026-jizhong,深圳,深圳市宝安区卫生事业发展中心,项目管理,从事卫生事业发展规划、基建项目管理等工作。,专业技术类 十一级,1,不限,硕士研究生以上,硕士及以上,,,建筑学（A0813）；环境科学与工程（A0830）；城乡规划学（A0833）,40岁以下,,2年以上相关工作经历,,,,笔试+面试（一般类）,,,,,宝安区,深圳市宝安区卫生健康局,40岁以下；2年以上相关工作经历,
BA2025030E0009,2026-jizhong,深圳,深圳市宝安区公共卫生服务中心,公卫医师2,从事公共卫生工作。,专业技术类 十一级,2,不限,硕士研究生以上,硕士及以上,,,公共卫生与预防医学（A1004）,40岁以下,,2年以上相关工作经历,具有公共卫生医师执业证书,医师,,笔试+面试（医疗类（公共卫生与预防医学））,,,,,宝安区,深圳市宝安区卫生健康局,40岁以下；2年以上相关工作经历；具有公共卫生医师执业证书,
BA2025030E0010,2026-jizhong,深圳,深圳市宝安区公共卫生服务中心,公卫医师3,从事公共卫生工作。,专业技术类 十一级,1,不限,本科以上,学士及以上,,预防医学（B100701）；食品卫生与营养学（B100702）；妇幼保健医学（B100703）；卫生监督（B100704）,公共卫生与预防医学（A1004）,40岁以下,,,具有公共卫生中级及以上专业技术资格证书,,,笔试+面试（医疗类（公共卫生与预防医学））,,,,,宝安区,深圳市宝安区卫生健康局,40岁以下；具有公共卫生中级及以上专业技术资格证书,
BA2025030E0011,2026-jizhong,深圳,深圳市宝安区城管工程事务中心,工程造价管理,从事工程造价管理工作。,专业技术类 十一级,1,不限,硕士研究生以上,硕士及以上,,,建筑学（A0813）；土木工程（A0814）；水利工程（A0815）；测绘科学与技术（A0816）；交通运输工程（A0823）；城乡规划学（A0833）；风景园林学（A0834）；安全科学与工程（A0837）；交通运输（A0847）,40岁以下,,2年以上相关工作经历,具有造价工程师职业资格证书,,,笔试+面试（一般类）,,,,,宝安区,深圳市宝安区城市管理和综合执法局,40岁以下；2年以上相关工作经历；具有造价工程师职业资格证书,
BA2025030E0012,2026-jizhong,深圳,深圳市宝安区市容环境综合管理服务中心,园林景观管理,从事园林景观、城市道路养护和管理等技术工作。,专业技术类 十一级,1,不限,硕士研究生以上,硕士及以上,,,植物病理学（A090401）；农业昆虫与害虫防治（A090402）,40岁以下,,,,,,笔试+面试（一般类）,,,,,宝安区,深圳市宝安区城市管理和综合执法局,40岁以下,
BA2025030E0013,2026-jizhong,深圳,深圳市宝安区石岩街道综合事务中心,会计核算,从事财务等工作。,专业技术类 十二级,1,不限,本科以上,学士及以上,,会计学（B120203）；财务管理（B120204）；审计学（B120207）,审计硕士（专业硕士）（A020218）；会计学（A120201）；企业管理（含：财务管理、市场营销、人力资源管理）（A120202）；会计硕士（专业硕士）（A120206）,40岁以下,,2年以上相关工作经历,,助理会计师（会计初级资格）,,笔试+面试（一般类）,,,以研究生企业管理专业报考的，仅限研究方向为财务管理,,宝安区,深圳市宝安区石岩街道办事处,40岁以下；2年以上相关工作经历；以研究生企业管理专业报考的，仅限研究方向为财务管理,
BA2025030E0014,2026-jizhong,深圳,深圳市宝安区石岩街道综合事务中心,综合管理,从事综合性事务管理等工作。,管理类 九级,1,不限,本科以上,学士及以上,,法学（B03）；中国语言文学类（B0501）；新闻传播学类（B0503）；工商管理类（B1202）；公共管理类（B1204）,法学（A03）；中国语言文学（A0501）；新闻传播学（A0503）；工商管理（A1202）；公共管理（A1204）,40岁以下,,,,,,笔试+面试（一般类）,,,,,宝安区,深圳市宝安区石岩街道办事处,40岁以下,
BA2025030E0015,2026-jizhong,深圳,深圳市宝安区石岩街道综合事务中心,工程管理,从事建设工程项目管理等工作。,专业技术类 十二级,1,不限,本科以上,学士及以上,,建筑类（B0810）；土木类（B0811）；管理科学与工程类（B1201）,建筑学（A0813）；土木工程（A0814）；城乡规划学（A0833）；管理科学与工程（A1201）,40岁以下,,2年以上相关工作经历,,助理工程师,,笔试+面试（一般类）,,,,,宝安区,深圳市宝安区石岩街道办事处,40岁以下；2年以上相关工作经历,
BA2025030E0016,2026-jizhong,深圳,深圳市宝安区新安街道综合事务中心,城市管理,从事城市管理工作。,专业技术类 十二级,1,不限,本科以上,学士及以上,,风景园林（B081003）；环境科学与工程（B082601）；环境工程（B082602）,环境科学与工程（A0830）；风景园林学（A0834）,40岁以下,,,,,,笔试+面试（一般类）,,,,,宝安区,深圳市宝安区新安街道办事处,40岁以下,
BA2025030E0017,2026-jizhong,深圳,深圳市宝安区新安街道综合事务中心,企业联络,从事企业服务工作。,管理类 九级,1,不限,本科以上,学士及以上,,经济学类（B0201）；金融学类（B0203）,应用经济学（A0202）,40岁以下,,,,,,笔试+面试（一般类）,,,,,宝安区,深圳市宝安区新安街道办事处,40岁以下,
BA2025030E0018,2026-jizhong,深圳,深圳市宝安区福永街道综合事务中心,综合文秘,从事文字材料撰写及新闻传播等工作。,管理类 九级,1,不限,硕士研究生以上,硕士及以上,,,新闻传播学（A0503）,40岁以下,,,,,,笔试+面试（一般类）,,,,,宝安区,深圳市宝安区福永街道办事处,40岁以下,
BA2025030E0019,2026-jizhong,深圳,深圳市宝安区燕罗街道综合事务中心,工程管理,从事工程管理相关工作。,专业技术类 十二级,1,不限,本科以上,学士及以上,,建筑类（B0810）；土木类（B0811）,建筑学（A0813）；土木工程（A0814）,40岁以下,,,,,,笔试+面试（一般类）,,,,,宝安区,深圳市宝安区燕罗街道办事处,40岁以下,
BA2025030E0020,2026-jizhong,深圳,深圳市宝安区燕罗街道集体资产事务中心,工程审计,从事工程审计相关工作。,专业技术类 十二级,1,不限,本科以上,学士及以上,,土木工程（B081101）；工程管理（B120103）；工程审计（B120109）；审计学（B120207）,审计硕士（专业硕士）（A020218）；土木工程（A0814）；工程管理硕士（专业硕士）（A120102）,40岁以下,,,,,,笔试+面试（一般类）,,,,,宝安区,深圳市宝安区燕罗街道办事处,40岁以下,
BA2025030E0021,2026-jizhong,深圳,深圳市宝安区松岗街道综合事务中心,工程事务,从事市政工程等工作。,专业技术类 十二级,1,不限,本科以上,学士及以上,,人文地理与城乡规划（B070503）；地理信息科学（B070504）；建筑类（B0810）；土木类（B0811）；水利类（B0812）；测绘类（B0813）；环境科学与工程类（B0826）；园艺（B090102）；植物保护（B090103）,地图学与地理信息系统（A070503）；建筑学（A0813）；土木工程（A0814）；水利工程（A0815）；测绘科学与技术（A0816）；环境科学与工程（A0830）；城乡规划学（A0833）；风景园林学（A0834）；测绘工程硕士（专业硕士）（A084204）；土木水利（A0844）；园艺学（A0902）；植物保护（A0904）,40岁以下,,,,,,笔试+面试（一般类）,,,,,宝安区,深圳市宝安区松岗街道办事处,40岁以下,
BA2025030E0022,2026-jizhong,深圳,深圳市宝安区新桥街道综合事务中心,企业服务,从事企业服务工作。,专业技术类 十二级,1,不限,本科以上,学士及以上,,经济学（B020101）；商务经济学（B020105）,区域经济学（A020202）；产业经济学（A020205）,40岁以下,,,,,,笔试+面试（一般类）,,,,,宝安区,深圳市宝安区新桥街道办事处,40岁以下,
BA2025030E0023,2026-jizhong,深圳,深圳市宝安区沙井街道综合事务中心,行政事务服务,从事后勤管理、企业对接等工作。,管理类 九级,1,不限,本科以上,学士及以上,,工商管理类（B1202）；电子商务类（B1208）,工商管理（A1202）,40岁以下,,,,,,笔试+面试（一般类）,,,,,宝安区,深圳市宝安区沙井街道办事处,40岁以下,
BA2025030E0024,2026-jizhong,深圳,深圳市宝安区社会福利中心,护理质量管理,从事护理质量管理工作。,管理类 九级,1,不限,硕士研究生以上,硕士及以上,,,护理学（A100209）；康复医学与理疗学（A100215）；护理硕士（专业硕士）（A100228）；康复医学与理疗学硕士（专业硕士）（A100233）；公共卫生硕士（专业硕士）（A100407）,40岁以下,,,,,,笔试+面试（一般类）,,,,,宝安区,深圳市宝安区民政局,40岁以下,
BA2025030E0025,2026-jizhong,深圳,深圳市宝安区社会福利中心,智慧养老服务与管理,从事智慧养老服务与管理工作。,管理类 九级,1,不限,硕士研究生以上,硕士及以上,,,人工智能硕士（专业硕士）（A084010）；大数据技术与工程（专业硕士）（A084011）,40岁以下,,,,,,笔试+面试（一般类）,,,,,宝安区,深圳市宝安区民政局,40岁以下,
BA2025030E0026,2026-jizhong,深圳,深圳市宝安区职业训练中心,数据处理,从事数据处理工作。,管理类 九级,1,不限,硕士研究生以上,硕士及以上,,,计算机科学与技术（A0812）；计算机技术硕士（专业硕士）（A084004）；人工智能硕士（专业硕士）（A084010）,40岁以下,,2年以上相关工作经历,,,,笔试+面试（一般类）,,,,,宝安区,深圳市宝安区人力资源局,40岁以下；2年以上相关工作经历,
BA2025030E0027,2026-jizhong,深圳,深圳市宝安区住房和建设事务中心,监督管理,从事建设工程质量安全监督工作。,专业技术类 十二级,2,不限,本科以上,学士及以上,,土木类（B0811）,土木工程（A0814）,40岁以下,,2年以上相关工作经历,具有一级建造师或一级注册结构工程师或中级注册安全工程师职业资格证书,,,笔试+面试（一般类）,,,,,宝安区,深圳市宝安区住房和建设局,40岁以下；2年以上相关工作经历；具有一级建造师或一级注册结构工程师或中级注册安全工程师职业资格证书,
BA2025030E0028,2026-jizhong,深圳,深圳市宝安区住房和建设事务中心,综合管理,从事建设工程总结和分析报告、方案等综合工作。,专业技术类 十二级,1,不限,本科以上,学士及以上,,建筑学（B081001）；土木类（B0811）,建筑学（A0813）；土木工程（A0814）,40岁以下,,2年以上相关工作经历,,,,笔试+面试（一般类）,,,,,宝安区,深圳市宝安区住房和建设局,40岁以下；2年以上相关工作经历,
BA2025030E0029,2026-jizhong,深圳,深圳市宝安区住房和建设事务中心,节能检测,从事建筑材料检测工作。,专业技术类 十二级,1,不限,本科以上,学士及以上,,电气类（B0806）；土木类（B0811）,电气工程（A0808）；土木工程（A0814）,40岁以下,,2年以上相关工作经历,,工程师,,笔试+面试（一般类）,,,,,宝安区,深圳市宝安区住房和建设局,40岁以下；2年以上相关工作经历,
BA2025030E0030,2026-jizhong,深圳,深圳市宝安区住房和建设事务中心,决算审核,从事建设工程项目决（结）算审核工作。,专业技术类 十二级,1,不限,本科以上,学士及以上,,土木类（B0811）,土木工程（A0814）,40岁以下,,2年以上相关工作经历,具有一级造价工程师（土建）职业资格证书,,,笔试+面试（一般类）,,,,,宝安区,深圳市宝安区住房和建设局,40岁以下；2年以上相关工作经历；具有一级造价工程师（土建）职业资格证书,
BA2025030E0031,2026-jizhong,深圳,深圳市宝安区住房和建设事务中心,技术管理,从事建设工程技术管理工作。,专业技术类 十二级,1,不限,本科以上,学士及以上,,电气工程及其自动化（B080601）；土木类（B0811）,电气工程（A0808）；土木工程（A0814）,40岁以下,,2年以上相关工作经历,具有一级注册结构工程师或注册电气工程师职业资格证书,,,笔试+面试（一般类）,,,,,宝安区,深圳市宝安区住房和建设局,40岁以下；2年以上相关工作经历；具有一级注册结构工程师或注册电气工程师职业资格证书,
BA2025030E0032,2026-jizhong,深圳,深圳市宝安区企业服务中心,企业服务,从事企业服务等相关工作。,管理类 九级,1,不限,硕士研究生以上,硕士及以上,,,国民经济学（A020201）；区域经济学（A020202）；金融学（含∶保险学）（A020204）；产业经济学（A020205）；国际贸易学（A020206）；金融硕士（专业硕士）（A020212）,40岁以下,,2年以上相关工作经历,,,,笔试+面试（一般类）,,,,,宝安区,深圳市宝安区企业服务中心,40岁以下；2年以上相关工作经历,
BA2025030E0033,2026-jizhong,深圳,深圳市宝安区企业服务中心,经济研究,从事经济分析、产业研究等工作。,管理类 九级,1,不限,硕士研究生以上,硕士及以上,,,政治经济学（A020101）；西方经济学（A020104）；金融学（含∶保险学）（A020204）；产业经济学（A020205）；数量经济学（A020209）；金融硕士（专业硕士）（A020212）,40岁以下,,2年以上相关工作经历,,,,笔试+面试（一般类）,,,,,宝安区,深圳市宝安区企业服务中心,40岁以下；2年以上相关工作经历,
BA2025030E0034,2026-jizhong,深圳,深圳市宝安区建筑工务署,建筑电气工程项目管理,从事工程项目电气专业相关施工管理工作。,专业技术类 十三级,1,不限,本科以上,学士及以上,,电气工程及其自动化（B080601）；电气工程与智能控制（B080604）；建筑电气与智能化（B081104）,电气工程（A0808）,40岁以下,,2年以上相关工作经历,,工程师,,笔试+面试（一般类）,,,,,宝安区,深圳市宝安区建筑工务署,40岁以下；2年以上相关工作经历,
BA2025030E0035,2026-jizhong,深圳,深圳市宝安区建筑工务署,园林景观工程项目管理,从事工程项目园林景观专业相关施工管理工作。,专业技术类 十三级,1,不限,本科以上,学士及以上,,建筑学（B081001）；风景园林（B081003）,城市规划与设计(含∶风景园林规划与设计)（A081303）；风景园林学（A083401）；风景园林硕士（专业硕士）（A083402）,40岁以下,,2年以上相关工作经历,,工程师,,笔试+面试（一般类）,,,,,宝安区,深圳市宝安区建筑工务署,40岁以下；2年以上相关工作经历,
BA2025030E0036,2026-jizhong,深圳,深圳市宝安区建筑工务署,建筑装饰工程项目管理,从事工程项目装饰装修专业相关施工管理工作。,专业技术类 十三级,1,不限,本科以上,学士及以上,,建筑学（B081001）；土木工程（B081101）；工程管理（B120103）,建筑设计及其理论（A081302）；建筑学硕士（专业硕士）（A081305）；结构工程（A081402）；管理科学与工程（A120101）；工程管理硕士（专业硕士）（A120102）,40岁以下,,2年以上相关工作经历,,工程师,,笔试+面试（一般类）,,,,,宝安区,深圳市宝安区建筑工务署,40岁以下；2年以上相关工作经历,
LG2025026C0001,2026-jizhong,深圳,深圳市龙岗区流域管理中心,运行管理初级岗,从事流域一体化运营管理工作。,专业技术类 十一级,2,应届毕业生,硕士研究生,硕士,,,市政工程（A081404）；水利工程（A0815）；环境科学与工程（A0830）；水利工程硕士（专业硕士）（A084402）；市政工程硕士（专业硕士）（A084405）,40岁以下,,,,,,笔试+面试（一般类）,,,,,龙岗区,深圳市龙岗区水务局,40岁以下,
LG2025026C0002,2026-jizhong,深圳,深圳市龙岗区流域管理中心,综合岗,从事综合事务相关工作。,管理类 九级,1,应届毕业生,硕士研究生,硕士,,,市政工程（A081404）；水利工程（A0815）；环境科学与工程（A0830）；水利工程硕士（专业硕士）（A084402）；市政工程硕士（专业硕士）（A084405）,40岁以下,,,,,,笔试+面试（一般类）,,,,,龙岗区,深圳市龙岗区水务局,40岁以下,
LG2025026C0003,2026-jizhong,深圳,深圳市龙岗区文化馆,文化服务,从事应用人工智能技术提升公益性文化服务精准性、优化文艺创作指导、强化总分馆资源联动效能，并辅助非物质文化遗产保护与利用工作。,专业技术类 十三级,1,应届毕业生,本科,学士,,人工智能（B080717）；智能科学与技术（B080907）,,40岁以下,,,,,,笔试+面试（一般类）,,,,,龙岗区,深圳市龙岗区文化广电旅游体育局,40岁以下,
LG2025026C0004,2026-jizhong,深圳,深圳市龙岗区公共文化服务和产业促进中心,产业规划,从事研究人工智能与文化产业的融合点，策划并支持相关项目，助力文化产业技术创新与竞争力提升工作。,专业技术类 十三级,1,应届毕业生,本科,学士,,人工智能（B080717）；智能科学与技术（B080907）,,40岁以下,,,,,,笔试+面试（一般类）,,,,,龙岗区,深圳市龙岗区文化广电旅游体育局,40岁以下,
LG2025026C0005,2026-jizhong,深圳,深圳市龙岗区公共文化服务和产业促进中心,剧场管理,从事统筹舞台技术管理和对接演出团队落实演出任务工作。,专业技术类 十三级,1,应届毕业生,本科以上,学士及以上,,艺术管理（B130102）；音乐表演（B130201）；音乐学（B130202）；戏剧影视导演（B130306）；戏剧影视美术设计（B130307）,音乐硕士（专业硕士）（A130202）；戏剧与影视学（A130301）；戏剧硕士（专业硕士）（A130302）,40岁以下,,,,,,笔试+面试（一般类）,,,,,龙岗区,深圳市龙岗区文化广电旅游体育局,40岁以下,
LG2025026C0006,2026-jizhong,深圳,深圳市龙岗区疾病预防控制中心,医师,从事辖区内传染病疫情监测、疫情调查与处置、环境卫生、学校卫生健康危害因素监测等工作。,专业技术类 十一级,5,应届毕业生,硕士研究生以上,硕士及以上,,,流行病与卫生统计学（A100401）；劳动卫生与环境卫生学（A100402）,40岁以下,,,,,,笔试+面试（医疗类（公共卫生与预防医学））,,,本科专业须为公共卫生与预防医学类（B1007）,,龙岗区,深圳市龙岗区卫生健康局,40岁以下；本科专业须为公共卫生与预防医学类（B1007）。,
LG2025026C0007,2026-jizhong,深圳,深圳市龙岗区疾病预防控制中心,技师,从事传染病病原、公共场所等样本监测及微生物检测等工作。,专业技术类 十一级,1,应届毕业生,硕士研究生以上,硕士及以上,,,病原生物学（A100103）；流行病与卫生统计学（A100401）,40岁以下,,,,,,笔试+面试（医疗类（公共卫生与预防医学））,,,本科专业须为医学检验技术（B100401）或卫生检验与检疫（B100407）,,龙岗区,深圳市龙岗区卫生健康局,40岁以下；本科专业须为医学检验技术（B100401）或卫生检验与检疫（B100407）。,
LG2025026C0008,2026-jizhong,深圳,深圳市龙岗区社区健康服务管理中心,社康管理岗,从事社康业务质量管理工作。,管理类 九级,1,应届毕业生,硕士研究生以上,硕士及以上,,,全科医学（专业硕士）（A100237）；公共卫生与预防医学（A1004）；社会医学与卫生事业管理（A120402）,40岁以下,,,,,,笔试+面试（一般类）,,,,,龙岗区,深圳市龙岗区卫生健康局,40岁以下,
LG2025026C0009,2026-jizhong,深圳,深圳市龙岗区卫生健康项目推进中心,项目监督岗,从事卫生健康项目管理监督工作。,专业技术类 十一级,1,应届毕业生,硕士研究生以上,硕士及以上,,,基础医学（A1001）；临床医学（A1002）；公共卫生与预防医学（A1004）；中医学（A1005）；中西医结合（A1006）；社会医学与卫生事业管理（A120402）,40岁以下,,,,,,笔试+面试（一般类）,,,,,龙岗区,深圳市龙岗区卫生健康局,40岁以下,
LG2025026C0010,2026-jizhong,深圳,深圳市龙岗区横岗公共卫生服务中心,疾病预防控制岗,从事疾病预防控制或卫生监督工作。,专业技术类 十二级,2,应届毕业生,硕士研究生以上,硕士及以上,,,流行病与卫生统计学（A100401）；劳动卫生与环境卫生学（A100402）；公共卫生硕士（专业硕士）（A100407）,40岁以下,,,,,,笔试+面试（医疗类（公共卫生与预防医学））,,,本科专业须为公共卫生与预防医学类(B1007),,龙岗区,深圳市龙岗区卫生健康局,40岁以下；本科专业须为公共卫生与预防医学类(B1007)。,
LG2025026C0011,2026-jizhong,深圳,深圳市龙岗区坂田公共卫生服务中心,疾病预防控制岗,从事疾病预防控制工作。,专业技术类 十一级,1,应届毕业生,硕士研究生以上,硕士及以上,,,流行病与卫生统计学（A100401）；公共卫生硕士（专业硕士）（A100407）,40岁以下,,,,,,笔试+面试（医疗类（公共卫生与预防医学））,,,本科专业须为公共卫生与预防医学类（B1007）,,龙岗区,深圳市龙岗区卫生健康局,40岁以下；本科专业须为公共卫生与预防医学类（B1007）。,
LG2025026C0012,2026-jizhong,深圳,深圳市龙岗区园山公共卫生服务中心,劳动与环境卫生技术岗,从事劳动与环境卫生工作。,专业技术类 十一级,1,应届毕业生,硕士研究生以上,硕士及以上,,,流行病与卫生统计学（A100401）；劳动卫生与环境卫生学（A100402）,40岁以下,,,,,,笔试+面试（医疗类（公共卫生与预防医学））,,,本科专业须为公共卫生与预防医学类（B1007）,,龙岗区,深圳市龙岗区卫生健康局,40岁以下；本科专业须为公共卫生与预防医学类（B1007）。,
LG2025026C0013,2026-jizhong,深圳,深圳市龙岗区家庭发展中心,综合管理岗,从事卫生健康综合管理类工作。,管理类 九级,1,应届毕业生,硕士研究生以上,硕士及以上,,,行政管理（A120401）；社会医学与卫生事业管理（A120402）；社会保障（A120404）；公共管理硕士（专业硕士）（A120406）,40岁以下,,,,,,笔试+面试（一般类）,,,,,龙岗区,深圳市龙岗区卫生健康局,40岁以下,
LG2025026C0014,2026-jizhong,深圳,深圳市龙岗区南湾街道综合事务中心,工程管理岗,从事建设工程管理及城市安全管理（边坡、燃气、水务）等相关工作，需夜间巡查、处置相关工作。,管理类 九级,1,应届毕业生,硕士研究生以上,硕士及以上,,,土木工程（A0814）；土木工程硕士（专业硕士）（A084401）；市政工程硕士（专业硕士）（A084405）,40岁以下,,,,,,笔试+面试（一般类）,,,,,龙岗区,深圳市龙岗区南湾街道办事处,40岁以下,
LG2025026C0015,2026-jizhong,深圳,深圳市龙岗区横岗街道统计和企业服务中心,信息技术岗,从事信息技术服务工作。,专业技术类 十三级,1,应届毕业生,本科以上,学士及以上,,信息与计算科学（B070102）；电子信息类（B0807）；计算机类（B0809）；信息管理与信息系统（B120102）,电子科学与技术（A0809）；信息与通信工程（A0810）；计算机科学与技术（A0812）,40岁以下,,,,,,笔试+面试（一般类）,,,,,龙岗区,深圳市龙岗区横岗街道办事处,40岁以下,
LG2025026C0016,2026-jizhong,深圳,深圳市龙岗区横岗街道统计和企业服务中心,经济服务岗,从事经济发展服务工作。,管理类 九级,1,应届毕业生,本科以上,学士及以上,,经济学类（B0201）；财政学类（B0202）；金融学类（B0203）；经济与贸易类（B0204）,理论经济学（A0201）；应用经济学（A0202）,40岁以下,,,,,,笔试+面试（一般类）,,,,,龙岗区,深圳市龙岗区横岗街道办事处,40岁以下,
LG2025026C0017,2026-jizhong,深圳,深圳市龙岗区坂田街道综合事务中心,工程技术岗,从事工程管理工作。,管理类 九级,1,应届毕业生,本科以上,学士及以上,,交通运输类（B0819）；环境科学与工程类（B0826）；安全科学与工程类（B0830）；管理科学与工程类（B1201）；物流工程（B120602）,交通运输工程（A0823）；环境科学与工程（A0830）；安全科学与工程（A0837）；环境工程硕士（专业硕士）（A084201）；安全工程硕士（专业硕士）（A084202）；交通运输（A0847）；管理科学与工程（A1201）,40岁以下,,,,,,笔试+面试（一般类）,,,,,龙岗区,深圳市龙岗区坂田街道办事处,40岁以下,
LG2025026C0018,2026-jizhong,深圳,深圳市龙岗区坂田街道综合事务中心,规划建设岗,从事规划建设工作。,专业技术类 十三级,1,应届毕业生,本科以上,学士及以上,,人文地理与城乡规划（B070503）；建筑学（B081001）；城乡规划（B081002）；历史建筑保护工程（B081004）；人居环境科学与技术（B081005）；城市设计（B081006）；智慧建筑与建造（B081007）；土木类（B0811）；测绘类（B0813）,建筑学（A0813）；土木工程（A0814）；测绘科学与技术（A0816）；城乡规划学（A0833）；测绘工程硕士（专业硕士）（A084204）；土木工程硕士（专业硕士）（A084401）；市政工程硕士（专业硕士）（A084405）；人工环境工程硕士（专业硕士）（A084406）,40岁以下,,,,,,笔试+面试（一般类）,,,,,龙岗区,深圳市龙岗区坂田街道办事处,40岁以下,
LG2025026C0019,2026-jizhong,深圳,深圳市龙岗区坂田街道统计和企业服务中心,工程技术岗,从事工程管理工作。,管理类 九级,1,应届毕业生,本科以上,学士及以上,,交通运输类（B0819）；环境科学与工程类（B0826）；安全科学与工程类（B0830）；管理科学与工程类（B1201）；物流工程（B120602）,交通运输工程（A0823）；环境科学与工程（A0830）；安全科学与工程（A0837）；环境工程硕士（专业硕士）（A084201）；安全工程硕士（专业硕士）（A084202）；交通运输（A0847）；管理科学与工程（A1201）,40岁以下,,,,,,笔试+面试（一般类）,,,,,龙岗区,深圳市龙岗区坂田街道办事处,40岁以下,
LG2025026C0020,2026-jizhong,深圳,深圳市龙岗区平湖街道统计和企业服务中心,企业服务岗,从事产业项目建设服务工作。,专业技术类 十三级,1,应届毕业生,本科以上,学士及以上,,机械设计制造及其自动化（B080202）；电气工程及其自动化（B080601）；电子信息工程（B080701）；电子科学与技术（B080702）；计算机科学与技术（B080901）；软件工程（B080902）,机械制造及其自动化（A080201）；电气工程（A0808）；电子科学与技术（A0809）；信息与通信工程（A0810）；控制科学与工程（A0811）；计算机科学与技术（A0812）；电子信息（A0840）；集成电路科学与工程（A1401）,40岁以下,,,,,,笔试+面试（一般类）,,,,,龙岗区,深圳市龙岗区平湖街道办事处,40岁以下,
LG2025026C0021,2026-jizhong,深圳,深圳市龙岗区企业服务中心,服务专员,从事政府信息化项目建设及运营工作。,专业技术类 十一级,1,应届毕业生,硕士研究生,硕士,,,电子科学与技术（A0809）；信息与通信工程（A0810）；计算机科学与技术（A0812）；软件工程（A0835）,40岁以下,,,,,,笔试+面试（一般类）,,,,,龙岗区,深圳市龙岗区企业服务中心,40岁以下,
LG2025026C0022,2026-jizhong,深圳,深圳市龙岗区企业服务中心,服务专员,从事企业服务工作。,专业技术类 十一级,1,应届毕业生,硕士研究生,硕士,,,经济学（A02）；法学（A03）；管理学（A12）,40岁以下,,,,,,笔试+面试（一般类）,,,,,龙岗区,深圳市龙岗区企业服务中心,40岁以下,
LG2025027A0001,2026-jizhong,深圳,深圳市龙岗区党员教育中心,综合信息技术岗,从事信息化建设及维护工作。,管理类 九级,2,应届毕业生,本科以上,学士及以上,,数学类（B0701）；统计学类（B0711）；电子信息类（B0807）；计算机类（B0809）；信息管理与信息系统（B120102）；大数据管理与应用（B120107）,数学（A0701）；系统科学（A0711）；统计学（A0714）；电子科学与技术（A0809）；信息与通信工程（A0810）；计算机科学与技术（A0812）；软件工程（A0835）；网络空间安全（A0839）；电子信息（A0840）,40岁以下,,,,,中共党员（含预备党员）,笔试+面试（一般类）,,,,,龙岗区,中共深圳市龙岗区委组织部,40岁以下；中共党员（含预备党员）,
LG2025027A0002,2026-jizhong,深圳,深圳市龙岗区互联网信息中心,综合管理,从事网络综合治理和网络安全管理等工作。,管理类 九级,1,应届毕业生,本科以上,学士及以上,,计算机类（B0809）,计算机科学与技术（A0812）；软件工程（A0835）；网络空间安全（A0839）；计算机技术硕士（专业硕士）（A084004）；软件工程硕士（专业硕士）（A084005）；人工智能硕士（专业硕士）（A084010）；大数据技术与工程（专业硕士）（A084011）；网络与信息安全硕士（专业硕士）（A084012）,40岁以下,,,,,,笔试+面试（一般类）,,,,,龙岗区,中共深圳市龙岗区委宣传部,40岁以下,
LG2025027A0003,2026-jizhong,深圳,深圳市龙岗区廉洁建设研究中心,综合监督岗,从事纪检监察改革创新工作。,管理类 九级,1,应届毕业生,本科以上,学士及以上,,法学（B030101）；纪检监察（B030108）；会计学（B120203）；审计学（B120207）,审计硕士（专业硕士）（A020218）；刑法学（A030104）；经济法学（A030107）；会计学（A120201）；会计硕士（专业硕士）（A120206）,40岁以下,,,,,中共党员(含预备党员）,笔试+面试（一般类）,,,,,龙岗区,中国共产党深圳市龙岗区纪律检查委员会,40岁以下；中共党员(含预备党员）,
LG2025027A0004,2026-jizhong,深圳,深圳市龙岗区廉洁建设研究中心,综合技术岗,从事信息技术等工作。,专业技术类 十三级,1,应届毕业生,本科以上,学士及以上,,计算机科学与技术（B080901）；软件工程（B080902）；网络工程（B080903）；信息安全（B080904）；电子与计算机工程（B080909）；数据科学与大数据技术（B080910）；网络空间安全（B080911）；保密技术（B080914）,电子科学与技术（A0809）；信息与通信工程（A0810）；计算机科学与技术（A0812）；软件工程（A0835）；网络空间安全（A0839）；计算机技术硕士（专业硕士）（A084004）；软件工程硕士（专业硕士）（A084005）；大数据技术与工程（专业硕士）（A084011）；网络与信息安全硕士（专业硕士）（A084012）,40岁以下,,,,,中共党员(含预备党员）,笔试+面试（一般类）,,,,,龙岗区,中国共产党深圳市龙岗区纪律检查委员会,40岁以下；中共党员(含预备党员）,
LG2025026E0001,2026-jizhong,深圳,深圳市龙岗区青少年业余体校,跳水教练员,从事按照区体校队伍发展建设要求，负责体校跳水项目队伍训练、参赛组织及管理工作以及从事组织实施龙岗区青少年跳水体育项目的普及、选拔、培养、输送，牵头组织项目代表龙岗区参加各级各类体育竞赛工作。,专业技术类 十三级,1,不限,本科以上,学士及以上,,体育教育（B040201）；运动训练（B040202）,体育教育训练学（A040303）；运动训练硕士（专业硕士）（A040306）,40岁以下,,,具有本项目国家一级运动员（及以上）等级证书,,,笔试+面试（一般类）,,,本人或带训的运动员参加由省级及以上体育行政部门（含国家体育单项协会）主办的跳水赛事获得前三名,,龙岗区,深圳市龙岗区文化广电旅游体育局,40岁以下；1.具有本项目国家一级运动员（及以上）等级证书；2.本人或带训的运动员参加由省级及以上体育行政部门（含国家体育单项协会）主办的跳水赛事获得前三名。,
LG2025026E0002,2026-jizhong,深圳,深圳市龙岗区青少年业余体校,女子足球教练员,从事按照区体校队伍发展建设要求，负责区足球项目队伍训练、参赛组织及管理工作及从事组织实施龙岗区青少年足球体育项目的普及推广、选拔、培养、输送，牵头组织女子足球项目队伍代表龙岗区参加各级各类体育竞赛工作。,专业技术类 十三级,1,不限,本科以上,学士及以上,,体育教育（B040201）；运动训练（B040202）,体育教育训练学（A040303）；运动训练硕士（专业硕士）（A040306）,40岁以下,,,具有本项目国家一级运动员（及以上）等级证书,,,笔试+面试（一般类）,,,本人或所带训运动员参加由省级及以上体育行政部门（含国家体育单项协会）主办的足球赛事获得前三名,,龙岗区,深圳市龙岗区文化广电旅游体育局,40岁以下；1.具有本项目国家一级运动员（及以上）等级证书；2.本人或所带训运动员参加由省级及以上体育行政部门（含国家体育单项协会）主办的足球赛事获得前三名。,
LG2025026E0003,2026-jizhong,深圳,深圳市龙岗区公共文化服务和产业促进中心,信息技术岗,从事负责区图书馆信息安全、数字阅读、智慧图书馆建设等工作。,专业技术类 十三级,1,不限,本科以上,学士及以上,,电子信息类（B0807）；计算机类（B0809）,信息与通信工程（A0810）；计算机科学与技术（A0812）,40岁以下,,具有2年以上相关工作经历,具有注册信息安全工程师CISE证书,网络工程师,,笔试+面试（一般类）,,,,,龙岗区,深圳市龙岗区文化广电旅游体育局,40岁以下；具有注册信息安全工程师CISE证书；具有2年以上相关工作经历。,
LG2025026E0004,2026-jizhong,深圳,深圳市龙岗区中心血站,办公室干事,从事财务管理，党务建设及人事管理工作。,专业技术类 十三级,1,不限,硕士研究生以上,硕士及以上,,,管理学（A12）,40岁以下,,具有2年以上相关工作经历,,会计师,,笔试+面试（一般类）,,,要求政治面貌为中共党员（含预备党员），本科专业要求为会计学（B120203）或财务管理专业（B120204）,,龙岗区,深圳市龙岗区卫生健康局,40岁以下；要求政治面貌为中共党员（含预备党员），本科专业要求为会计学（B120203）或财务管理专业（B120204）；具有2年以上相关工作经历。,
LG2025026E0005,2026-jizhong,深圳,深圳市龙岗区卫生健康财务和国有资产管理中心,财务管理岗,从事资产管理和设备采购等财务资产综合性工作。,专业技术类 十一级,1,不限,硕士研究生以上,硕士及以上,,,审计硕士（专业硕士）（A020218）；生物医学工程（A083101）；会计学（A120201）；会计硕士（专业硕士）（A120206）,40岁以下,,具有2年以上相关工作经历,,中级；取得会计师、审计师或工程师（限生物医学工程专业）专业技术职称,,笔试+面试（一般类）,,,,,龙岗区,深圳市龙岗区卫生健康局,40岁以下；取得会计师、审计师或工程师（限生物医学工程专业）专业技术职称；具有2年以上相关工作经历。,
LG2025026E0006,2026-jizhong,深圳,深圳市龙岗区卫生健康财务和国有资产管理中心,公共事务协调岗,从事卫生健康公共事务组织协调工作。,专业技术类 十三级,1,不限,本科以上,学士及以上,,社会学（B030301）；公共事业管理（B120401）；健康服务与管理（B120410）,社会学（A030301）；社会医学与卫生事业管理（A120402）,40岁以下,,具有2年以上相关工作经历,,,,笔试+面试（一般类）,,,,,龙岗区,深圳市龙岗区卫生健康局,40岁以下；具有2年以上相关工作经历。,
LG2025026E0007,2026-jizhong,深圳,深圳市龙岗区平湖公共卫生服务中心,助理医师,从事疾病预防控制工作。,专业技术类 十三级,1,不限,本科以上,学士及以上,,预防医学（B100701）,流行病与卫生统计学（A100401）；劳动卫生与环境卫生学（A100402）；公共卫生硕士（专业硕士）（A100407）,40岁以下,,具有2年以上相关工作经历,具有执业医师资格，执业范围为公共卫生专业,医师,,笔试+面试（医疗类（公共卫生与预防医学））,,,以研究生学历报考的本科专业须为公共卫生与预防医学类（B1007）,,龙岗区,深圳市龙岗区卫生健康局,40岁以下；具有2年以上相关工作经历；以研究生学历报考的本科专业须为公共卫生与预防医学类（B1007）；具有执业医师资格，执业范围为公共卫生专业。,
LG2025026E0008,2026-jizhong,深圳,深圳市龙岗区平湖公共卫生服务中心,卫生监督岗,从事卫生监督工作。,专业技术类 十三级,1,不限,本科以上,学士及以上,,预防医学（B100701）；卫生监督（B100704）,流行病与卫生统计学（A100401）；劳动卫生与环境卫生学（A100402）；公共卫生硕士（专业硕士）（A100407）,40岁以下,,,具有执业医师资格，执业范围为公共卫生专业,医师,,笔试+面试（医疗类（公共卫生与预防医学））,,,以研究生学历报考的本科专业须为公共卫生与预防医学类（B1007）,,龙岗区,深圳市龙岗区卫生健康局,40岁以下；以研究生学历报考的本科专业须为公共卫生与预防医学类（B1007）；具有执业医师资格，执业范围为公共卫生专业。,
LG2025026E0009,2026-jizhong,深圳,深圳市龙岗区横岗公共卫生服务中心,疾病预防控制岗,从事疾病预防控制或卫生监督工作。,专业技术类 十二级,2,不限,本科以上,学士及以上,,预防医学（B100701）；卫生监督（B100704）,流行病与卫生统计学（A100401）；劳动卫生与环境卫生学（A100402）；公共卫生硕士（专业硕士）（A100407）,40岁以下,,具有2年以上相关工作经历,具有执业医师资格，执业范围为公共卫生专业,医师,,笔试+面试（医疗类（公共卫生与预防医学））,,,以研究生学历报考的，本科专业须为公共卫生与预防医学类（B1007）,,龙岗区,深圳市龙岗区卫生健康局,40岁以下；具有2年以上相关工作经历；具有执业医师资格，执业范围为公共卫生专业；以研究生学历报考的，本科专业须为公共卫生与预防医学类（B1007）。,
LG2025026E0010,2026-jizhong,深圳,深圳市龙岗区南湾公共卫生服务中心,公卫医师,从事公共卫生相关工作。,专业技术类 十一级,2,不限,硕士研究生以上,硕士及以上,,,流行病与卫生统计学（A100401）；公共卫生硕士（专业硕士）（A100407）,40岁以下,,,,医师,,笔试+面试（医疗类（公共卫生与预防医学））,,,本科专业须为公共卫生与预防医学（B1007），具有执业医师资格，且执业范围为公共卫生专业,,龙岗区,深圳市龙岗区卫生健康局,40岁以下；本科专业须为公共卫生与预防医学（B1007），具有执业医师资格，且执业范围为公共卫生专业。,
LG2025026E0011,2026-jizhong,深圳,深圳市龙岗区吉华公共卫生服务中心,会计岗,从事财务管理工作。,专业技术类 十三级,1,不限,本科以上,学士及以上,,会计学（B120203）；财务管理（B120204）,会计学（A120201）；会计硕士（专业硕士）（A120206）,40岁以下,,,,会计师,,笔试+面试（一般类）,,,,,龙岗区,深圳市龙岗区卫生健康局,40岁以下,
LG2025026E0012,2026-jizhong,深圳,深圳市龙岗区吉华公共卫生服务中心,卫生监督岗,从事卫生监督工作。,专业技术类 十三级,1,不限,本科以上,学士及以上,,预防医学（B100701）；卫生监督（B100704）,劳动卫生与环境卫生学（A100402）；公共卫生硕士（专业硕士）（A100407）,40岁以下,,,具有医师执业证书，执业范围为公共卫生专业,医师,,笔试+面试（医疗类（公共卫生与预防医学））,,,以研究生学历报考的本科专业须为公共卫生与预防医学类（B1007）,,龙岗区,深圳市龙岗区卫生健康局,40岁以下；具有医师执业证书，执业范围为公共卫生专业；以研究生学历报考的本科专业须为公共卫生与预防医学类（B1007）。,
LG2025026E0013,2026-jizhong,深圳,深圳市龙岗区吉华公共卫生服务中心,疾病预防控制岗,从事疾病预防控制工作。,专业技术类 十一级,1,不限,硕士研究生以上,硕士及以上,,,劳动卫生与环境卫生学（A100402）；公共卫生硕士（专业硕士）（A100407）,40岁以下,,,,,,笔试+面试（医疗类（公共卫生与预防医学））,,,本科专业须为公共卫生与预防医学类（B1007）,,龙岗区,深圳市龙岗区卫生健康局,40岁以下；本科专业须为公共卫生与预防医学类（B1007）。,
LG2025026E0014,2026-jizhong,深圳,深圳市龙岗区园山公共卫生服务中心,卫生监督岗位,从事卫生监督相关工作。,专业技术类 十二级,1,不限,本科以上,学士及以上,,公共卫生与预防医学类（B1007）,流行病与卫生统计学（A100401）；公共卫生硕士（专业硕士）（A100407）,40岁以下,,具有2年以上相关工作经历,具有执业医师资格，执业范围为公共卫生类别专业,医师,,笔试+面试（医疗类（公共卫生与预防医学））,,,以研究生学历报考的本科专业须为公共卫生与预防医学类（B1007）,,龙岗区,深圳市龙岗区卫生健康局,40岁以下；以研究生学历报考的本科专业须为公共卫生与预防医学类（B1007）；具有2年以上相关工作经历；具有执业医师资格，执业范围为公共卫生类别专业。,
LG2025026E0015,2026-jizhong,深圳,深圳市龙岗区宝龙公共卫生服务中心,卫生监督岗,从事卫生监督工作。,专业技术类 十一级,1,不限,硕士研究生以上,硕士及以上,,,流行病与卫生统计学（A100401）；劳动卫生与环境卫生学（A100402）；公共卫生硕士（专业硕士）（A100407）,40岁以下,,具有2年以上相关工作经历,具有执业医师资格，执业范围为公共卫生专业,医师,,笔试+面试（医疗类（公共卫生与预防医学））,,,本科专业须为公共卫生与预防医学类（B1007）,,龙岗区,深圳市龙岗区卫生健康局,40岁以下；具有执业医师资格，执业范围为公共卫生专业；具有2年以上相关工作经历；本科专业须为公共卫生与预防医学类（B1007）。,
LG2025026E0016,2026-jizhong,深圳,深圳市龙岗区宝龙公共卫生服务中心,疾病预防控制岗,从事疾病预防控制工作。,专业技术类 十二级,1,不限,本科以上,学士及以上,,预防医学（B100701）,流行病与卫生统计学（A100401）；劳动卫生与环境卫生学（A100402）；公共卫生硕士（专业硕士）（A100407）,40岁以下,,具有2年以上相关工作经历,具有执业医师资格，执业范围为公共卫生专业,医师,,笔试+面试（医疗类（公共卫生与预防医学））,,,以研究生学历报考的本科专业须为公共卫生与预防医学类（B1007）,,龙岗区,深圳市龙岗区卫生健康局,40岁以下；具有执业医师资格，执业范围为公共卫生专业；具有2年以上相关工作经历；以研究生学历报考的本科专业须为公共卫生与预防医学类（B1007）。,
LG2025026E0017,2026-jizhong,深圳,深圳市龙岗区龙城公共卫生服务中心,疾病预防控制岗,从事疾病预防控制工作。,专业技术类 十二级,1,不限,本科以上,学士及以上,,公共卫生与预防医学类（B1007）,公共卫生与预防医学（A1004）,40岁以下,,,,,,笔试+面试（医疗类（公共卫生与预防医学））,,,以研究生学历报考的本科专业须为公共卫生与预防医学类（B1007）,,龙岗区,深圳市龙岗区卫生健康局,40岁以下；以研究生学历报考的本科专业须为公共卫生与预防医学类（B1007）。,
LG2025026E0018,2026-jizhong,深圳,深圳市龙岗区龙城公共卫生服务中心,公共卫生医师,从事疾病预防控制及公共卫生相关工作。,专业技术类 十二级,1,不限,本科以上,学士及以上,,公共卫生与预防医学类（B1007）,公共卫生与预防医学（A1004）,40岁以下,,具有2年以上相关工作经历,具有执业医师资格，执业范围为公共卫生专业,主治医师,,笔试+面试（医疗类（公共卫生与预防医学））,,,以研究生学历报考的本科专业须为公共卫生与预防医学类（B1007）,,龙岗区,深圳市龙岗区卫生健康局,40岁以下；具有2年以上相关工作经历；以研究生学历报考的本科专业须为公共卫生与预防医学类（B1007）；具有执业医师资格，执业范围为公共卫生专业。,
LG2025026E0019,2026-jizhong,深圳,深圳市龙岗区信访大厅管理中心,综合岗,从事信访工作事务及信访信息化建设工作。,管理类 九级,1,不限,本科以上,学士及以上,,法学（B03）；人工智能（B080717）,法学（A03）；人工智能硕士（专业硕士）（A084010）,40岁以下,,,,,,笔试+面试（一般类）,,,,,龙岗区,深圳市龙岗区信访局,40岁以下,
LG2025026E0020,2026-jizhong,深圳,深圳市龙岗区大数据中心,信息系统建设岗,从事政务应用系统与数字基础设施规划建设、统筹政务信息化项目全流程管理等工作。,专业技术类 十三级,2,不限,本科以上,学士及以上,,统计学类（B0711）；电子信息类（B0807）；计算机类（B0809）；管理科学（B120101）；信息管理与信息系统（B120102）；大数据管理与应用（B120107）,系统科学（A0711）；统计学（A0714）；通信与信息系统（A081001）；计算机科学与技术（A0812）；软件工程（A0835）；网络空间安全（A0839）；计算机技术硕士（专业硕士）（A084004）；软件工程硕士（专业硕士）（A084005）；人工智能硕士（专业硕士）（A084010）；大数据技术与工程（专业硕士）（A084011）；网络与信息安全硕士（专业硕士）（A084012）；管理科学与工程（A120101）；情报学（A120502）,40岁以下,,,,,,笔试+面试（一般类）,,,,,龙岗区,深圳市龙岗区政务服务和数据管理局,40岁以下,
LG2025026E0021,2026-jizhong,深圳,深圳市龙岗区大数据中心,智慧政务管理岗,从事政务服务体系建设与管理、统筹民生诉求平台运行管理等工作。,管理类 九级,1,不限,本科以上,学士及以上,,统计学类（B0711）；电子信息类（B0807）；计算机类（B0809）；管理科学（B120101）；信息管理与信息系统（B120102）；大数据管理与应用（B120107）,系统科学（A0711）；统计学（A0714）；通信与信息系统（A081001）；计算机科学与技术（A0812）；软件工程（A0835）；网络空间安全（A0839）；计算机技术硕士（专业硕士）（A084004）；软件工程硕士（专业硕士）（A084005）；人工智能硕士（专业硕士）（A084010）；大数据技术与工程（专业硕士）（A084011）；网络与信息安全硕士（专业硕士）（A084012）；管理科学与工程（A120101）；情报学（A120502）,40岁以下,,,,,,笔试+面试（一般类）,,,,,龙岗区,深圳市龙岗区政务服务和数据管理局,40岁以下,
LG2025026E0022,2026-jizhong,深圳,深圳市龙岗区信义外国语学校,会计,从事财务、会计相关工作。,专业技术类 十三级,1,不限,本科以上,学士及以上,,会计学（B120203）；财务管理（B120204）；财务会计教育（B120213）,会计学（A120201）；会计硕士（专业硕士）（A120206）,40岁以下,,具有2年以上相关工作经历,,助理会计师（会计初级资格）,,笔试+面试（一般类）,,,,,龙岗区,深圳市龙岗区教育局,40岁以下；具有2年以上相关工作经历。,
LG2025026E0023,2026-jizhong,深圳,深圳市龙岗区信义外国语学校,校医,从事学校医务相关工作。,专业技术类 十三级,1,不限,本科以上,学士及以上,,医学（B10）,医学（A10）,40岁以下,,具有2年以上相关工作经历,具有执业医师资格,,,笔试+面试（一般类）,,,,,龙岗区,深圳市龙岗区教育局,40岁以下；具有执业医师资格；具有2年以上相关工作经历。,
LG2025026E0024,2026-jizhong,深圳,深圳市龙岗区华中师范大学龙岗附属中学（集团）崇真学校,会计,从事财务、会计相关工作。,专业技术类 十三级,1,不限,本科以上,学士及以上,,会计学（B120203）；财务管理（B120204）；财务会计教育（B120213）,会计学（A120201）；会计硕士（专业硕士）（A120206）,40岁以下,,具有2年以上相关工作经历,,助理会计师（会计初级资格）,,笔试+面试（一般类）,,,,,龙岗区,深圳市龙岗区教育局,40岁以下；具有2年以上相关工作经历。,
LG2025026E0025,2026-jizhong,深圳,深圳市龙岗区华中师范大学龙岗附属中学（集团）崇真学校,校医,从事学校医务相关工作。,专业技术类 十三级,1,不限,本科以上,学士及以上,,医学（B10）,医学（A10）,40岁以下,,具有2年以上相关工作经历,具有执业医师资格,,,笔试+面试（一般类）,,,,,龙岗区,深圳市龙岗区教育局,40岁以下；具有执业医师资格；具有2年以上相关工作经历。,
LG2025026E0026,2026-jizhong,深圳,深圳市龙岗区吉华实验学校,会计,从事财务、会计相关工作。,专业技术类 十三级,1,不限,本科以上,学士及以上,,会计学（B120203）；财务管理（B120204）；财务会计教育（B120213）,会计学（A120201）；会计硕士（专业硕士）（A120206）,40岁以下,,具有2年以上相关工作经历,,助理会计师（会计初级资格）,,笔试+面试（一般类）,,,,,龙岗区,深圳市龙岗区教育局,40岁以下；具有2年以上相关工作经历。,
LG2025026E0027,2026-jizhong,深圳,深圳市龙岗区坂田街道雪象小学,会计,从事财务、会计相关工作。,专业技术类 十三级,1,不限,本科以上,学士及以上,,会计学（B120203）；财务管理（B120204）；财务会计教育（B120213）,会计学（A120201）；会计硕士（专业硕士）（A120206）,40岁以下,,具有2年以上相关工作经历,,助理会计师（会计初级资格）,,笔试+面试（一般类）,,,,,龙岗区,深圳市龙岗区教育局,40岁以下；具有2年以上相关工作经历。,
LG2025026E0028,2026-jizhong,深圳,深圳市龙岗区外国语学校（集团）行知学校,会计,从事财务、会计相关工作。,专业技术类 十三级,1,不限,本科以上,学士及以上,,会计学（B120203）；财务管理（B120204）；财务会计教育（B120213）,会计学（A120201）；会计硕士（专业硕士）（A120206）,40岁以下,,具有2年以上相关工作经历,,助理会计师（会计初级资格）,,笔试+面试（一般类）,,,,,龙岗区,深圳市龙岗区教育局,40岁以下；具有2年以上相关工作经历。,
LG2025026E0029,2026-jizhong,深圳,深圳市龙岗区守真小学,会计,从事财务、会计相关工作。,专业技术类 十三级,1,不限,本科以上,学士及以上,,会计学（B120203）；财务管理（B120204）；财务会计教育（B120213）,会计学（A120201）；会计硕士（专业硕士）（A120206）,40岁以下,,具有2年以上相关工作经历,,助理会计师（会计初级资格）,,笔试+面试（一般类）,,,,,龙岗区,深圳市龙岗区教育局,40岁以下；具有2年以上相关工作经历。,
LG2025026E0030,2026-jizhong,深圳,深圳市龙岗区宝龙科技城实验学校,会计,从事财务、会计相关工作。,专业技术类 十三级,1,不限,本科以上,学士及以上,,会计学（B120203）；财务管理（B120204）；财务会计教育（B120213）,会计学（A120201）；会计硕士（专业硕士）（A120206）,40岁以下,,具有2年以上相关工作经历,,助理会计师（会计初级资格）,,笔试+面试（一般类）,,,,,龙岗区,深圳市龙岗区教育局,40岁以下；具有2年以上相关工作经历。,
LG2025026E0031,2026-jizhong,深圳,深圳市龙岗区布吉中学,会计,从事财务、会计相关工作。,专业技术类 十三级,1,不限,本科以上,学士及以上,,会计学（B120203）；财务管理（B120204）；财务会计教育（B120213）,会计学（A120201）；会计硕士（专业硕士）（A120206）,40岁以下,,具有2年以上相关工作经历,,助理会计师（会计初级资格）,,笔试+面试（一般类）,,,,,龙岗区,深圳市龙岗区教育局,40岁以下；具有2年以上相关工作经历。,
LG2025026E0032,2026-jizhong,深圳,深圳市龙岗区布吉街道德兴小学,会计,从事财务、会计相关工作。,专业技术类 十三级,1,不限,本科以上,学士及以上,,会计学（B120203）；财务管理（B120204）；财务会计教育（B120213）,会计学（A120201）；会计硕士（专业硕士）（A120206）,40岁以下,,具有2年以上相关工作经历,,助理会计师（会计初级资格）,,笔试+面试（一般类）,,,,,龙岗区,深圳市龙岗区教育局,40岁以下；具有2年以上相关工作经历。,
LG2025026E0033,2026-jizhong,深圳,深圳市龙岗区平湖信德学校,校医,从事学校医务相关工作。,专业技术类 十三级,1,不限,本科以上,学士及以上,,医学（B10）,医学（A10）,40岁以下,,具有2年以上相关工作经历,具有执业医师资格,,,笔试+面试（一般类）,,,,,龙岗区,深圳市龙岗区教育局,40岁以下；具有执业医师资格；具有2年以上相关工作经历。,
LG2025026E0034,2026-jizhong,深圳,深圳市龙岗区平湖实验学校,校医,从事学校医务相关工作。,专业技术类 十三级,1,不限,本科以上,学士及以上,,医学（B10）,医学（A10）,40岁以下,,具有2年以上相关工作经历,具有执业医师资格,,,笔试+面试（一般类）,,,,,龙岗区,深圳市龙岗区教育局,40岁以下；具有执业医师资格；具有2年以上相关工作经历。,
LG2025026E0035,2026-jizhong,深圳,深圳市龙岗区平湖街道鹅溪小学,会计,从事财务、会计相关工作。,专业技术类 十三级,1,不限,本科以上,学士及以上,,会计学（B120203）；财务管理（B120204）；财务会计教育（B120213）,会计学（A120201）；会计硕士（专业硕士）（A120206）,40岁以下,,具有2年以上相关工作经历,,助理会计师（会计初级资格）,,笔试+面试（一般类）,,,,,龙岗区,深圳市龙岗区教育局,40岁以下；具有2年以上相关工作经历。,
LG2025026E0036,2026-jizhong,深圳,深圳市龙岗区教育科学研究院附属第一小学,会计,从事财务、会计相关工作。,专业技术类 十三级,1,不限,本科以上,学士及以上,,会计学（B120203）；财务管理（B120204）；财务会计教育（B120213）,会计学（A120201）；会计硕士（专业硕士）（A120206）,40岁以下,,具有2年以上相关工作经历,,助理会计师（会计初级资格）,,笔试+面试（一般类）,,,,,龙岗区,深圳市龙岗区教育局,40岁以下；具有2年以上相关工作经历。,
LG2025026E0037,2026-jizhong,深圳,深圳市龙岗区文理学校,会计,从事财务、会计相关工作。,专业技术类 十三级,1,不限,本科以上,学士及以上,,会计学（B120203）；财务管理（B120204）；财务会计教育（B120213）,会计学（A120201）；会计硕士（专业硕士）（A120206）,40岁以下,,具有2年以上相关工作经历,,助理会计师（会计初级资格）,,笔试+面试（一般类）,,,,,龙岗区,深圳市龙岗区教育局,40岁以下；具有2年以上相关工作经历。,
LG2025026E0038,2026-jizhong,深圳,深圳市龙岗区深圳大学附属华南学校,会计,从事财务、会计相关工作。,专业技术类 十三级,1,不限,本科以上,学士及以上,,会计学（B120203）；财务管理（B120204）；财务会计教育（B120213）,会计学（A120201）；会计硕士（专业硕士）（A120206）,40岁以下,,具有2年以上相关工作经历,,助理会计师（会计初级资格）,,笔试+面试（一般类）,,,,,龙岗区,深圳市龙岗区教育局,40岁以下；具有2年以上相关工作经历。,
LG2025026E0039,2026-jizhong,深圳,深圳市龙岗区清林小学,会计,从事财务、会计相关工作。,专业技术类 十三级,1,不限,本科以上,学士及以上,,会计学（B120203）；财务管理（B120204）；财务会计教育（B120213）,会计学（A120201）；会计硕士（专业硕士）（A120206）,40岁以下,,具有2年以上相关工作经历,,助理会计师（会计初级资格）,,笔试+面试（一般类）,,,,,龙岗区,深圳市龙岗区教育局,40岁以下；具有2年以上相关工作经历。,
LG2025026E0040,2026-jizhong,深圳,深圳市龙岗区第二高级中学,会计,从事财务、会计相关工作。,专业技术类 十三级,1,不限,本科以上,学士及以上,,会计学（B120203）；财务管理（B120204）；财务会计教育（B120213）,会计学（A120201）；会计硕士（专业硕士）（A120206）,40岁以下,,具有2年以上相关工作经历,,助理会计师（会计初级资格）,,笔试+面试（一般类）,,,,,龙岗区,深圳市龙岗区教育局,40岁以下；具有2年以上相关工作经历。,
LG2025026E0041,2026-jizhong,深圳,深圳市龙岗区民政事务综合服务中心,养老服务管理,从事养老服务管理工作。,专业技术类 十三级,1,不限,本科,学士,,社会学（B030301）；人类学（B030303）,,40岁以下,,,,,,笔试+面试（一般类）,,,,,龙岗区,深圳市龙岗区民政局,40岁以下,
LG2025026E0042,2026-jizhong,深圳,深圳市龙岗区人力资源服务中心,综合事务,从事人力资源发展、信息化建设等工作。,专业技术类 十二级,1,不限,本科,学士,,法学（B03）；工学（B08）,,40岁以下,,,,,,笔试+面试（一般类）,,,,,龙岗区,深圳市龙岗区人力资源局,40岁以下,
LG2025026E0043,2026-jizhong,深圳,深圳市龙岗区人力资源服务中心,综合事务,从事人力资源管理和服务等工作。,管理类 九级,1,不限,本科,学士,,法学（B03）；管理学（B12）,,40岁以下,,,,,,笔试+面试（一般类）,,,,,龙岗区,深圳市龙岗区人力资源局,40岁以下,
LG2025026E0044,2026-jizhong,深圳,深圳市龙岗区南湾街道统计和企业服务中心,财务管理岗,从事财务会计、审计等相关工作。,管理类 九级,1,不限,本科以上,学士及以上,,财政学类（B0202）；会计学（B120203）；财务管理（B120204）；审计学（B120207）,财政学（含∶税收学）（A020203）；审计硕士（专业硕士）（A020218）；会计学（A120201）；会计硕士（专业硕士）（A120206）,40岁以下,,具有2年以上相关工作经历,,,,笔试+面试（一般类）,,,,,龙岗区,深圳市龙岗区南湾街道办事处,40岁以下；具有2年以上相关工作经历,
LG2025026E0045,2026-jizhong,深圳,深圳市龙岗区坂田街道综合事务中心,财务管理岗,从事财务会计、资产管理工作。,专业技术类 十三级,2,不限,本科以上,学士及以上,,会计学（B120203）；财务管理（B120204）；财务会计教育（B120213）,会计学（A120201）；会计硕士（专业硕士）（A120206）,40岁以下,,,,,,笔试+面试（一般类）,,,,,龙岗区,深圳市龙岗区坂田街道办事处,40岁以下,
LG2025026E0046,2026-jizhong,深圳,深圳市龙岗区平湖街道统计和企业服务中心,财务管理岗,从事财务管理、会计等工作。,专业技术类 十三级,1,不限,本科以上,学士及以上,,财政学（B020201）；会计学（B120203）；财务管理（B120204）；审计学（B120207）,财政学（含∶税收学）（A020203）；审计硕士（专业硕士）（A020218）；会计学（A120201）；会计硕士（专业硕士）（A120206）,40岁以下,,具有2年以上相关工作经历,,助理会计师（会计初级资格）,,笔试+面试（一般类）,,,,,龙岗区,深圳市龙岗区平湖街道办事处,40岁以下；具有2年以上相关工作经历。,
LG2025026E0047,2026-jizhong,深圳,深圳市龙岗区龙城街道综合事务中心,工程管理岗,从事市政、城市绿化等工程项目的管理工作。,专业技术类 十三级,1,不限,本科以上,学士及以上,,建筑类（B0810）；土木类（B0811）；交通运输（B081901）；交通工程（B081902）；工程管理（B120103）；工程造价（B120105）,建筑学（A0813）；土木工程（A0814）；交通运输规划与管理（A082303）；城乡规划学（A0833）；风景园林学（A0834）；土木工程硕士（专业硕士）（A084401）；市政工程硕士（专业硕士）（A084405）；工程管理硕士（专业硕士）（A120102）,40岁以下,,,,,,笔试+面试（一般类）,,,,,龙岗区,深圳市龙岗区龙城街道办事处,40岁以下,
LG2025026E0048,2026-jizhong,深圳,深圳市龙岗区龙城街道综合事务中心,财务管理岗,从事财务管理、会计等相关工作。,专业技术类 十三级,1,不限,本科以上,学士及以上,,财政学类（B0202）；会计学（B120203）；财务管理（B120204）；审计学（B120207）,财政学（含∶税收学）（A020203）；税务硕士（专业硕士）（A020214）；审计硕士（专业硕士）（A020218）；会计学（A120201）；会计硕士（专业硕士）（A120206）,40岁以下,,,,,,笔试+面试（一般类）,,,,,龙岗区,深圳市龙岗区龙城街道办事处,40岁以下,
LG2025026E0049,2026-jizhong,深圳,深圳市龙岗区园山街道维护稳定及社会治安综合治理中心,电子信息岗,从事信息技术、数据分析等相关工作。,管理类 九级,1,不限,本科以上,学士及以上,,机械类（B0802）；电子信息类（B0807）；自动化类（B0808）；计算机类（B0809）,机械工程（A0802）；电子科学与技术（A0809）；控制科学与工程（A0811）；计算机科学与技术（A0812）；软件工程（A0835）；电子信息（A0840）,40岁以下,,,,,,笔试+面试（一般类）,,,,,龙岗区,深圳市龙岗区园山街道办事处,40岁以下,
LG2025026E0050,2026-jizhong,深圳,深圳市龙岗区宝龙街道维护稳定及社会治安综合治理中心,综合管理岗,从事综合巡查、网格化管理工作。,管理类 九级,1,不限,本科以上,学士及以上,,信息与计算科学（B070102）；电子信息类（B0807）；计算机类（B0809）；信息管理与信息系统（B120102）,电子科学与技术（A0809）；信息与通信工程（A0810）；计算机科学与技术（A0812）；软件工程（A0835）；网络空间安全（A0839）；电子信息（A0840）,40岁以下,,,,,,笔试+面试（一般类）,,,,,龙岗区,深圳市龙岗区宝龙街道办事处,40岁以下,
LG2025026E0051,2026-jizhong,深圳,深圳市龙岗区宝龙街道统计和企业服务中心,经济管理岗,从事企业服务、统计工作。,管理类 九级,1,不限,本科以上,学士及以上,,经济学类（B0201）；财政学类（B0202）；金融学类（B0203）；管理科学与工程类（B1201）；工商管理类（B1202）；公共管理类（B1204）,理论经济学（A0201）；应用经济学（A0202）；管理科学与工程（A1201）；工商管理（A1202）；公共管理（A1204）,40岁以下,,,,,,笔试+面试（一般类）,,,,,龙岗区,深圳市龙岗区宝龙街道办事处,40岁以下,
LG2025027E0001,2026-jizhong,深圳,深圳市龙岗区南湾街道党群服务中心,综合材料岗,从事文字材料撰写、综合协调等相关工作。,管理类 九级,1,不限,本科以上,学士及以上,,汉语言文学（B050101）；汉语言（B050102）；应用语言学（B050106）,中国语言文学（A0501）,40岁以下,,,,,中共党员（含预备党员）,笔试+面试（一般类）,,,,,龙岗区,深圳市龙岗区南湾街道办事处,40岁以下；中共党员（含预备党员）,
LG2025027E0002,2026-jizhong,深圳,深圳市龙岗区坪地街道党群服务中心,综合管理岗,从事综合事务管理、协调工作。,管理类 九级,1,不限,硕士研究生以上,硕士及以上,,,不限,43岁以下,,,,,,笔试+面试（一般类）,,,,,龙岗区,深圳市龙岗区坪地街道办事处,43岁以下,
LG2025027E0003,2026-jizhong,深圳,深圳市龙岗区残疾人服务中心,综合管理,从事残疾人特殊教育或康复治疗相关工作。,管理类 九级,1,不限,本科以上,学士及以上,,特殊教育（B040108）；康复治疗学（B100405）,特殊教育学（A040109）；康复医学与理疗学（A100215）,40岁以下,,,,,,笔试+面试（一般类）,,,,,龙岗区,深圳市龙岗区残疾人联合会,40岁以下,
LX2025012A0001,2026-jizhong,深圳,深圳市龙华区网络安全和信息化管理中心,网络舆情研究岗,从事政策研究、舆情分析、网络安全管理及材料撰写等工作。,管理类 九级,1,应届毕业生,硕士研究生以上,硕士及以上,,,哲学（A01）；马克思主义理论（A0305）；中国语言文学（A0501）；新闻传播学（A0503）；网络空间安全（A0839）；网络与信息安全硕士（专业硕士）（A084012）,40岁以下,,,,,中共党员（含预备党员）,笔试+面试（一般类）,,,,,龙华区,中共深圳市龙华区委宣传部,40岁以下；中共党员（含预备党员）。,
LX2025012A0002,2026-jizhong,深圳,深圳市龙华区党群服务中心,党建研究岗,从事党建研究、阵地建设、老干部服务等工作。,管理类 九级,1,应届毕业生,硕士研究生以上,硕士及以上,,,经济学（A02）；法学（A03）；文学（A05）；管理学（A12）,40岁以下,,,,,中共党员（含预备党员）,笔试+面试（一般类）,,,,,龙华区,中共深圳市龙华区委组织部,40岁以下；中共党员（含预备党员）。,
LX2025012C0001,2026-jizhong,深圳,深圳市龙华区社会经济调查队,智慧统计系统管理岗,从事统计系统信息化建设等工作。,管理类 九级,1,应届毕业生,本科以上,学士及以上,,人工智能（B080717）；计算机科学与技术（B080901）；软件工程（B080902）；网络工程（B080903）,计算机科学与技术（A0812）；软件工程（A083501）；计算机技术硕士（专业硕士）（A084004）；软件工程硕士（专业硕士）（A084005）；人工智能硕士（专业硕士）（A084010）；大数据技术与工程（专业硕士）（A084011）,40岁以下,,,,,,笔试+面试（一般类）,,,,,龙华区,深圳市龙华区统计局,40岁以下,
LX2025012C0002,2026-jizhong,深圳,深圳市龙华区信访接待中心,接访处置岗,从事信访接待和处置值守等工作。,管理类 九级,1,应届毕业生,本科以上,学士及以上,,法学类（B0301）,法学（A0301）,40岁以下,,,,,,笔试+面试（一般类）,,,,,龙华区,深圳市龙华区信访局,40岁以下,
LX2025012C0003,2026-jizhong,深圳,深圳市龙华区信访接待中心,信息技术岗,从事信息安全和网络技术等工作。,管理类 九级,1,应届毕业生,本科以上,学士及以上,,计算机类（B0809）,计算机科学与技术（A0812）；软件工程（A083501）；网络空间安全（A0839）；计算机技术硕士（专业硕士）（A084004）；软件工程硕士（专业硕士）（A084005）；大数据技术与工程（专业硕士）（A084011）；网络与信息安全硕士（专业硕士）（A084012）,40岁以下,,,,,,笔试+面试（一般类）,,,,,龙华区,深圳市龙华区信访局,40岁以下,
LX2025012C0004,2026-jizhong,深圳,深圳市龙华区社会治理服务中心,信息技术岗,从事政法信息技术等工作。,管理类 九级,1,应届毕业生,硕士研究生以上,硕士及以上,,,计算机科学与技术（A0812）；软件工程（A0835）；计算机技术硕士（专业硕士）（A084004）；软件工程硕士（专业硕士）（A084005）；人工智能硕士（专业硕士）（A084010）,40岁以下,,,,,中共党员（含预备党员）,笔试+面试（一般类）,,,,,龙华区,中共深圳市龙华区委政法委员会,40岁以下；中共党员（含预备党员）。,
LX2025012C0005,2026-jizhong,深圳,深圳市龙华区社会治理服务中心,行政综合岗,从事行政综合等工作。,管理类 九级,1,应届毕业生,硕士研究生以上,硕士及以上,,,法学（A0301）；社会学（A0303）；公安学（A0306）,40岁以下,,,,,中共党员（含预备党员）,笔试+面试（一般类）,,,,,龙华区,中共深圳市龙华区委政法委员会,40岁以下；中共党员（含预备党员）。,
LX2025012C0006,2026-jizhong,深圳,深圳市龙华区高层次人才服务中心,高层次人才服务岗,从事人才引进、人才服务等工作。,管理类 九级,1,应届毕业生,硕士研究生以上,硕士及以上,,,经济学（A02）；法学（A03）；文学（A05）；管理学（A12）,40岁以下,,,,,中共党员（含预备党员）,笔试+面试（一般类）,,,,,龙华区,中共深圳市龙华区委组织部,40岁以下；中共党员（含预备党员）。,
LX2025012E0001,2026-jizhong,深圳,深圳市龙华区公共法律服务中心,法律事务岗,从事法律事务等工作。,管理类 九级,2,不限,本科以上,学士及以上,,法学类（B0301）,法学（A0301）,40岁以下,,具有2年以上相关工作经历,通过法律职业资格考试,,,笔试+面试（一般类）,,,,,龙华区,深圳市龙华区司法局,40岁以下；通过法律职业资格考试；具有2年以上相关工作经历。,
LX2025012E0002,2026-jizhong,深圳,深圳市龙华区社会经济调查队,普查和专业调查岗,从事国情国力普查和专业统计调查等工作。,管理类 九级,1,不限,本科以上,学士及以上,,法学（B030101）；数学类（B0701）；统计学类（B0711）；会计学（B120203）,统计学（部分）（A020208）；法律（非法学）（A030111）；法律（法学）（A030112）；数学（A0701）；统计学（A0714）；会计学（A120201）；会计硕士（专业硕士）（A120206）,40岁以下,,具有2年以上相关工作经历,,,,笔试+面试（一般类）,,,,,龙华区,深圳市龙华区统计局,40岁以下；具有2年以上相关工作经历。,
LX2025012E0003,2026-jizhong,深圳,深圳市龙华区更新整备事务中心,法律事务岗,从事法律事务等工作。,管理类 九级,1,不限,硕士研究生以上,硕士及以上,,,宪法学与行政法学（A030103）；诉讼法学（A030106）；法律（非法学）（A030111）；法律（法学）（A030112）,40岁以下,,具有2年以上相关工作经历,,,,笔试+面试（一般类）,,,,,龙华区,深圳市龙华区城市更新和土地整备局,40岁以下；具有2年以上相关工作经历。,
LX2025012E0004,2026-jizhong,深圳,深圳市龙华区更新整备事务中心,房屋征收岗,从事公共基础设施房屋征收等工作。,管理类 九级,1,不限,本科以上,学士及以上,,工学（B08）,工学（A08）,40岁以下,,具有2年以上相关工作经历,,,,笔试+面试（一般类）,,,,,龙华区,深圳市龙华区城市更新和土地整备局,40岁以下；具有2年以上相关工作经历。,
LX2025012E0005,2026-jizhong,深圳,深圳市龙华区文化体育发展中心,场馆运营岗,从事文体场馆日常运营的统筹管理、运营计划制订等工作。,专业技术类 十三级,1,不限,本科以上,学士及以上,,经济学类（B0201）；教育学类（B0401）；体育学类（B0402）；管理科学与工程类（B1201）；工商管理类（B1202）；公共管理类（B1204）；旅游管理类（B1209）,应用经济学（A0202）；教育学（A0401）；体育学（A0403）；管理科学与工程（A1201）；工商管理（A1202）；公共管理（A1204）,40岁以下,,具有2年以上相关工作经历,,,,笔试+面试（一般类）,,,,,龙华区,深圳市龙华区文化广电旅游体育局,40岁以下；具有2年以上相关工作经历。,
LX2025012E0006,2026-jizhong,深圳,深圳市龙华区文化体育发展中心,图书馆阅读推广岗,从事阅读推广项目的策划、宣传、组织及实施等工作。,专业技术类 十三级,1,不限,硕士研究生以上,硕士及以上,,,中国语言文学（A0501）；外国语言文学（A0502）；新闻传播学（A0503）,40岁以下,,具有2年以上相关工作经历,,,,笔试+面试（一般类）,,,,,龙华区,深圳市龙华区文化广电旅游体育局,40岁以下；具有2年以上相关工作经历。,
LX2025012E0007,2026-jizhong,深圳,深圳市龙华区疾病预防控制中心,微生物检验室检验技师,从事微生物检验室检验等工作。,专业技术类 十一级,1,不限,硕士研究生以上,硕士及以上,,,微生物学（A071005）；细胞生物学（A071009）；生物化学与分子生物学（A071010）,40岁以下,,具有2年以上相关工作经历,,,,笔试+面试（医疗类（医学检验））,,,,,龙华区,深圳市龙华区卫生健康局,40岁以下；具有2年以上相关工作经历。,
LX2025012E0008,2026-jizhong,深圳,深圳市龙华区疾病预防控制中心,流行病与传染病控制科医师,从事流行病与传染病控制等工作。,专业技术类 十一级,2,不限,硕士研究生以上,硕士及以上,,,流行病与卫生统计学（A100401）；公共卫生硕士（专业硕士）（A100407）,40岁以下,,,,,,笔试+面试（医疗类（公共卫生与预防医学））,,,,,龙华区,深圳市龙华区卫生健康局,40岁以下,
LX2025012E0009,2026-jizhong,深圳,深圳市龙华区疾病预防控制中心,环境卫生与学校卫生科医师,从事环境卫生与学校卫生等工作。,专业技术类 十一级,1,不限,硕士研究生以上,硕士及以上,,,劳动卫生与环境卫生学（A100402）；公共卫生硕士（专业硕士）（A100407）,40岁以下,,,,,,笔试+面试（医疗类（公共卫生与预防医学））,,,,,龙华区,深圳市龙华区卫生健康局,40岁以下,
LX2025012E0010,2026-jizhong,深圳,深圳市龙华区卫生健康事业发展中心,医院运营管理岗1,从事医院运营财务分析、成效评价等工作。,专业技术类 十三级,2,不限,本科以上,学士及以上,,统计学类（B0711）；会计学（B120203）；审计学（B120207）,审计硕士（专业硕士）（A020218）；统计学（A0714）；会计学（A120201）,40岁以下,,具有2年以上相关工作经历,,,,笔试+面试（一般类）,,,,,龙华区,深圳市龙华区卫生健康局,40岁以下；具有2年以上相关工作经历。,
LX2025012E0011,2026-jizhong,深圳,深圳市龙华区卫生健康事业发展中心,综合服务岗,从事卫生健康领域政策研究、综合管理等工作。,管理类 九级,1,不限,本科以上,学士及以上,,汉语言文学（B050101）；新闻学（B050301）；健康服务与管理（B120410）,汉语言文字学（A050103）；新闻与传播硕士（专业硕士）（A050303）；社会医学与卫生事业管理（A120402）,40岁以下,,,,,,笔试+面试（一般类）,,,,,龙华区,深圳市龙华区卫生健康局,40岁以下,
LX2025012E0012,2026-jizhong,深圳,深圳市龙华区卫生健康事业发展中心,医院运营管理岗2,从事医院项目建设、工程管理等工作。,专业技术类 十三级,1,不限,本科以上,学士及以上,,建筑类（B0810）；土木类（B0811）；工程管理（B120103）,建筑学（A0813）；土木工程（A0814）；风景园林硕士（专业硕士）（A083402）,40岁以下,,,,,,笔试+面试（一般类）,,,,,龙华区,深圳市龙华区卫生健康局,40岁以下,
LX2025012E0013,2026-jizhong,深圳,深圳市龙华区卫生健康事业发展中心,信息化管理岗1,从事卫生健康领域信息化规划、建设等工作。,专业技术类 十二级,1,不限,本科以上,学士及以上,,计算机科学与技术（B080901）；软件工程（B080902）；网络工程（B080903）,计算机科学与技术（A0812）；软件工程（A0835）；计算机技术硕士（专业硕士）（A084004）；软件工程硕士（专业硕士）（A084005）,40岁以下,,具有2年以上相关工作经历,具有计算机技术与软件专业技术资格（水平）考试（软考）中级及以上证书,,,笔试+面试（一般类）,,,,,龙华区,深圳市龙华区卫生健康局,40岁以下；具有计算机技术与软件专业技术资格（水平）考试（软考）中级及以上证书；具有2年以上相关工作经历。,
LX2025012E0014,2026-jizhong,深圳,深圳市龙华区卫生健康事业发展中心,信息化管理岗2,从事卫生健康领域信息化运维、数据安全管理等工作。,专业技术类 十二级,1,不限,本科以上,学士及以上,,信息与计算科学（B070102）；信息安全（B080904）；数据科学与大数据技术（B080910）,大数据技术与工程（专业硕士）（A084011）；网络与信息安全硕士（专业硕士）（A084012）,40岁以下,,具有2年以上相关工作经历,具有计算机技术与软件专业技术资格（水平）考试（软考）中级及以上证书,,,笔试+面试（一般类）,,,,,龙华区,深圳市龙华区卫生健康局,40岁以下；具有计算机技术与软件专业技术资格（水平）考试（软考）中级及以上证书；具有2年以上相关工作经历。,
LX2025012E0015,2026-jizhong,深圳,深圳市龙华区市政园林服务中心,公园管理岗,从事公园管理和运营等工作。,专业技术类 十一级,1,不限,硕士研究生以上,硕士及以上,,,风景园林学（A0834）,40岁以下,,具有2年以上相关工作经历,,工程师,,笔试+面试（一般类）,,,,,龙华区,深圳市龙华区城市管理和综合执法局,40岁以下；具有2年以上相关工作经历。,
LX2025012E0016,2026-jizhong,深圳,深圳市龙华区市政园林服务中心,城市照明管理岗,从事城市道路照明设施的管理等工作。,管理类 九级,1,不限,硕士研究生以上,硕士及以上,,,电力系统及其自动化（A080802）；电力电子与电力传动（A080804）；电工理论与新技术（A080805）；电气工程硕士（专业硕士）（A084301）,40岁以下,,具有2年以上相关工作经历,,,,笔试+面试（一般类）,,,,,龙华区,深圳市龙华区城市管理和综合执法局,40岁以下；具有2年以上相关工作经历。,
LX2025012E0017,2026-jizhong,深圳,深圳市龙华区企业发展服务中心,企业服务岗,从事企业服务等工作。,管理类 九级,1,不限,本科以上,学士及以上,,经济学（B02）；理学（B07）；工学（B08）；管理学（B12）,经济学（A02）；理学（A07）；工学（A08）；管理学（A12）,40岁以下,,具有2年以上相关工作经历,,,,笔试+面试（一般类）,,,,,龙华区,深圳市龙华区工业和信息化局,40岁以下；具有2年以上相关工作经历。,
LX2025012E0018,2026-jizhong,深圳,深圳市龙华区商务发展服务中心,商贸企业服务岗,从事商贸领域企业服务等工作。,管理类 九级,1,不限,本科以上,学士及以上,,经济学（B02）；法学（B03）；统计学类（B0711）；工学（B08）；管理学（B12）,经济学（A02）；法学（A03）；统计学（A0714）；工学（A08）；管理学（A12）,40岁以下,,,,,,笔试+面试（一般类）,,,,,龙华区,深圳市龙华区商务局,40岁以下,
LX2025012E0019,2026-jizhong,深圳,深圳市龙华区商务发展服务中心,涉外企业服务岗,从事涉外企业、外商投资企业服务等工作。,管理类 九级,1,不限,本科以上,学士及以上,,经济学（B02）；法学（B03）；外国语言文学类（B0502）；统计学类（B0711）；工学（B08）；管理学（B12）,经济学（A02）；法学（A03）；外国语言文学（A0502）；统计学（A0714）；工学（A08）；管理学（A12）,40岁以下,,,,,,笔试+面试（一般类）,,,,,龙华区,深圳市龙华区商务局,40岁以下,
LX2025012E0020,2026-jizhong,深圳,深圳市龙华区商务发展服务中心,投资促进岗,从事境内外投资促进宣传推广等工作。,管理类 九级,1,不限,本科以上,学士及以上,,经济学（B02）；文学（B05）；工学（B08）；管理学（B12）,经济学（A02）；文学（A05）；工学（A08）；管理学（A12）,40岁以下,,,,,,笔试+面试（一般类）,,,,,龙华区,深圳市龙华区商务局,40岁以下,
LX2025012E0021,2026-jizhong,深圳,深圳市龙华区财政评审中心,工程评审岗,从事工程造价等工程财务评审等工作。,专业技术类 十二级,1,不限,本科以上,学士及以上,,土木类（B0811）；工程管理（B120103）；工程造价（B120105）；工程审计（B120109）,土木工程（A0814）；土木工程硕士（专业硕士）（A084401）；市政工程硕士（专业硕士）（A084405）；工程管理硕士（专业硕士）（A120102）,40岁以下,,具有2年以上相关工作经历,,,,笔试+面试（一般类）,,,,,龙华区,深圳市龙华区财政局,40岁以下；具有2年以上相关工作经历。,
LX2025012E0022,2026-jizhong,深圳,深圳市龙华区财政评审中心,财务评审岗,从事财务决算等工程财务评审等工作。,专业技术类 十二级,1,不限,本科以上,学士及以上,,经济学类（B0201）；财政学类（B0202）；金融学类（B0203）；会计学（B120203）；审计学（B120207）,应用经济学（A0202）；会计学（A120201）；会计硕士（专业硕士）（A120206）,40岁以下,,具有2年以上相关工作经历,,,,笔试+面试（一般类）,,,,,龙华区,深圳市龙华区财政局,40岁以下；具有2年以上相关工作经历。,
LX2025012E0023,2026-jizhong,深圳,深圳市龙华区民治街道建设工程和市政管理中心,综合管理岗,从事工程合同审核及合规风险防控等工作。,管理类 九级,1,不限,硕士研究生以上,硕士及以上,,,法学（A03）,40岁以下,,,,,,笔试+面试（一般类）,,,,,龙华区,深圳市龙华区民治街道办事处,40岁以下,
LX2025012E0024,2026-jizhong,深圳,深圳市龙华区龙华街道党群服务中心,党群文体岗,从事党群服务、文体等工作。,管理类 九级,1,不限,本科,学士,,法学（B030101）；政治学类（B0302）；体育学类（B0402）；新闻传播学类（B0503）,,40岁以下,,,,,中共党员（含预备党员）,笔试+面试（一般类）,,,,,龙华区,深圳市龙华区龙华街道办事处,40岁以下；中共党员（含预备党员）。,
LX2025012E0025,2026-jizhong,深圳,深圳市龙华区龙华街道综合事务中心,就业服务岗,从事就业服务、劳动保障等工作。,管理类 九级,1,不限,本科,学士,,法学（B030101）；人力资源管理（B120206）；劳动关系（B120211）；劳动与社会保障（B120403）,,40岁以下,,,,,,笔试+面试（一般类）,,,,,龙华区,深圳市龙华区龙华街道办事处,40岁以下,
LX2025012E0026,2026-jizhong,深圳,深圳市龙华区龙华街道建设工程和市政管理中心,建设工程岗,从事工程建设等工作。,专业技术类 十二级,1,不限,本科,学士,,建筑类（B0810）；土木类（B0811）；水利类（B0812）；工程管理（B120103）,,40岁以下,,,,,,笔试+面试（一般类）,,,,,龙华区,深圳市龙华区龙华街道办事处,40岁以下,
LX2025012E0027,2026-jizhong,深圳,深圳市龙华区龙华街道建设工程和市政管理中心,更新整备事务岗,从事土地整备等工作。,管理类 九级,1,不限,本科,学士,,建筑类（B0810）；土木类（B0811）；土地资源管理（B120404）,,40岁以下,,,,,,笔试+面试（一般类）,,,,,龙华区,深圳市龙华区龙华街道办事处,40岁以下,
LX2025012E0028,2026-jizhong,深圳,深圳市龙华区福城街道建设工程和市政管理中心,专项研究岗,从事城市发展研究等工作。,管理类 九级,1,不限,本科以上,学士及以上,,经济学类（B0201）；公共管理类（B1204）,应用经济学（A0202）；公共管理（A1204）,40岁以下,,,,,,笔试+面试（一般类）,,,,,龙华区,深圳市龙华区福城街道办事处,40岁以下,
LX2025012E0029,2026-jizhong,深圳,深圳市龙华区福城街道建设工程和市政管理中心,市政管理岗,从事市政管理服务等工作。,管理类 九级,1,不限,本科以上,学士及以上,,电气工程及其自动化（B080601）；城乡规划（B081002）；风景园林（B081003）；人居环境科学与技术（B081005）；环境科学与工程类（B0826）,电气工程（A0808）；城市规划与设计(含∶风景园林规划与设计)（A081303）；市政工程（A081404）；环境科学与工程（A0830）；城乡规划学（A0833）；风景园林学（A0834）；环境工程硕士（专业硕士）（A084201）；电气工程硕士（专业硕士）（A084301）；市政工程硕士（专业硕士）（A084405）,40岁以下,,,,,,笔试+面试（一般类）,,,,,龙华区,深圳市龙华区福城街道办事处,40岁以下,
LX2025012E0030,2026-jizhong,深圳,深圳市龙华区福城街道建设工程和市政管理中心,工程管理岗,从事工程管理等工作。,管理类 九级,1,不限,本科以上,学士及以上,,建筑类（B0810）；土木类（B0811）；工程管理（B120103）；工程造价（B120105）；工程审计（B120109）,建筑学（A0813）；土木工程（A0814）；土木工程硕士（专业硕士）（A084401）；市政工程硕士（专业硕士）（A084405）；工程管理硕士（专业硕士）（A120102）,40岁以下,,,,,,笔试+面试（一般类）,,,,,龙华区,深圳市龙华区福城街道办事处,40岁以下,
LX2025012E0031,2026-jizhong,深圳,深圳市龙华区大浪街道综合事务中心,就业管理岗,从事就业服务等工作。,管理类 九级,1,不限,本科以上,学士及以上,,中国语言文学类（B0501）；人力资源管理（B120206）；公共事业管理（B120401）；劳动与社会保障（B120403）,中国语言文学（A0501）；企业管理（含：财务管理、市场营销、人力资源管理）（A120202）；社会保障（A120404）；公共管理硕士（专业硕士）（A120406）,40岁以下,,,,,,笔试+面试（一般类）,,,,,龙华区,深圳市龙华区大浪街道办事处,40岁以下,
LX2025012E0032,2026-jizhong,深圳,深圳市龙华区大浪街道建设工程和市政管理中心,工程管理岗,从事规划设计、工程建设等工作。,专业技术类 十二级,2,不限,本科以上,学士及以上,,人文地理与城乡规划（B070503）；建筑类（B0810）；土木类（B0811）；测绘类（B0813）,建筑学（A0813）；土木工程（A0814）；测绘科学与技术（A0816）；城乡规划学（A0833）；测绘工程硕士（专业硕士）（A084204）；土木工程硕士（专业硕士）（A084401）；市政工程硕士（专业硕士）（A084405）,40岁以下,,,,,,笔试+面试（一般类）,,,,,龙华区,深圳市龙华区大浪街道办事处,40岁以下,
LX2025012E0033,2026-jizhong,深圳,深圳市龙华区大浪街道建设工程和市政管理中心,综合管理岗,从事市政管理等工作。,管理类 九级,1,不限,本科以上,学士及以上,,建筑类（B0810）；土木类（B0811）；水利类（B0812）；环境科学与工程类（B0826）,建筑学（A0813）；土木工程（A0814）；水利工程（A0815）；环境科学与工程（A0830）；城乡规划学（A0833）；风景园林学（A0834）；环境工程硕士（专业硕士）（A084201）；土木水利（A0844）,40岁以下,,,,,,笔试+面试（一般类）,,,,,龙华区,深圳市龙华区大浪街道办事处,40岁以下,
LX2025012E0034,2026-jizhong,深圳,深圳市龙华区政府投资项目评审中心,会计岗,从事会计等工作。,专业技术类 十二级,1,不限,硕士研究生以上,硕士及以上,,,会计学（A120201）；会计硕士（专业硕士）（A120206）,40岁以下,,具有2年以上相关工作经历,,会计师,,笔试+面试（一般类）,,,,,龙华区,深圳市龙华区发展和改革局,40岁以下；具有2年以上相关工作经历。,
LX2025012E0035,2026-jizhong,深圳,深圳市龙华区政府投资项目评审中心,信息技术岗,从事信息化技术等工作。,专业技术类 十二级,1,不限,硕士研究生以上,硕士及以上,,,计算机科学与技术（A0812）；软件工程（A0835）；网络空间安全（A083901）；计算机技术硕士（专业硕士）（A084004）；软件工程硕士（专业硕士）（A084005）；网络与信息安全硕士（专业硕士）（A084012）,40岁以下,,具有2年以上相关工作经历,具有计算机技术与软件专业技术资格（水平）考试（软考）中级及以上证书,,,笔试+面试（一般类）,,,,,龙华区,深圳市龙华区发展和改革局,40岁以下；具有计算机技术与软件专业技术资格（水平）考试（软考）中级及以上证书；具有2年以上相关工作经历。,
LX2025012E0036,2026-jizhong,深圳,深圳市龙华区政府投资项目评审中心,金融服务岗,从事融资协调等工作。,管理类 九级,2,不限,硕士研究生以上,硕士及以上,,,金融学（含∶保险学）（A020204）；金融硕士（专业硕士）（A020212）,40岁以下,,具有2年以上相关工作经历,,,,笔试+面试（一般类）,,,,,龙华区,深圳市龙华区发展和改革局,40岁以下；具有2年以上相关工作经历。,
LX2025012E0037,2026-jizhong,深圳,深圳市龙华区观澜街道综合事务中心,企业服务岗,从事企业服务、经济统计、文旅发展等工作。,管理类 九级,1,不限,本科以上,学士及以上,,经济统计学（B020102）；统计学类（B0711）；文化产业管理（B120210）；旅游管理类（B1209）,统计学（部分）（A020208）；应用统计硕士（专业硕士）（A020213）；统计学（A0714）；旅游管理（A120203）；旅游管理硕士（专业硕士）（A120207）,40岁以下,,,,,,笔试+面试（一般类）,,,,,龙华区,深圳市龙华区观澜街道办事处,40岁以下,
LX2025012E0038,2026-jizhong,深圳,深圳市龙华区观澜街道建设工程和市政管理中心,市政规划岗,从事市政管理等工作。,管理类 九级,1,不限,本科以上,学士及以上,,建筑类（B0810）；土木类（B0811）；水利类（B0812）,建筑学（A0813）；土木工程（A0814）；水利工程（A0815）；城乡规划学（A0833）；土木工程硕士（专业硕士）（A084401）；水利工程硕士（专业硕士）（A084402）；市政工程硕士（专业硕士）（A084405）,40岁以下,,具有2年以上相关工作经历,,,,笔试+面试（一般类）,,,,,龙华区,深圳市龙华区观澜街道办事处,40岁以下；具有2年以上相关工作经历。,
LX2025012E0039,2026-jizhong,深圳,深圳市龙华区会计核算中心,会计信息化岗,从事财会信息化等工作。,专业技术类 十三级,1,不限,硕士研究生以上,硕士及以上,,,计算机科学与技术（A0812）；软件工程（A083501）；网络空间安全（A0839）；计算机技术硕士（专业硕士）（A084004）；软件工程硕士（专业硕士）（A084005）；大数据技术与工程（专业硕士）（A084011）；网络与信息安全硕士（专业硕士）（A084012）,40岁以下,,具有2年以上相关工作经历,,,,笔试+面试（一般类）,,,,,龙华区,深圳市龙华区会计核算中心,40岁以下；具有2年以上相关工作经历。,
LX2025012E0040,2026-jizhong,深圳,深圳市龙华区会计核算中心,核算会计岗,从事行政事业单位会计核算等工作。,专业技术类 十三级,1,不限,硕士研究生以上,硕士及以上,,,审计硕士（专业硕士）（A020218）；会计学（A120201）；会计硕士（专业硕士）（A120206）,40岁以下,,具有2年以上相关工作经历,,,,笔试+面试（一般类）,,,,,龙华区,深圳市龙华区会计核算中心,40岁以下；具有2年以上相关工作经历。,
LX2025012E0041,2026-jizhong,深圳,深圳市龙华区建筑工务署,工程造价管理岗,从事工程项目造价管理等工作。,专业技术类 十二级,1,不限,本科,学士,,工程管理（B120103）；工程造价（B120105）；工程审计（B120109）,,40岁以下,,具有2年以上相关工作经历,,,,笔试+面试（一般类）,,,,,龙华区,深圳市龙华区建筑工务署,40岁以下；具有2年以上相关工作经历。,
PS2025013C0002,2026-jizhong,深圳,深圳市坪山区疾病预防控制中心,法制稽查部专业技术岗位十一级,从事公共卫生、医疗卫生等监督执法工作。,专业技术类 十一级,2,应届毕业生,硕士研究生,硕士,,,法学(A0301)；公共卫生与预防医学(A1004),40岁以下,,,,,,笔试+面试（一般类）,,,,,坪山区,深圳市坪山区卫生健康局,40岁以下,
PS2025013C0001,2026-jizhong,深圳,深圳市坪山区疾病预防控制中心,卫生应急部专业技术岗位十一级,从事传染病防控、卫生应急等工作。,专业技术类 十一级,2,应届毕业生,硕士研究生,硕士,,,临床医学(A1002)；公共卫生与预防医学(A1004),40岁以下,,,,,,笔试+面试（一般类）,,,,,坪山区,深圳市坪山区卫生健康局,40岁以下,
PS2025013E0001,2026-jizhong,深圳,深圳市坪山区纪委监委工作基地和信息指挥中心,综合部门管理岗位九级,从事经济类问题线索核查、审查调查等工作。,管理类 九级,1,不限,本科以上,学士及以上,,经济统计学(B020102)；经济与贸易类(B0204),应用经济学(A0202),40岁以下,,2年以上相关工作经历,,,中共党员（含预备党员）,笔试+面试（一般类）,,,,,坪山区,中共深圳市坪山区纪律检查委员会机关,40岁以下；中共党员（含预备党员）；2年以上相关工作经历,
PS2025013E0004,2026-jizhong,深圳,深圳市坪山区国有土地管理和市政服务中心,土地管理部专业技术岗位十三级,从事国有土地管理政策研究、法制审核等工作。,专业技术类 十三级,1,不限,硕士研究生以上,硕士及以上,,,法学(A0301),40岁以下,,2年以上相关工作经历,通过法律职业资格考试,,,笔试+面试（一般类）,,,,,坪山区,深圳市坪山区城市管理和综合执法局,40岁以下；通过法律职业资格考试；2年以上相关工作经历,
PS2025013E0002,2026-jizhong,深圳,深圳市坪山区法治服务中心,公共法律服务部管理岗位九级,从事公共法律服务等相关工作。,管理类 九级,2,不限,本科以上,学士及以上,,法学(B030101)；知识产权(B030102)；国际经贸规则(B030105)；司法警察学(B030106)；社区矫正(B030107)；国际法(B030109),宪法学与行政法学(A030103)；刑法学(A030104)；民商法学（含：劳动法学、社会保障法学）(A030105)；诉讼法学(A030106)；国际法学（含：国际公法、国际私法、国际经济法）(A030109)；法律（法学）(A030112),40岁以下,,2年以上相关工作经历,通过法律职业资格考试,,,笔试+面试（一般类）,,,,,坪山区,深圳市坪山区司法局,40岁以下；通过法律职业资格考试；2年以上相关工作经历,
PS2025013E0003,2026-jizhong,深圳,深圳市坪山区水务工程建设管理中心,前期部专业技术岗位十三级,从事水务工程建设管理的前期综合工作。,专业技术类 十三级,1,不限,本科以上,学士及以上,,法学类(B0301)；土木类(B0811)；水利类(B0812)；交通运输类(B0819)；环境科学与工程类(B0826)；管理科学与工程类(B1201),法学(A0301)；土木工程(A0814)；水利工程(A0815)；交通运输工程(A0823)；环境科学与工程(A0830)；环境工程硕士（专业硕士）(A084201)；土木工程硕士（专业硕士）(A084401)；水利工程硕士（专业硕士）(A084402)；水路交通运输硕士（专业硕士）(A084703)；管理科学与工程(A1201),40岁以下,,2年以上相关工作经历,,,,笔试+面试（一般类）,,,,,坪山区,深圳市坪山区水务局,40岁以下；2年以上相关工作经历,
PS2025013E0006,2026-jizhong,深圳,深圳市坪山区建设工程质量安全监督站,综合技术部管理岗位九级,从事综合事务管理、信息化管理、应急处置管理等工作。,管理类 九级,1,不限,本科以上,学士及以上,,法学(B030101)；信息工程(B080706)；公共事业管理(B120401),法学理论(A030101)；信息与通信工程(A0810)；公共管理硕士（专业硕士）(A120406),40岁以下,,2年以上相关工作经历,,,,笔试+面试（一般类）,,,,,坪山区,深圳市坪山区住房和建设局,40岁以下；2年以上相关工作经历,
PS2025013E0005,2026-jizhong,深圳,深圳市坪山区统计事务中心,业务部门管理岗位九级,从事统计分析、统计调查、金融统计与调查等工作。,管理类 九级,1,不限,本科以上,学士及以上,,金融学(B020301)；统计学(B071101)；应用统计学(B071102),金融学（含∶保险学）(A020204)；统计学（部分）(A020208)；金融硕士（专业硕士）(A020212)；应用统计硕士（专业硕士）(A020213)；统计学（部分）(A071401),40岁以下,,2年以上相关工作经历,,,,笔试+面试（一般类）,,,,,坪山区,深圳市坪山区统计局,40岁以下；2年以上相关工作经历,
GM2025016A0002,2026-jizhong,深圳,深圳市光明区机构编制研究中心,政策研究,从事机构编制政策研究工作。,管理类 九级,1,应届毕业生,本科以上,学士及以上,,经济学（B02）；数学类（B0701）；统计学类（B0711）；电子信息类（B0807）；计算机类（B0809）,应用经济学（A0202）；数学（A0701）；电子科学与技术（A0809）；信息与通信工程（A0810）；计算机科学与技术（A0812）；生物医学工程（A0831）；电子信息（A0840）,40岁以下,,,,,中共党员（含预备党员）,笔试+面试（一般类）,,,,,光明区,中共深圳市光明区委机构编制委员会办公室,40岁以下；中共党员（含预备党员）,
GM2025016E0002,2026-jizhong,深圳,深圳市光明区社会工作事务中心,综合事务,从事矛盾纠纷化解、数据维护等工作。,专业技术类 十三级,1,不限,本科,学士,,大数据管理与应用（B120107）；劳动关系（B120211）；行政管理（B120402）,,40岁以下,,2年以上相关工作经历,取得社会工作师职业资格证书,,中共党员（含预备党员）,笔试+面试（一般类）,,,,,光明区,中共深圳市光明区委社会工作部,40岁以下；中共党员（含预备党员）；取得社会工作师职业资格证书；2年以上相关工作经历。,
GM2025016E0001,2026-jizhong,深圳,深圳市光明区社区网格管理中心,宣传管理,从事综合文字和宣传工作。,管理类 九级,1,不限,硕士研究生,硕士,,,新闻传播学（A0503）,40岁以下,,,,,中共党员（含预备党员）,笔试+面试（一般类）,,,,,光明区,中共深圳市光明区委政法委员会,40岁以下；中共党员（含预备党员）,
GM2025016A0001,2026-jizhong,深圳,深圳市光明区社区网格管理中心,综合治理,从事矛盾纠纷调处化解和社会治安风险防控的统筹协调工作。,管理类 九级,1,应届毕业生,硕士研究生,硕士,,,法学（A0301）,40岁以下,,,,,,笔试+面试（一般类）,,,,,光明区,中共深圳市光明区委政法委员会,40岁以下,
GM2025016C0001,2026-jizhong,深圳,深圳市光明区法律服务中心,法律服务,从事区政府法制审查、复议诉讼案件办理及有关材料撰写等工作。,管理类 九级,1,应届毕业生,本科以上,学士及以上,,法学类（B0301）,法学（A0301）,40岁以下,,,法律职业资格,,,笔试+面试（一般类）,,,,,光明区,深圳市光明区司法局,40岁以下；法律职业资格,
GM2025016E0005,2026-jizhong,深圳,深圳市光明区建设工程质量安全监督站,工程管理,从事工程质量安全监督工作。,专业技术类 十三级,1,不限,本科以上,学士及以上,,电气工程及其自动化（B080601）；给排水科学与工程（B081103）；建筑电气与智能化（B081104）,电力系统及其自动化（A080802）；市政工程（A081404）；市政工程硕士（专业硕士）（A084405）,40岁以下,,2年以上相关工作经历,,工程师,,笔试+面试（一般类）,,,,,光明区,深圳市光明区住房和建设局,40岁以下；2年以上相关工作经历。,
GM2025016C0003,2026-jizhong,深圳,深圳市光明区房屋事务中心,住房管理,从事住房管理工作。,管理类 九级,1,应届毕业生,硕士研究生以上,硕士及以上,,,建筑学（A0813）；土木工程（A0814）；土木工程硕士（专业硕士）（A084401）；市政工程硕士（专业硕士）（A084405）,40岁以下,,,,,,笔试+面试（一般类）,,,,,光明区,深圳市光明区住房和建设局,40岁以下,
GM2025016C0002,2026-jizhong,深圳,深圳市光明区水务事务中心,工程管理,从事水务工程管理工作。,专业技术类 十三级,2,应届毕业生,硕士研究生以上,硕士及以上,,,市政工程（A081404）；水文学及水资源（A081501）；水工结构工程（A081503）；水利水电工程（A081504）；水利工程硕士（专业硕士）（A084402）；市政工程硕士（专业硕士）（A084405）,40岁以下,,,,,,笔试+面试（一般类）,,,,,光明区,深圳市光明区水务局,40岁以下,
GM2025016E0004,2026-jizhong,深圳,深圳市光明区疾病预防控制中心,公共卫生,从事公共卫生专业技术工作。,专业技术类 十三级,1,不限,硕士研究生以上,硕士及以上,,,公共卫生与预防医学（A1004）,40岁以下,,,,医师,,笔试+面试（医疗类（公共卫生与预防医学））,,,,,光明区,深圳市光明区卫生健康局,40岁以下,
GM2025016E0006,2026-jizhong,深圳,深圳市光明区审计事务中心,工程审计,从事公共投资审计工作。,专业技术类 十三级,1,不限,硕士研究生,硕士,,,建筑学硕士（专业硕士）（A081305）；岩土工程（A081401）；结构工程（A081402）；市政工程（A081404）；桥梁与隧道工程（A081406）；土木工程硕士（专业硕士）（A084401）；市政工程硕士（专业硕士）（A084405）；工程管理硕士（专业硕士）（A120102）,40岁以下,,2年以上相关工作经历,,,,笔试+面试（一般类）,,,,,光明区,深圳市光明区审计局,40岁以下；2年以上相关工作经历。,
GM2025016E0007,2026-jizhong,深圳,深圳市光明区审计事务中心,财务审计,从事财务审计工作。,管理类 九级,1,不限,本科以上,学士及以上,,财政学（B020201）；金融学（B020301）；会计学（B120203）；审计学（B120207）,财政学（含∶税收学）（A020203）；金融学（含∶保险学）（A020204）；审计硕士（专业硕士）（A020218）；会计学（A120201）；会计硕士（专业硕士）（A120206）,40岁以下,,,,,,笔试+面试（一般类）,,,,,光明区,深圳市光明区审计局,40岁以下,
GM2025016E0008,2026-jizhong,深圳,深圳市光明区审计事务中心,财务审计,从事财务审计工作。,管理类 九级,1,不限,硕士研究生,硕士,,,财政学（含∶税收学）（A020203）；金融学（含∶保险学）（A020204）；审计硕士（专业硕士）（A020218）；会计学（A120201）；会计硕士（专业硕士）（A120206）,40岁以下,,,,,,笔试+面试（一般类）,,,,,光明区,深圳市光明区审计局,40岁以下,
GM2025016E0009,2026-jizhong,深圳,深圳市光明区园林绿化管理中心,国土管理,从事国有土地政策研究及违法行为线索侦查等工作。,管理类 九级,1,不限,本科以上,学士及以上,,法学（B030101）；公安技术类（B0831）,法律（法学）（A030112）；公安技术（A0838）,40岁以下,,,,,,笔试+面试（一般类）,,,,,光明区,深圳市光明区城市管理和综合执法局,40岁以下,
GM2025016E0010,2026-jizhong,深圳,深圳市光明区园林绿化管理中心,公园宣传,从事公园宣传教育等工作。,管理类 九级,1,不限,本科以上,学士及以上,,思想政治教育（B030503）；中国语言文学类（B0501）；新闻传播学类（B0503）；广播电视编导（B130305）,思想政治教育（A030505）；中国语言文学（A0501）；新闻传播学（A0503）；广播电视艺术学（A130305）；广播电视硕士（专业硕士）（A130306）,40岁以下,,,,,,笔试+面试（一般类）,,,,,光明区,深圳市光明区城市管理和综合执法局,40岁以下,
GM2025016E0011,2026-jizhong,深圳,深圳市光明区市政环境综合服务中心,公园规划及运营,从事公园信息化管理以及公园规划等工作。,管理类 九级,1,不限,本科以上,学士及以上,,城乡规划（B081002）；信息管理与信息系统（B120102）,城乡规划学（A0833）；管理科学与工程（A120101）；工程管理硕士（专业硕士）（A120102）；工业工程与管理硕士（专业硕士）（A120103）；项目管理硕士（专业硕士）（A120104）,40岁以下,,,,,,笔试+面试（一般类）,,,,,光明区,深圳市光明区城市管理和综合执法局,40岁以下,
GM2025016C0012,2026-jizhong,深圳,深圳市光明区机关事务管理中心,综合管理,从事政策研究、组织协调、调研分析、材料起草等综合管理工作。,管理类 九级,1,应届毕业生,硕士研究生以上,硕士及以上,,,经济学（A02）；法学（A03）；中国语言文学（A0501）；新闻传播学（A0503）；管理学（A12）,40岁以下,,,,,,笔试+面试（一般类）,,,,,光明区,深圳市光明区机关事务管理中心,40岁以下,
GM2025016C0011,2026-jizhong,深圳,深圳市光明区机关事务管理中心,信息化管理,从事数字化建设和信息化项目管理等工作。,管理类 九级,1,应届毕业生,硕士研究生以上,硕士及以上,,,计算机科学与技术（A0812）；软件工程（A0835）；计算机技术硕士（专业硕士）（A084004）；软件工程硕士（专业硕士）（A084005）；人工智能硕士（专业硕士）（A084010）；大数据技术与工程（专业硕士）（A084011）；网络与信息安全硕士（专业硕士）（A084012）,40岁以下,,,,,,笔试+面试（一般类）,,,,,光明区,深圳市光明区机关事务管理中心,40岁以下,
GM2025016E0013,2026-jizhong,深圳,深圳市光明区建筑工务署,工程管理,从事政府投资项目的工程管理工作。,专业技术类 十三级,1,不限,本科,学士,,土木工程（B081101）；给排水科学与工程（B081103）；工程管理（B120103）,,40岁以下,,2年以上相关工作经历,,工程师,,笔试+面试（一般类）,,,,,光明区,深圳市光明区建筑工务署,40岁以下；2年以上相关工作经历。,
GM2025016E0014,2026-jizhong,深圳,深圳市光明区建筑工务署,工程管理,从事政府投资项目的工程管理工作。,专业技术类 十三级,2,不限,硕士研究生,硕士,,,建筑学硕士（专业硕士）（A081305）；结构工程（A081402）；土木工程硕士（专业硕士）（A084401）,43岁以下,,2年以上相关工作经历,,工程师,,笔试+面试（一般类）,,,,,光明区,深圳市光明区建筑工务署,43岁以下；2年以上相关工作经历。,
GM2025016E0015,2026-jizhong,深圳,深圳市光明科学城知识产权公共服务中心,专利预审,从事专利快速预审工作。,管理类 九级,1,不限,硕士研究生以上,硕士及以上,,,物理学（A0702）；化学（A0703）；动力工程及工程热物理（A0807）；测绘科学与技术（A0816）；测绘工程硕士（专业硕士）（A084204）；动力工程硕士（专业硕士）（A084302）,43岁以下,,2年以上相关工作经历,,,,笔试+面试（一般类）,,,,,光明区,深圳市光明科学城知识产权公共服务中心,43岁以下；博士研究生年龄放宽至45周岁；2年以上相关工作经历。,博士研究生年龄放宽至45周岁
GM2025016C0010,2026-jizhong,深圳,深圳市光明区光明街道公共事务中心,产业研究,从事新能源产业综合调研、政策研究等工作。,管理类 九级,1,应届毕业生,硕士研究生以上,硕士及以上,,,物理学（A0702）；动力工程及工程热物理（A0807）；电气工程（A0808）；能源动力（A0843）,40岁以下,,,,,,笔试+面试（一般类）,,,,,光明区,深圳市光明区光明街道办事处,40岁以下,
GM2025016C0008,2026-jizhong,深圳,深圳市光明区公明街道公共事务中心,城市规划,从事城市规划等工作。,管理类 九级,1,应届毕业生,本科,学士,,人文地理与城乡规划（B070503）；建筑类（B0810）；土木类（B0811）；测绘类（B0813）；交通运输类（B0819）；安全科学与工程类（B0830）；环境设计（B130503）,,40岁以下,,,,,,笔试+面试（一般类）,,,,,光明区,深圳市光明区公明街道办事处,40岁以下,
GM2025016C0009,2026-jizhong,深圳,深圳市光明区公明街道公共事务中心,产业研究,从事高性能材料产业综合调研、政策研究等工作。,管理类 九级,1,应届毕业生,硕士研究生以上,硕士及以上,,,化学（A0703）；材料科学与工程（A0805）；冶金工程（A0806）；材料与化工（A0841）,40岁以下,,,,,,笔试+面试（一般类）,,,,,光明区,深圳市光明区公明街道办事处,40岁以下,
GM2025016E0012,2026-jizhong,深圳,深圳市光明区新湖街道公共事务中心,经济服务,从事经济服务、招商引资等工作。,管理类 九级,1,不限,硕士研究生以上,硕士及以上,,,经济学（A02）；理学（A07）；工学（A08）；工商管理（A1202）；公共管理（A1204）,40岁以下,,,,,,笔试+面试（一般类）,,,,,光明区,深圳市光明区新湖街道办事处,40岁以下,
GM2025016C0006,2026-jizhong,深圳,深圳市光明区新湖街道公共事务中心,产业研究,从事生物医药产业综合调研、政策研究等工作。,管理类 九级,1,应届毕业生,硕士研究生以上,硕士及以上,,,生物学（A0710）；食品科学与工程（A0832）；生物工程（A0836）,40岁以下,,,,,,笔试+面试（一般类）,,,,,光明区,深圳市光明区新湖街道办事处,40岁以下,
GM2025016C0005,2026-jizhong,深圳,深圳市光明区玉塘街道公共事务中心,产业研究,从事人工智能产业综合调研、政策研究等工作。,管理类 九级,1,应届毕业生,硕士研究生以上,硕士及以上,,,电子科学与技术（A0809）；网络空间安全（A0839）；集成电路工程硕士（专业硕士）（A084003）；集成电路科学与工程（A1401）；智能科学与技术（A1405）,40岁以下,,,,,,笔试+面试（一般类）,,,,,光明区,深圳市光明区玉塘街道办事处,40岁以下,
GM2025016C0007,2026-jizhong,深圳,深圳市光明区凤凰街道公共事务中心,产业研究,从事超高清视频显示产业综合调研、政策研究等工作。,管理类 九级,1,应届毕业生,硕士研究生以上,硕士及以上,,,信息与通信工程（A0810）；计算机科学与技术（A0812）；软件工程（A0835）；电子信息（A0840）,40岁以下,,,,,,笔试+面试（一般类）,,,,,光明区,深圳市光明区凤凰街道办事处,40岁以下,
GM2025016C0004,2026-jizhong,深圳,深圳市光明区马田街道公共事务中心,产业研究,从事高端医疗器械产业综合调研、政策研究等工作。,管理类 九级,1,应届毕业生,硕士研究生以上,硕士及以上,,,仪器科学与技术（A0804）；生物医学工程（A0831）；仪器仪表工程硕士（专业硕士）（A084007）；生物医学工程硕士（专业硕士）（A084009）,40岁以下,,,,,,笔试+面试（一般类）,,,,,光明区,深圳市光明区马田街道办事处,40岁以下,
DP2025010C0001,2026-jizhong,深圳,深圳市大鹏新区疾病预防控制中心,疾病防控,从事疾病预防控制工作。,专业技术类 十三级,2,应届毕业生,硕士研究生以上,硕士及以上,,,流行病与卫生统计学（A100401）；劳动卫生与环境卫生学（A100402）；营养与食品卫生学（A100403）；公共卫生硕士（专业硕士）（A100407）,43岁以下,,,,,,笔试+面试（医疗类（公共卫生与预防医学））,,,,,大鹏新区,深圳市大鹏新区教育和卫生健康局,43岁以下；博士研究生年龄条件放宽到45岁。,博士研究生年龄条件放宽到45岁
DP2025010C0002,2026-jizhong,深圳,深圳市大鹏新区大鹏办事处综合事务中心,综合事务,从事综合性材料撰写等工作。,管理类 九级,1,应届毕业生,本科以上,学士及以上,,马克思主义理论类（B0305）；汉语言文学（B050101）；新闻学（B050301）,马克思主义理论（A0305）；汉语言文字学（A050103）；新闻学（A050301）,40岁以下,硕士研究生年龄条件放宽到43岁,,,,,笔试+面试（一般类）,,,,,大鹏新区,深圳市大鹏新区大鹏办事处,40岁以下；硕士研究生年龄条件放宽到43岁;博士研究生年龄条件放宽到45岁。,博士研究生年龄条件放宽到45岁
DP2025010C0003,2026-jizhong,深圳,深圳市大鹏新区大鹏办事处综合事务中心,采购服务,从事采购服务等工作。,管理类 九级,1,应届毕业生,本科以上,学士及以上,,财政学（B020201）；财务管理（B120204）；审计学（B120207）,财政学（含∶税收学）（A020203）；审计硕士（专业硕士）（A020218）；企业管理（含：财务管理、市场营销、人力资源管理）（A120202）,40岁以下,硕士研究生年龄条件放宽到43岁,,,,,笔试+面试（一般类）,,,企业管理（限：财务管理）（A120202）。,,大鹏新区,深圳市大鹏新区大鹏办事处,40岁以下；硕士研究生年龄条件放宽到43岁;博士研究生年龄条件放宽到45岁。,博士研究生年龄条件放宽到45岁
DP2025010C0004,2026-jizhong,深圳,深圳市大鹏新区机关事务管理中心,信息化管理,从事信息管理、机关事务信息化建设工作。,管理类 九级,1,应届毕业生,硕士研究生以上,硕士及以上,,,电子科学与技术（A0809）；计算机科学与技术（A0812）,43岁以下,,,,,,笔试+面试（一般类）,,,,,大鹏新区,深圳市大鹏新区机关事务管理中心,43岁以下；博士研究生年龄条件放宽到45岁。,博士研究生年龄条件放宽到45岁
DP2025010E0001,2026-jizhong,深圳,深圳市红岭教育集团大鹏华侨中学,校医,从事学校校医工作。,专业技术类 十级,2,不限,硕士研究生以上,硕士及以上,,,临床医学（A1002）；中西医结合（A1006）,43岁以下,,具有2年以上相关工作经历,具备医师资格证和医师执业证,主治医师,,笔试+面试（医疗类（全科医学））,,,,,大鹏新区,深圳市大鹏新区教育和卫生健康局,43岁以下；博士研究生或具有副高以上职称的放宽到45岁；具有2年以上相关工作经历；具备医师资格证和医师执业证。,博士研究生或具有副高以上职称的放宽到45岁
DP2025010E0002,2026-jizhong,深圳,深圳市红岭教育集团大鹏华侨中学,会计,从事学校会计工作。,专业技术类 十二级,1,不限,本科以上,学士及以上,,会计学（B120203）；财务管理（B120204）,会计学（A120201）；企业管理（含：财务管理、市场营销、人力资源管理）（A120202）；会计硕士（专业硕士）（A120206）,40岁以下,硕士研究生年龄条件放宽到43岁,具有2年以上相关工作经历,,助理会计师（会计初级资格）,,笔试+面试（一般类）,,,企业管理（限：财务管理）（A120202）。,,大鹏新区,深圳市大鹏新区教育和卫生健康局,40岁以下；硕士研究生年龄条件放宽到43岁;博士研究生或具有副高以上职称的年龄条件放宽到45岁；具有2年以上相关工作经历。,博士研究生或具有副高以上职称的年龄条件放宽到45岁
DP2025010E0003,2026-jizhong,深圳,深圳市大鹏新区城市空间发展中心,项目管理,从事项目管理工作。,管理类 九级,1,不限,本科以上,学士及以上,,土木工程（B081101）；建筑电气与智能化（B081104）；工程管理（B120103）,岩土工程（A081401）；结构工程（A081402）；土木工程硕士（专业硕士）（A084401）；工程管理硕士（专业硕士）（A120102）,40岁以下,,,,,,笔试+面试（一般类）,,,,,大鹏新区,深圳市大鹏新区住房和建设局,40岁以下,
DP2025010E0004,2026-jizhong,深圳,深圳市大鹏新区城市管理综合服务中心,项目管理,从事市政项目规划建设管理等工作。,管理类 九级,1,不限,本科,学士,,金融学类（B0203）；地理科学类（B0705）；电子信息类（B0807）；建筑类（B0810）；土木类（B0811）；管理科学与工程类（B1201）,,40岁以下,,,,,,笔试+面试（一般类）,,,,,大鹏新区,深圳市大鹏新区城市管理和综合执法局,40岁以下,
DP2025010E0005,2026-jizhong,深圳,深圳市大鹏新区政务服务和信息中心,数字安全保障,从事信息化基础设施安全保障工作。,管理类 九级,1,不限,本科以上,学士及以上,,电气类（B0806）；电子信息类（B0807）,电气工程（A0808）；电子科学与技术（A0809）,40岁以下,,,,,,笔试+面试（一般类）,,,,,大鹏新区,深圳市大鹏新区政务服务和数据管理局,40岁以下,
DP2025010E0006,2026-jizhong,深圳,深圳市大鹏新区政府投资项目前期工作中心,项目管理,从事项目投融资工作。,专业技术类 十二级,1,不限,本科以上,学士及以上,,财政学类（B0202）；金融学（B020301）；数学类（B0701）；会计学（B120203）；财务管理（B120204）,应用经济学（A0202）；数学（A0701）；会计学（A120201）；企业管理（含：财务管理、市场营销、人力资源管理）（A120202）；会计硕士（专业硕士）（A120206）,40岁以下,硕士研究生年龄条件放宽到43岁,,,,,笔试+面试（一般类）,,,企业管理（限：财务管理）（A120202）。,,大鹏新区,深圳市大鹏新区发展和财政局,40岁以下；硕士研究生年龄条件放宽到43岁;博士研究生年龄条件放宽到45岁。,博士研究生年龄条件放宽到45岁
DP2025010E0007,2026-jizhong,深圳,深圳市大鹏新区南澳办事处党群服务中心,党群服务,从事党群服务、红色旅游资源开发等工作。,管理类 九级,1,不限,本科以上,学士及以上,,社会体育指导与管理（B040203）；旅游管理类（B1209）；播音与主持艺术（B130309）,社会体育指导硕士（专业硕士）（A040308）；旅游管理（A120203）；旅游管理硕士（专业硕士）（A120207）,40岁以下,,,,,,笔试+面试（一般类）,,,,,大鹏新区,深圳市大鹏新区南澳办事处,40岁以下,
DP2025010E0008,2026-jizhong,深圳,深圳市大鹏新区南澳办事处综合事务中心,后勤保障,从事后勤保障、安全管理等工作。,专业技术类 十二级,1,不限,本科以上,学士及以上,,安全科学与工程类（B0830）；应急管理（B120111）,安全科学与工程（A0837）；安全工程硕士（专业硕士）（A084202）,40岁以下,,,,,,笔试+面试（一般类）,,,,,大鹏新区,深圳市大鹏新区南澳办事处,40岁以下,
DP2025010E0009,2026-jizhong,深圳,深圳市大鹏新区南澳办事处城市建设发展服务中心,海洋产业发展与管理,从事经济发展、企业服务等工作。,专业技术类 十二级,1,不限,本科以上,学士及以上,,海洋科学类（B0707）；海洋信息工程（B080718）；土木、水利与海洋工程（B081109）；海洋油气工程（B081606）；航海技术（B081903）；海洋工程类（B0820）；海洋渔业科学与技术（B090602）；海洋药学（B101007）,海洋科学（A0707）；船舶与海洋工程（A0824）；海洋工程硕士（专业硕士）（A084403）,40岁以下,,,,,,笔试+面试（一般类）,,,,,大鹏新区,深圳市大鹏新区南澳办事处,40岁以下,
DP2025010E0010,2026-jizhong,深圳,深圳市大鹏新区大鹏办事处城市建设发展服务中心,文化旅游管理,从事文化管理、旅游服务等工作。,管理类 九级,1,不限,本科以上,学士及以上,,新闻学（B050301）；传播学（B050304）；网络与新媒体（B050306）；文化产业管理（B120210）；旅游管理（B120901）,新闻传播学（A0503）；旅游管理（A120203）；旅游管理硕士（专业硕士）（A120207）,40岁以下,硕士研究生年龄条件放宽到43岁,,,,,笔试+面试（一般类）,,,,,大鹏新区,深圳市大鹏新区大鹏办事处,40岁以下；硕士研究生年龄条件放宽到43岁;博士研究生年龄条件放宽到45岁。,博士研究生年龄条件放宽到45岁
DP2025010E0011,2026-jizhong,深圳,深圳市大鹏新区大鹏办事处城市建设发展服务中心,市政服务管理,从事园林绿化、市政管理等工作。,管理类 九级,1,不限,本科以上,学士及以上,,风景园林（B081003）；给排水科学与工程（B081103）；城市水系统工程（B081111）；园艺（B090102）；工程管理（B120103）；工程造价（B120105）,市政工程（A081404）；风景园林学（A0834）；市政工程硕士（专业硕士）（A084405）；园艺学（A0902）；农艺与种业硕士（专业硕士）（A090501）；工程管理硕士（专业硕士）（A120102）,40岁以下,硕士研究生年龄条件放宽到43岁,,,,,笔试+面试（一般类）,,,,,大鹏新区,深圳市大鹏新区大鹏办事处,40岁以下；硕士研究生年龄条件放宽到43岁;博士研究生年龄条件放宽到45岁。,博士研究生年龄条件放宽到45岁
DP2025010E0012,2026-jizhong,深圳,深圳市大鹏新区大鹏办事处城市建设发展服务中心,工程项目管理,从事工程项目管理等工作。,管理类 九级,1,不限,本科以上,学士及以上,,建筑类（B0810）；土木工程（B081101）；工程管理（B120103）；工程造价（B120105）,建筑学（A0813）；土木工程（A0814）；土木工程硕士（专业硕士）（A084401）；工程管理硕士（专业硕士）（A120102）,40岁以下,硕士研究生年龄条件放宽到43岁,,,,,笔试+面试（一般类）,,,,,大鹏新区,深圳市大鹏新区大鹏办事处,40岁以下；硕士研究生年龄条件放宽到43岁;博士研究生年龄条件放宽到45岁。,博士研究生年龄条件放宽到45岁
DP2025010E0013,2026-jizhong,深圳,深圳市大鹏新区大鹏办事处城市建设发展服务中心,城市更新管理,从事城市更新、征地拆迁等工作。,管理类 九级,1,不限,本科以上,学士及以上,,人文地理与城乡规划（B070503）；城乡规划（B081002）；工程管理（B120103）；房地产开发与管理（B120104）,城市规划与设计(含∶风景园林规划与设计)（A081303）；城乡规划学（A0833）；工程管理硕士（专业硕士）（A120102）,40岁以下,硕士研究生年龄条件放宽到43岁,,,,,笔试+面试（一般类）,,,,,大鹏新区,深圳市大鹏新区大鹏办事处,40岁以下；硕士研究生年龄条件放宽到43岁;博士研究生年龄条件放宽到45岁。,博士研究生年龄条件放宽到45岁
DP2025010E0014,2026-jizhong,深圳,深圳市大鹏新区葵涌办事处党群服务中心,党群服务,从事党群服务、基层党建工作。,管理类 九级,1,不限,本科以上,学士及以上,,社会学类（B0303）；中国语言文学类（B0501）,社会学（A0303）；中国语言文学（A0501）,40岁以下,硕士研究生年龄条件放宽到43岁,具有2年以上相关工作经历,,,中共党员（含预备党员）,笔试+面试（一般类）,,,,,大鹏新区,深圳市大鹏新区葵涌办事处,40岁以下；硕士研究生年龄条件放宽到43岁;博士研究生年龄条件放宽到45岁;中共党员（含预备党员）;具有2年以上相关工作经历。,博士研究生年龄条件放宽到45岁
DP2025010E0015,2026-jizhong,深圳,深圳市大鹏新区葵涌办事处城市建设发展服务中心,项目建设,从事工程项目管理等工作。,管理类 九级,1,不限,本科以上,学士及以上,,土木类（B0811）；安全科学与工程类（B0830）；工程管理（B120103）；工程造价（B120105）,土木工程（A0814）；安全科学与工程（A0837）；安全工程硕士（专业硕士）（A084202）；土木工程硕士（专业硕士）（A084401）；市政工程硕士（专业硕士）（A084405）；工程管理硕士（专业硕士）（A120102）,40岁以下,硕士研究生年龄条件放宽到43岁,,,,,笔试+面试（一般类）,,,,,大鹏新区,深圳市大鹏新区葵涌办事处,40岁以下；硕士研究生年龄条件放宽到43岁;博士研究生年龄条件放宽到45岁。,博士研究生年龄条件放宽到45岁
DP2025010E0016,2026-jizhong,深圳,深圳市大鹏新区建筑工务署,行政综合,从事行政综合等工作。,专业技术类 十三级,1,不限,本科以上,学士及以上,,中国语言文学类（B0501）；公共管理类（B1204）,中国语言文学（A0501）；公共管理（A1204）,40岁以下,硕士研究生年龄条件放宽到43岁,,,,,笔试+面试（一般类）,,,,,大鹏新区,深圳市大鹏新区建筑工务署,40岁以下；硕士研究生年龄条件放宽到43岁;博士研究生年龄条件放宽到45岁。,博士研究生年龄条件放宽到45岁
DP2025010E0017,2026-jizhong,深圳,深圳市大鹏新区建筑工务署,项目管理,从事工程项目管理等工作。,专业技术类 十三级,1,不限,本科以上,学士及以上,,电气类（B0806）；建筑类（B0810）；土木类（B0811）；管理科学与工程类（B1201）,电气工程（A0808）；建筑学（A0813）；土木工程（A0814）；土木工程硕士（专业硕士）（A084401）；管理科学与工程（A1201）,40岁以下,硕士研究生年龄条件放宽到43岁,具有2年以上相关工作经历,,助理工程师,,笔试+面试（一般类）,,,,,大鹏新区,深圳市大鹏新区建筑工务署,40岁以下；硕士研究生年龄条件放宽到43岁;博士研究生或具有副高以上职称的年龄条件放宽到45岁；具有2年以上相关工作经历。,博士研究生或具有副高以上职称的年龄条件放宽到45岁
SZ2025149C0001,2026-jizhong,深圳,深圳市教育科学研究院,教育政策研究人员,从事教育政策及新型教学与育人方式研究，参与课程开发及教学改革项目实施等工作。,专业技术类 十级,2,应届毕业生,博士研究生,博士,,,高等教育学（A040106）；教育技术学（A040110）,40岁以下,,,,,,面试或直接业务考核,,,,,市属,深圳市教育局,40岁以下,
SZ2025149C0002,2026-jizhong,深圳,深圳市教育科学研究院,基础教育研究人员,从事教育政策与发展研究等工作。,专业技术类 十级,2,应届毕业生,博士研究生,博士,,,教育学（A0401）,40岁以下,,,,,,面试或直接业务考核,,,,,市属,深圳市教育局,40岁以下,
SZ2025149C0003,2026-jizhong,深圳,深圳市教育科学研究院,教育心理研究人员,从事基础教育阶段学生心理健康政策研究，参与学生学习行为及相关心理与思想状况的数据采集与分析等工作。,专业技术类 十级,1,应届毕业生,博士研究生,博士,,,心理学（A0402）,40岁以下,,,,,,面试或直接业务考核,,,,,市属,深圳市教育局,40岁以下,
SZ2025149E0004,2026-jizhong,深圳,深圳市教育科学研究院,物理课程研究人员,从事跨学科课程体系建设与教学方法创新研究等工作。,专业技术类 十级,1,不限,博士研究生,博士,,,课程与教学论（A040102）；物理学（A0702）,40岁以下,,,,,,面试或直接业务考核,,,具有2年以上中学教学经历；以课程与教学论专业报考的须为物理方向,,市属,深圳市教育局,40岁以下；具有2年以上中学教学经历；以课程与教学论专业报考的须为物理方向。,
SZ2025149E0005,2026-jizhong,深圳,深圳市教育科学研究院,化学课程研究人员,从事跨学科课程体系建设与教学方法创新研究等工作。,专业技术类 十级,1,不限,博士研究生,博士,,,课程与教学论（A040102）；化学（A0703）,40岁以下,,,,,,面试或直接业务考核,,,具有2年以上中学教学经历；以课程与教学论专业报考的须为化学方向,,市属,深圳市教育局,40岁以下；具有2年以上中学教学经历；以课程与教学论专业报考的须为化学方向。,
SZ2025149E0001,2026-jizhong,深圳,深圳城市职业学院,信息与通信学院专业带头人,从事相关专业群、课程体系建设工作。,专业技术类 五级,1,不限,博士研究生,博士,,,电子科学与技术（A0809）；信息与通信工程（A0810）；计算机科学与技术（A0812）；软件工程（A0835）；网络空间安全（A0839）；电子信息（A0840）,45岁以下,,,,正高级,,面试或直接业务考核,,,,,市属,深圳市人力资源和社会保障局,45岁以下,
SZ2025149E0002,2026-jizhong,深圳,深圳城市职业学院,中德智造学院专业带头人,从事相关专业群、课程体系建设工作。,专业技术类 五级,1,不限,博士研究生,博士,,,机械工程（A0802）；光学工程（A0803）；仪器科学与技术（A0804）；电子科学与技术（A0809）；控制科学与工程（A0811）；计算机科学与技术（A0812）；生物医学工程（A0831）,45岁以下,,,,正高级,,面试或直接业务考核,,,,,市属,深圳市人力资源和社会保障局,45岁以下,
SZ2025149E0012,2026-jizhong,深圳,深圳市不动产登记中心,平台管理,从事不动产登记平台数智化建设工作。,管理类 九级,1,不限,博士研究生,博士,,,地图学与地理信息系统（A070503）；测绘科学与技术（A0816）；图书情报与档案管理（A1205）,45岁以下,,,,,,面试或直接业务考核,,,,,市属,深圳市规划和自然资源局,45岁以下,
SZ2025149E0013,2026-jizhong,深圳,深圳市规划和自然资源调查测绘中心,测绘技术研究,从事规资海洋领域数智化、低空经济及智慧城市相关工作。,专业技术类 十一级,2,不限,博士研究生,博士,,,地图学与地理信息系统（A070503）；测绘科学与技术（A0816）,45岁以下,,,,,,面试或直接业务考核,,,,,市属,深圳市规划和自然资源局,45岁以下,
SZ2025149E0014,2026-jizhong,深圳,深圳市规划和自然资源数据管理中心,技术研发,从事规划和自然资源、海洋领域数智化相关工作。,专业技术类 十二级,1,不限,博士研究生,博士,,,地图学与地理信息系统（A070503）；计算机应用技术（A081203）；摄影测量与遥感（A081602）；地图制图学与地理信息工程（A081603）；遥感科学与技术（A140401）；智能科学与技术（A140501）,40岁以下,,具有2年以上相关工作经历,,,,面试或直接业务考核,,,,,市属,深圳市规划和自然资源局,40岁以下；具有2年以上相关工作经历。,
SZ2025149E0003,2026-jizhong,深圳,深圳市物业管理服务促进中心,政策研究岗,从事政策研究工作。,管理类 九级,1,不限,博士研究生,博士,,,金融学（含∶保险学）（A020204）；宪法学与行政法学（A030103）；民商法学（含：劳动法学、社会保障法学）（A030105）,40岁以下,,具有2年以上相关工作经历,,,,面试或直接业务考核,,,,,市属,深圳市住房和建设局,40岁以下；具有2年以上相关工作经历。,
SZ2025149E0015,2026-jizhong,深圳,深圳市体育运动学校,激流回旋教练,从事皮划艇、激流回旋项目招生、训练和参赛组织工作。,专业技术类 十三级,1,不限,本科以上,,,体育教育（B040201）；运动训练（B040202）,体育教育训练学（A040303）；体育教学硕士（专业硕士）（A040305）；运动训练硕士（专业硕士）（A040306）,40岁以下,,,,,,面试或直接业务考核,,,同时符合下列两项条件：；工作或训练经历要求：具有2年以上省体育行政部门直属训练单位或国家队激流回旋专业运动员训练经历，或地市级及（含）以上体育行政部门下辖的体育训练单位2年以上激流回旋教练员执教经历；比赛成绩要求：本人或带训的运动员参加由省级及以上体育行政部门（含国家体育单项协会）主办的激流回旋赛事获得前三名,,市属,深圳市文化广电旅游体育局,"40岁以下；同时符合下列两项条件：
（1）工作或训练经历要求：具有2年以上省体育行政部门直属训练单位或国家队激流回旋专业运动员训练经历，或地市级及（含）以上体育行政部门下辖的体育训练单位2年以上激流回旋教练员执教经历；
（2）比赛成绩要求：本人或带训的运动员参加由省级及以上体育行政部门（含国家体育单项协会）主办的激流回旋赛事获得前三名。",
SZ2025149E0016,2026-jizhong,深圳,深圳市体育运动学校,帆船帆板教练,从事帆船帆板项目招生、训练和参赛组织工作。,专业技术类 十三级,1,不限,本科以上,学士及以上,,体育教育（B040201）；运动训练（B040202）,体育教育训练学（A040303）；体育教学硕士（专业硕士）（A040305）；运动训练硕士（专业硕士）（A040306）,40岁以下,,,,,,面试或直接业务考核,,,同时符合下列两项条件：；工作或训练经历要求：具有2年以上省体育行政部门直属训练单位或国家队帆船帆板专业运动员训练经历，或地市级及（含）以上体育行政部门下辖的体育训练单位2年以上帆船帆板教练员执教经历；比赛成绩要求：本人或带训的运动员参加由省级及以上体育行政部门（含国家体育单项协会）主办的帆船帆板赛事获得前三名,,市属,深圳市文化广电旅游体育局,"40岁以下；同时符合下列两项条件：
（1）工作或训练经历要求：具有2年以上省体育行政部门直属训练单位或国家队帆船帆板专业运动员训练经历，或地市级及（含）以上体育行政部门下辖的体育训练单位2年以上帆船帆板教练员执教经历；
（2）比赛成绩要求：本人或带训的运动员参加由省级及以上体育行政部门（含国家体育单项协会）主办的帆船帆板赛事获得前三名。",
SZ2025149E0017,2026-jizhong,深圳,深圳市体育运动学校,举重教练,从事举重项目招生、训练和参赛组织工作。,专业技术类 十三级,1,不限,本科以上,学士及以上,,体育教育（B040201）；运动训练（B040202）,体育教育训练学（A040303）；体育教学硕士（专业硕士）（A040305）；运动训练硕士（专业硕士）（A040306）,40岁以下,,,,,,面试或直接业务考核,,,同时符合下列两项条件：；工作或训练经历要求：具有2年以上省体育行政部门直属训练单位或国家队举重专业运动员训练经历，或地市级及（含）以上体育行政部门下辖的体育训练单位2年以上举重教练员执教经历；比赛成绩要求：本人或带训的运动员参加由省级及以上体育行政部门（含国家体育单项协会）主办的举重赛事获得前三名,,市属,深圳市文化广电旅游体育局,"40岁以下；同时符合下列两项条件：
（1）工作或训练经历要求：具有2年以上省体育行政部门直属训练单位或国家队举重专业运动员训练经历，或地市级及（含）以上体育行政部门下辖的体育训练单位2年以上举重教练员执教经历；
（2）比赛成绩要求：本人或带训的运动员参加由省级及以上体育行政部门（含国家体育单项协会）主办的举重赛事获得前三名。",
SZ2025149E0018,2026-jizhong,深圳,深圳市体育运动学校,田径教练,从事田径跳远项目招生、训练和参赛组织工作。,专业技术类 十三级,1,不限,本科以上,学士及以上,,体育教育（B040201）；运动训练（B040202）,体育教育训练学（A040303）；体育教学硕士（专业硕士）（A040305）；运动训练硕士（专业硕士）（A040306）,40岁以下,,,,,,面试或直接业务考核,,,同时符合下列两项条件：；工作或训练经历要求：具有2年以上省体育行政部门直属训练单位或国家队田径专业运动员训练经历，或地市级及（含）以上体育行政部门下辖的体育训练单位2年以上田径教练员执教经历；比赛成绩要求：本人或带训的运动员参加由省级及以上体育行政部门（含国家体育单项协会）主办的田径赛事获得前三名,,市属,深圳市文化广电旅游体育局,"40岁以下；同时符合下列两项条件：
（1）工作或训练经历要求：具有2年以上省体育行政部门直属训练单位或国家队田径专业运动员训练经历，或地市级及（含）以上体育行政部门下辖的体育训练单位2年以上田径教练员执教经历；
（2）比赛成绩要求：本人或带训的运动员参加由省级及以上体育行政部门（含国家体育单项协会）主办的田径赛事获得前三名。",
SZ2025149E0019,2026-jizhong,深圳,深圳市体育运动学校,网球教练,从事网球项目招生、训练和参赛组织工作。,专业技术类 十三级,2,不限,本科以上,,,体育教育（B040201）；运动训练（B040202）,体育教育训练学（A040303）；体育教学硕士（专业硕士）（A040305）；运动训练硕士（专业硕士）（A040306）,40岁以下,,,,,,面试或直接业务考核,,,同时符合下列两项条件：；工作或训练经历要求：具有2年以上省体育行政部门直属训练单位或国家队网球专业运动员训练经历，或地市级及（含）以上体育行政部门下辖的体育训练单位2年以上网球教练员执教经历；比赛成绩要求：本人或带训的运动员参加由省级及以上体育行政部门（含国家体育单项协会）主办的网球赛事获得前三名,,市属,深圳市文化广电旅游体育局,"40岁以下；同时符合下列两项条件：
（1）工作或训练经历要求：具有2年以上省体育行政部门直属训练单位或国家队网球专业运动员训练经历，或地市级及（含）以上体育行政部门下辖的体育训练单位2年以上网球教练员执教经历；
（2）比赛成绩要求：本人或带训的运动员参加由省级及以上体育行政部门（含国家体育单项协会）主办的网球赛事获得前三名。",
SZ2025149E0020,2026-jizhong,深圳,深圳市体育运动学校,乒乓球教练,从事乒乓球项目招生、训练和参赛组织工作。,专业技术类 十三级,1,不限,本科以上,,,体育教育（B040201）；运动训练（B040202）,体育教育训练学（A040303）；体育教学硕士（专业硕士）（A040305）；运动训练硕士（专业硕士）（A040306）,40岁以下,,,,,,面试或直接业务考核,,,同时符合下列两项条件：；工作或训练经历要求：具有2年以上省体育行政部门直属训练单位或国家队乒乓球专业运动员训练经历，或地市级及（含）以上体育行政部门下辖的体育训练单位2年以上乒乓球教练员执教经历；比赛成绩要求：本人或带训的运动员参加由省级及以上体育行政部门（含国家体育单项协会）主办的乒乓球赛事获得前三名,,市属,深圳市文化广电旅游体育局,"40岁以下；同时符合下列两项条件：
（1）工作或训练经历要求：具有2年以上省体育行政部门直属训练单位或国家队乒乓球专业运动员训练经历，或地市级及（含）以上体育行政部门下辖的体育训练单位2年以上乒乓球教练员执教经历；
（2）比赛成绩要求：本人或带训的运动员参加由省级及以上体育行政部门（含国家体育单项协会）主办的乒乓球赛事获得前三名。",
SZ2025149E0021,2026-jizhong,深圳,深圳市体育运动学校,射击教练,从事射击步手枪项目招生、训练和参赛组织工作。,专业技术类 十三级,1,不限,本科以上,学士及以上,,体育教育（B040201）；运动训练（B040202）,体育教育训练学（A040303）；体育教学硕士（专业硕士）（A040305）；运动训练硕士（专业硕士）（A040306）,40岁以下,,,,,,面试或直接业务考核,,,同时符合下列两项条件：；工作或训练经历要求：具有2年以上省体育行政部门直属训练单位或国家队射击专业运动员训练经历，或地市级及（含）以上体育行政部门下辖的体育训练单位2年以上射击教练员执教经历；比赛成绩要求：本人或带训的运动员参加由省级及以上体育行政部门（含国家体育单项协会）主办的射击赛事获得前三名,,市属,深圳市文化广电旅游体育局,"40岁以下；同时符合下列两项条件：
（1）工作或训练经历要求：具有2年以上省体育行政部门直属训练单位或国家队射击专业运动员训练经历，或地市级及（含）以上体育行政部门下辖的体育训练单位2年以上射击教练员执教经历；
（2）比赛成绩要求：本人或带训的运动员参加由省级及以上体育行政部门（含国家体育单项协会）主办的射击赛事获得前三名。",
SZ2025149C0004,2026-jizhong,深圳,深圳市慢性病防治中心,麻醉医师,从事手术室麻醉工作。,专业技术类 十一级,1,应届毕业生,博士研究生,博士,,,麻醉学（A100217）；麻醉学硕士（专业硕士）（A100235）,40岁以下,,,需持有执业医师资格证书,,,面试或直接业务考核,,,,,市属,深圳市卫生健康委员会,40岁以下；需持有执业医师资格证书。,
SZ2025149C0005,2026-jizhong,深圳,深圳市疾病预防控制中心,传染病防控科艾滋病防控,从事艾滋病预防控制工作。,专业技术类 十级,1,应届毕业生,博士研究生,博士,,,公共卫生与预防医学（A1004）,40岁以下,,,,,,面试或直接业务考核,,,,,市属,深圳市卫生健康委员会,40岁以下,
SZ2025149E0006,2026-jizhong,深圳,深圳市血液中心,检验部技师,从事临床医学血液安全质量检测工作。,专业技术类 十一级,1,不限,博士研究生,博士,,,生物医学工程（A0831）；临床检验诊断学（A100208）,40岁以下,,2年以上相关工作经历,,,,面试或直接业务考核,,,,,市属,深圳市卫生健康委员会,40岁以下；2年以上相关工作经历。,
SZ2025149E0007,2026-jizhong,深圳,深圳市慢性病防治中心,医学信息研究员,从事跨学科模型构建、医学数据整合、医学信息学研究及科研转化工作。,专业技术类 十一级,1,不限,博士研究生,博士,,,计算机科学与技术（A0812）,40岁以下,,2年以上相关工作经历,,,,面试或直接业务考核,,,,,市属,深圳市卫生健康委员会,40岁以下；2年以上相关工作经历。,
SZ2025149E0008,2026-jizhong,深圳,深圳市慢性病防治中心,皮肤科临床医师,从事常见及疑难皮肤病诊疗及科研工作。,专业技术类 十一级,1,不限,博士研究生,博士,,,皮肤病与性病学（A100206）,45岁以下,,,,医师,,面试或直接业务考核,,,具有住院医师规范化培训合格证,,市属,深圳市卫生健康委员会,45岁以下；具有住院医师规范化培训合格证。,
SZ2025149E0009,2026-jizhong,深圳,深圳市疾病预防控制中心,传染病防控科传染病监测预警及数据分析,从事传染病监测预警大数据分析，人工智能模型构建工作。,专业技术类 十级,1,不限,博士研究生,博士,,,计算机科学与技术（A0812）,45岁以下,,,,,,面试或直接业务考核,,,,,市属,深圳市卫生健康委员会,45岁以下,
SZ2025149E0010,2026-jizhong,深圳,深圳市疾病预防控制中心,营养与食品安全所食品安全风险评估,从事食品安全风险评估工作。,专业技术类 十级,1,不限,博士研究生,博士,,,食品科学（A083201）；流行病与卫生统计学（A100401）；营养与食品卫生学（A100403）,40岁以下,,,,,,面试或直接业务考核,,,,,市属,深圳市卫生健康委员会,40岁以下,
SZ2025149E0011,2026-jizhong,深圳,深圳市疾病预防控制中心,生物资源保藏与应用部宏基因组测序和基因组数据库管理,从事宏基因组测序和基因组数据库管理工作。,专业技术类 十级,1,不限,博士研究生,博士,,,微生物学（A071005）；基础兽医学（A091101）；公共卫生与预防医学（A1004）,40岁以下,,,,,,面试或直接业务考核,,,,,市属,深圳市卫生健康委员会,40岁以下,
LH2025013A0001,2026-jizhong,深圳,深圳市罗湖区廉洁建设保障促进中心,综合部门岗位,从事纪检监察、廉洁文化建设、综合性调研等工作。,管理类 九级,1,应届毕业生,博士研究生,博士,,,新闻传播学(A0503)；理学(A07),40岁以下,,,,,中共党员（含预备党员）,面试或直接业务考核,,,,,罗湖区,中国共产党深圳市罗湖区纪律检查委员会,"一、40岁以下；
二、中共党员（含预备党员）。",
LH2025013E0014,2026-jizhong,深圳,深圳市罗湖医院集团,放射科主治医师,从事放射科临床等工作。,专业技术类 十级,1,不限,博士研究生,博士,,,临床医学(A1002),45岁以下,,具有2年以上相关工作经历,取得医师资格证、医师执业证,主治医师,,面试或直接业务考核,,,本科专业须为：临床医学类（B1003）；经我市认定的高层次人才,,罗湖区,深圳市罗湖区卫生健康局,"一、45岁以下。
二、本科专业须为：临床医学类（B1003）。
三、具有2年以上相关工作经历。
四、取得医师资格证、医师执业证。
五、经我市认定的高层次人才。",
LH2025013E0011,2026-jizhong,深圳,深圳市罗湖医院集团,耳鼻喉科主治医师,从事耳鼻喉科临床等工作。,专业技术类 十级,2,不限,博士研究生,博士,,,临床医学(A1002)；中医学(A1005)；中西医结合(A1006),45岁以下,,具有2年以上相关工作经历,取得医师资格证、医师执业证,主治医师,,面试或直接业务考核,,,本科专业须为以下之一：临床医学类（B1003）、中医学类（B1008）、 中西医结合类（B1009）；经我市认定的高层次人才,,罗湖区,深圳市罗湖区卫生健康局,"一、45岁以下。
二、本科专业须为以下之一：临床医学类（B1003）、中医学类（B1008）、 中西医结合类（B1009）。
三、具有2年以上相关工作经历。
四、取得医师资格证、医师执业证。
五、经我市认定的高层次人才。",
LH2025013E0003,2026-jizhong,深圳,深圳市罗湖医院集团,超声科主治医师,从事超声科临床等工作。,专业技术类 十级,1,不限,博士研究生,博士,,,临床医学(A1002),45岁以下,,具有2年以上相关工作经历,取得医师资格证、医师执业证,主治医师,,面试或直接业务考核,,,本科专业须为：临床医学类（B1003）；经我市认定的高层次人才,,罗湖区,深圳市罗湖区卫生健康局,"一、45岁以下。
二、本科专业须为：临床医学类（B1003）。
三、具有2年以上相关工作经历。
四、取得医师资格证、医师执业证。
五、经我市认定的高层次人才。",
LH2025013E0002,2026-jizhong,深圳,深圳市罗湖医院集团,眼科主治医师,从事眼科临床等工作。,专业技术类 十级,2,不限,博士研究生,博士,,,临床医学(A1002)；中医学(A1005)；中西医结合(A1006),45岁以下,,具有2年以上相关工作经历,取得医师资格证、医师执业证,主治医师,,面试或直接业务考核,,,本科专业须为以下之一：临床医学类（B1003）、中医学类（B1008）、 中西医结合类（B1009）；经我市认定的高层次人才,,罗湖区,深圳市罗湖区卫生健康局,"一、45岁以下。
二、本科专业须为以下之一：临床医学类（B1003）、中医学类（B1008）、 中西医结合类（B1009）。
三、具有2年以上相关工作经历。
四、取得医师资格证、医师执业证。
五、经我市认定的高层次人才。",
LH2025013E0012,2026-jizhong,深圳,深圳市罗湖医院集团,老年病科主治医师,从事老年病中医诊治等工作。,专业技术类 十级,2,不限,博士研究生,博士,,,中医学(A1005)；中西医结合(A1006),45岁以下,,具有2年以上相关工作经历,取得医师资格证、医师执业证,主治医师,,面试或直接业务考核,,,本科专业须为以下之一：中医学类（B1008）、中西医结合类（B1009）；经我市认定的高层次人才,,罗湖区,深圳市罗湖区卫生健康局,"一、45岁以下。
二、本科专业须为以下之一：中医学类（B1008）、中西医结合类（B1009）。
三、具有2年以上相关工作经历。
四、取得医师资格证、医师执业证。
五、经我市认定的高层次人才。",
LH2025013E0005,2026-jizhong,深圳,深圳市罗湖医院集团,麻醉科主治医师,从事麻醉科临床等工作。,专业技术类 十级,1,不限,博士研究生,博士,,,临床医学(A1002),45岁以下,,具有2年以上相关工作经历,取得医师资格证、医师执业证,主治医师,,面试或直接业务考核,,,本科专业须为：临床医学类（B1003）；经我市认定的高层次人才,,罗湖区,深圳市罗湖区卫生健康局,"一、45岁以下。
二、本科专业须为：临床医学类（B1003）。
三、具有2年以上相关工作经历。
四、取得医师资格证、医师执业证。
五、经我市认定的高层次人才。",
LH2025013E0016,2026-jizhong,深圳,深圳市罗湖医院集团,生殖医学科主治医师,从事生殖医学科临床等工作。,专业技术类 十级,1,不限,博士研究生,博士,,,临床医学(A1002),45岁以下,,具有2年以上相关工作经历,取得医师资格证、医师执业证,主治医师,,面试或直接业务考核,,,本科专业须为：临床医学类（B1003）；经我市认定的高层次人才,,罗湖区,深圳市罗湖区卫生健康局,"一、45岁以下。
二、本科专业须为：临床医学类（B1003）。
三、具有2年以上相关工作经历。
四、取得医师资格证、医师执业证。
五、经我市认定的高层次人才。",
LH2025013E0015,2026-jizhong,深圳,深圳市罗湖医院集团,肺病科副主任医师,从事肺病科临床等工作。,专业技术类 七级,1,不限,博士研究生,博士,,,临床医学(A1002),45岁以下,,具有2年以上相关工作经历,取得医师资格证、医师执业证,副主任医师,,面试或直接业务考核,,,本科专业须为：临床医学类（B1003）；满足以下条件之一：；经我市认定的高层次人才；近五年以来连续在省部级以上医学类重点学科（专科）从事肺病科相关岗位工作的骨干,,罗湖区,深圳市罗湖区卫生健康局,"一、45岁以下。
二、本科专业须为：临床医学类（B1003）。
三、具有2年以上相关工作经历。
四、取得医师资格证、医师执业证。
五、满足以下条件之一：
（一）经我市认定的高层次人才；
（二）近五年以来连续在省部级以上医学类重点学科（专科）从事肺病科相关岗位工作的骨干。",
LH2025013E0008,2026-jizhong,深圳,深圳市罗湖医院集团,中医肿瘤科副主任医师,从事中医肿瘤中医诊治等工作。,专业技术类 七级,1,不限,博士研究生,博士,,,中医学(A1005)；中西医结合(A1006),45岁以下,,具有2年以上相关工作经历,取得医师资格证、医师执业证,副主任医师,,面试或直接业务考核,,,本科专业须为以下之一：中医学类（B1008）、中西医结合类（B1009）；满足以下条件之一：；经我市认定的高层次人才；近五年以来连续在省部级以上医学类重点学科（专科）从事中医肿瘤相关岗位工作的骨干,,罗湖区,深圳市罗湖区卫生健康局,"一、45岁以下。
二、本科专业须为以下之一：中医学类（B1008）、中西医结合类（B1009）。
三、具有2年以上相关工作经历。
四、取得医师资格证、医师执业证。
五、满足以下条件之一：
（一）经我市认定的高层次人才；
（二）近五年以来连续在省部级以上医学类重点学科（专科）从事中医肿瘤相关岗位工作的骨干。",
LH2025013E0009,2026-jizhong,深圳,深圳市罗湖医院集团,老年病科副主任医师,从事老年病中医诊治等工作。,专业技术类 七级,1,不限,博士研究生,博士,,,中医学(A1005)；中西医结合(A1006),45岁以下,,具有2年以上相关工作经历,取得医师资格证、医师执业证,副主任医师,,面试或直接业务考核,,,本科专业须为以下之一：中医学类（B1008）、 中西医结合类（B1009）；满足以下条件之一：；经我市认定的高层次人才；近五年以来连续在省部级以上医学类重点学科（专科）从事老年病相关岗位工作的骨干,,罗湖区,深圳市罗湖区卫生健康局,"一、45岁以下。
二、本科专业须为以下之一：中医学类（B1008）、 中西医结合类（B1009）。
三、具有2年以上相关工作经历。
四、取得医师资格证、医师执业证。
五、满足以下条件之一：
（一）经我市认定的高层次人才；
（二）近五年以来连续在省部级以上医学类重点学科（专科）从事老年病相关岗位工作的骨干。",
LH2025013E0006,2026-jizhong,深圳,深圳市罗湖医院集团,生殖医学科主管技师,从事生殖医学科诊治等工作。,专业技术类 十级,1,不限,博士研究生,博士,,,生物学(A0710),45岁以下,,具有2年以上相关工作经历,,主管技师,,面试或直接业务考核,,,本科专业须为：生物科学类（B0710）；经我市认定的高层次人才,,罗湖区,深圳市罗湖区卫生健康局,"一、45岁以下。
二、本科专业须为：生物科学类（B0710）。
三、具有2年以上相关工作经历。
四、经我市认定的高层次人才。",
LH2025013E0013,2026-jizhong,深圳,深圳市罗湖医院集团,脑病科主治医师,从事脑病科中医诊治等工作。,专业技术类 十级,1,不限,博士研究生,博士,,,中医学(A1005)；中西医结合(A1006),45岁以下,,具有2年以上相关工作经历,取得医师资格证、医师执业证,主治医师,,面试或直接业务考核,,,本科专业须为以下之一：中医学类（B1008）、 中西医结合类（B1009）；经我市认定的高层次人才,,罗湖区,深圳市罗湖区卫生健康局,"一、45岁以下。
二、本科专业须为以下之一：中医学类（B1008）、 中西医结合类（B1009）。
三、具有2年以上相关工作经历。
四、取得医师资格证、医师执业证。
五、经我市认定的高层次人才。",
LH2025013E0004,2026-jizhong,深圳,深圳市罗湖医院集团,针灸科副主任医师,从事针灸科中医诊治等工作。,专业技术类 七级,1,不限,博士研究生,博士,,,中医学(A1005)；中西医结合(A1006),45岁以下,,具有2年以上相关工作经历,取得医师资格证、医师执业证,副主任医师,,面试或直接业务考核,,,本科专业须为以下之一：中医学类（B1008）、 中西医结合类（B1009）；满足以下条件之一：；经我市认定的高层次人才；近五年以来连续在省部级以上医学类重点学科（专科）从事针灸科相关岗位工作的骨干,,罗湖区,深圳市罗湖区卫生健康局,"一、45岁以下。
二、本科专业须为以下之一：中医学类（B1008）、 中西医结合类（B1009）。
三、具有2年以上相关工作经历。
四、取得医师资格证、医师执业证。
五、满足以下条件之一：
（一）经我市认定的高层次人才；
（二）近五年以来连续在省部级以上医学类重点学科（专科）从事针灸科相关岗位工作的骨干。",
LH2025013E0001,2026-jizhong,深圳,深圳市罗湖医院集团,康复科副主任医师,从事康复科临床等工作。,专业技术类 七级,1,不限,博士研究生,博士,,,临床医学(A1002)；中医学(A1005)；中西医结合(A1006),45岁以下,,具有2年以上相关工作经历,取得医师资格证、医师执业证,副主任医师,,面试或直接业务考核,,,本科专业须为以下之一：临床医学类（B1003）、中医学类（B1008）、 中西医结合类（B1009）；满足以下条件之一：；经我市认定的高层次人才；近五年以来连续在省部级以上医学类重点学科（专科）从事康复科相关岗位工作的骨干,,罗湖区,深圳市罗湖区卫生健康局,"一、45岁以下。
二、本科专业须为以下之一：临床医学类（B1003）、中医学类（B1008）、 中西医结合类（B1009）。
三、具有2年以上相关工作经历。
四、取得医师资格证、医师执业证。
五、满足以下条件之一：
（一）经我市认定的高层次人才；
（二）近五年以来连续在省部级以上医学类重点学科（专科）从事康复科相关岗位工作的骨干。",
LH2025013E0010,2026-jizhong,深圳,深圳市罗湖医院集团,医学检验中心主管技师,从事医学检验中心检验等工作。,专业技术类 十级,1,不限,博士研究生,博士,,,药学(A1007),45岁以下,,具有2年以上相关工作经历,,主管技师或主管药师,,面试或直接业务考核,,,本科专业须为：药学类（B1010）；经我市认定的高层次人才,,罗湖区,深圳市罗湖区卫生健康局,"一、45岁以下。
二、本科专业须为：药学类（B1010）。
三、具有2年以上相关工作经历。
四、经我市认定的高层次人才。",
LH2025013E0007,2026-jizhong,深圳,深圳市罗湖医院集团,口腔科副主任医师,从事口腔科口腔诊治等工作。,专业技术类 七级,1,不限,博士研究生,博士,,,口腔医学(A1003),45岁以下,,具有2年以上相关工作经历,取得医师资格证、医师执业证,副主任医师,,面试或直接业务考核,,,本科专业须为：口腔医学类（B1006）；满足以下条件之一：；经我市认定的高层次人才；近五年以来连续在省部级以上医学类重点学科（专科）从事口腔科相关岗位工作的骨干,,罗湖区,深圳市罗湖区卫生健康局,"一、45岁以下。
二、本科专业须为：口腔医学类（B1006）。
三、具有2年以上相关工作经历。
四、取得医师资格证、医师执业证。
五、满足以下条件之一：
（一）经我市认定的高层次人才；
（二）近五年以来连续在省部级以上医学类重点学科（专科）从事口腔科相关岗位工作的骨干。",
YT2025009E0001,2026-jizhong,深圳,深圳市盐田区人民医院,眼科学科带头人,从事眼科专业技术及科室管理工作。,专业技术类 四级,1,不限,硕士研究生以上,硕士及以上,,,眼科学（A100212）；眼科学硕士（专业硕士）（A100230）,50岁以下,,,,主任医师,,面试或直接业务考核,,,近五年连续在省部级以上医学类重点学科（眼科专科）工作,,盐田区,深圳市盐田区卫生健康局,50岁以下；近五年连续在省部级以上医学类重点学科（眼科专科）工作,
YT2025009E0002,2026-jizhong,深圳,深圳市盐田区人民医院,眼科骨干,从事眼科专业技术工作。,专业技术类 七级,1,不限,硕士研究生以上,硕士及以上,,,眼科学（A100212）；眼科学硕士（专业硕士）（A100230）,45岁以下,,,,副主任医师,,面试或直接业务考核,,,近五年连续在省部级以上医学类重点学科（眼科专科）工作，且在聘副高级专业技术岗位2年以上,,盐田区,深圳市盐田区卫生健康局,45岁以下；近五年连续在省部级以上医学类重点学科（眼科专科）工作，且在聘副高级专业技术岗位2年以上；具有正高职称的年龄放宽到50周岁,具有正高职称的年龄放宽到50周岁
YT2025009E0003,2026-jizhong,深圳,深圳市盐田区人民医院,脊柱外科学科带头人,从事脊柱外科专业技术及科室管理工作。,专业技术类 四级,1,不限,硕士研究生以上,硕士及以上,,,外科学（A100210）；外科学硕士（专业硕士）（A100227）,50岁以下,,,,主任医师,,面试或直接业务考核,,,近五年连续在省部级以上医学类重点学科（脊柱外科专科）工作,,盐田区,深圳市盐田区卫生健康局,50岁以下；近五年连续在省部级以上医学类重点学科（脊柱外科专科）工作,
YT2025009E0004,2026-jizhong,深圳,深圳市盐田区人民医院,介入医学科学科带头人,从事介入科专业技术及科室管理工作。,专业技术类 四级,1,不限,硕士研究生以上,硕士及以上,,,临床医学（A1002）,50岁以下,,,,主任医师,,面试或直接业务考核,,,近五年连续在省部级以上医学类重点学科（介入医学专科）工作,,盐田区,深圳市盐田区卫生健康局,50岁以下；近五年连续在省部级以上医学类重点学科（介入医学专科）工作,
YT2025009E0005,2026-jizhong,深圳,深圳市盐田区人民医院,新生儿科学科带头人,从事新生儿科专业技术及科室管理工作。,专业技术类 七级,1,不限,硕士研究生以上,硕士及以上,,,儿科学（A100202）；儿科学硕士（专业硕士）（A100220）,45岁以下,,,,副主任医师,,面试或直接业务考核,,,近五年连续在省部级以上医学类重点学科（新生儿专科）工作，且在聘副高级专业技术岗位2年以上,,盐田区,深圳市盐田区卫生健康局,45岁以下；近五年连续在省部级以上医学类重点学科（新生儿专科）工作，且在聘副高级专业技术岗位2年以上；具有正高职称的年龄放宽到50周岁,具有正高职称的年龄放宽到50周岁
YT2025009E0006,2026-jizhong,深圳,深圳市盐田区人民医院,产科学科带头人,从事产科专业技术及科室管理工作。,专业技术类 四级,1,不限,硕士研究生以上,硕士及以上,,,妇产科学（A100211）；妇产科学硕士（专业硕士）（A100229）,50岁以下,,,,主任医师,,面试或直接业务考核,,,近五年连续在省部级以上医学类重点学科（产科专科）工作,,盐田区,深圳市盐田区卫生健康局,50岁以下；近五年连续在省部级以上医学类重点学科（产科专科）工作,
YT2025009E0007,2026-jizhong,深圳,深圳市盐田区人民医院,中医科学科带头人,从事中医科专业技术及科室管理工作。,专业技术类 四级,1,不限,硕士研究生以上,硕士及以上,,,中医学（A1005）,50岁以下,,,,主任医师,,面试或直接业务考核,,,近五年连续在省部级以上医学类重点学科（中医专科）工作,,盐田区,深圳市盐田区卫生健康局,50岁以下；近五年连续在省部级以上医学类重点学科（中医专科）工作,
YT2025009E0008,2026-jizhong,深圳,深圳市盐田区人民医院,心胸外科学科带头人,从事心胸外科专业技术及科室管理工作。,专业技术类 四级,1,不限,硕士研究生以上,硕士及以上,,,外科学（A100210）；外科学硕士（专业硕士）（A100227）,50岁以下,,,,主任医师,,面试或直接业务考核,,,近五年连续在省部级以上医学类重点学科（心胸外科专科）工作,,盐田区,深圳市盐田区卫生健康局,50岁以下；近五年连续在省部级以上医学类重点学科（心胸外科专科）工作,
YT2025009E0009,2026-jizhong,深圳,深圳市盐田区人民医院,急诊内科骨干,从事急诊医学科专业技术工作。,专业技术类 七级,1,不限,硕士研究生以上,硕士及以上,,,内科学（A100201）；急诊医学（A100218）；内科学硕士（专业硕士）（A100219）；急诊医学硕士（专业硕士）（A100236）,45岁以下,,,,副主任医师,,面试或直接业务考核,,,近五年连续在省部级以上医学类重点学科（急诊专科）工作，且在聘副高级专业技术岗位2年以上,,盐田区,深圳市盐田区卫生健康局,45岁以下；近五年连续在省部级以上医学类重点学科（急诊专科）工作，且在聘副高级专业技术岗位2年以上；具有正高职称的年龄放宽到50周岁,具有正高职称的年龄放宽到50周岁
YT2025009E0010,2026-jizhong,深圳,深圳市盐田区人民医院,重症医学科骨干,从事重症医学科专业技术工作。,专业技术类 七级,1,不限,硕士研究生以上,硕士及以上,,,内科学（A100201）；急诊医学（A100218）；内科学硕士（专业硕士）（A100219）；急诊医学硕士（专业硕士）（A100236）,45岁以下,,,,副主任医师,,面试或直接业务考核,,,近五年连续在省部级以上医学类重点学科（重症医学专科）工作，且在聘副高级专业技术岗位2年以上,,盐田区,深圳市盐田区卫生健康局,45岁以下；近五年连续在省部级以上医学类重点学科（重症医学专科）工作，且在聘副高级专业技术岗位2年以上；具有正高职称的年龄放宽到50周岁,具有正高职称的年龄放宽到50周岁
YT2025009E0011,2026-jizhong,深圳,深圳市盐田区人民医院,消化内科骨干,从事消化内科专业技术工作。,专业技术类 七级,1,不限,硕士研究生以上,硕士及以上,,,内科学（A100201）；内科学硕士（专业硕士）（A100219）,45岁以下,,,,副主任医师,,面试或直接业务考核,,,近五年连续在省部级以上医学类重点学科（消化内科专科）工作，且在聘副高级专业技术岗位2年以上,,盐田区,深圳市盐田区卫生健康局,45岁以下；近五年连续在省部级以上医学类重点学科（消化内科专科）工作，且在聘副高级专业技术岗位2年以上；具有正高职称的年龄放宽到50周岁,具有正高职称的年龄放宽到50周岁
YT2025009E0012,2026-jizhong,深圳,深圳市盐田区人民医院,麻醉科骨干,从事麻醉科专业技术工作。,专业技术类 七级,1,不限,硕士研究生以上,硕士及以上,,,外科学（A100210）；外科学硕士（专业硕士）（A100227）,45岁以下,,,,副主任医师,,面试或直接业务考核,,,近五年连续在省部级以上医学类重点学科（麻醉科专科）工作，且在聘副高级专业技术岗位2年以上,,盐田区,深圳市盐田区卫生健康局,45岁以下；近五年连续在省部级以上医学类重点学科（麻醉科专科）工作，且在聘副高级专业技术岗位2年以上；具有正高职称的年龄放宽到50周岁,具有正高职称的年龄放宽到50周岁
YT2025009E0013,2026-jizhong,深圳,深圳市盐田区人民医院,精神科骨干,从事精神科专业技术工作。,专业技术类 七级,1,不限,硕士研究生以上,硕士及以上,,,精神病与精神卫生学（A100205）；精神病与精神卫生学硕士（专业硕士）（A100223）,45岁以下,,,,副主任医师,,面试或直接业务考核,,,近五年连续在省部级以上医学类重点学科（精神科专科）工作，且在聘副高级专业技术岗位2年以上,,盐田区,深圳市盐田区卫生健康局,45岁以下；近五年连续在省部级以上医学类重点学科（精神科专科）工作，且在聘副高级专业技术岗位2年以上；具有正高职称的年龄放宽到50周岁,具有正高职称的年龄放宽到50周岁
YT2025009E0014,2026-jizhong,深圳,深圳市盐田区人民医院,病理科学科带头人,从事病理科专业技术及科室管理工作。,专业技术类 四级,1,不限,硕士研究生以上,硕士及以上,,,病理学与病理生理学（A100104）；临床病理（专业硕士）（A100240）,50岁以下,,,,主任医师,,面试或直接业务考核,,,近五年连续在省部级以上医学类重点学科（病理专科）工作,,盐田区,深圳市盐田区卫生健康局,50岁以下；近五年连续在省部级以上医学类重点学科（病理专科）工作,
YT2025009E0015,2026-jizhong,深圳,深圳市盐田区人民医院,超声影像科骨干,从事超声影像科专业技术工作。,专业技术类 七级,1,不限,硕士研究生以上,硕士及以上,,,影像医学与核医学（A100207）；影像医学与核医学硕士（专业硕士）（A100225）,45岁以下,,,,副主任医师,,面试或直接业务考核,,,近五年连续在省部级以上医学类重点学科（超声影像专科）工作，且在聘副高级专业技术岗位2年以上,,盐田区,深圳市盐田区卫生健康局,45岁以下；近五年连续在省部级以上医学类重点学科（超声影像专科）工作，且在聘副高级专业技术岗位2年以上；具有正高职称的年龄放宽到50周岁,具有正高职称的年龄放宽到50周岁
LX2025014A0001,2026-jizhong,深圳,中共深圳市龙华区委党校,教学科研岗2,从事教学科研等工作。,专业技术类 十三级,1,应届毕业生,博士研究生,博士,,,哲学（A01）；经济学（A02）；法学（A0301）；政治学（A0302）；传播学（A050302）；历史学（A06）；电子科学与技术（A0809）；信息与通信工程（A0810）；计算机科学与技术（A0812）；软件工程（A0835）；网络空间安全（A0839）,40岁以下,,,,,中共党员（含预备党员）,面试或直接业务考核,,,,,龙华区,中共深圳市龙华区委党校,40岁以下；中共党员（含预备党员）。,
LX2025014A0002,2026-jizhong,深圳,中共深圳市龙华区委党校,教学科研岗1,从事教学科研等工作。,专业技术类 十三级,1,应届毕业生,博士研究生,博士,,,马克思主义哲学（A010101）；科学社会主义与国际共产主义运动（A030203）；中共党史（含：党的学说与党的建设）（A030204）；马克思主义理论（A0305）,40岁以下,,,,,中共党员（含预备党员）,面试或直接业务考核,,,,,龙华区,中共深圳市龙华区委党校,40岁以下；中共党员（含预备党员）。,
LX2025014E0001,2026-jizhong,深圳,深圳市龙华区疾病预防控制中心,检验室检验技师,从事检验室检验等工作。,专业技术类 十一级,1,不限,博士研究生,博士,,,分析化学（A070302）；微生物学（A071005）；生物化学与分子生物学（A071010）；环境科学与工程（A0830）；病原生物学（A100103）,40岁以下,,,,,,面试或直接业务考核,,,,,龙华区,深圳市龙华区卫生健康局,40岁以下,
LX2025014E0002,2026-jizhong,深圳,深圳市龙华区中心医院,运动医学科主任医师,从事运动医学专业临床诊疗等工作。,专业技术类 四级,1,不限,硕士研究生以上,硕士及以上,,,临床医学（A1002）,50岁以下,,具有2年以上相关工作经历,,主任医师,,面试或直接业务考核,,,,,龙华区,深圳市龙华区卫生健康局,50岁以下；具有2年以上相关工作经历。,
LX2025014E0003,2026-jizhong,深圳,深圳市龙华区中心医院,重症医学科主任医师,从事重症医学专业临床诊疗等工作。,专业技术类 四级,1,不限,硕士研究生以上,硕士及以上,,,临床医学（A1002）,50岁以下,,具有2年以上相关工作经历,,主任医师,,面试或直接业务考核,,,近五年来连续在省部级以上医学类重点学科（专科）工作,,龙华区,深圳市龙华区卫生健康局,50岁以下；近五年来连续在省部级以上医学类重点学科（专科）工作；具有2年以上相关工作经历。,
LX2025014E0004,2026-jizhong,深圳,深圳市龙华区中心医院,肿瘤科主治医师,从事肿瘤学专业临床诊疗等工作。,专业技术类 十级,1,不限,博士研究生,博士,,,临床医学（A1002）,40岁以下,,具有2年以上相关工作经历,,主治医师,,面试或直接业务考核,,,,,龙华区,深圳市龙华区卫生健康局,40岁以下；具有2年以上相关工作经历。,
LX2025014E0005,2026-jizhong,深圳,深圳市龙华区中心医院,耳鼻咽喉科主任医师,从事耳鼻咽喉科学专业临床诊疗等工作。,专业技术类 四级,1,不限,硕士研究生以上,硕士及以上,,,临床医学（A1002）,50岁以下,,具有2年以上相关工作经历,,主任医师,,面试或直接业务考核,,,,,龙华区,深圳市龙华区卫生健康局,50岁以下；具有2年以上相关工作经历。,
LX2025014E0006,2026-jizhong,深圳,深圳市龙华区慢性病防治中心,口腔科医生,从事口腔门诊临床诊疗和口腔防治等工作。,专业技术类 四级,1,不限,本科以上,学士及以上,,口腔医学（B100601）,口腔临床医学（A100302）,50岁以下,,具有2年以上相关工作经历,,主任医师,,面试或直接业务考核,,,,,龙华区,深圳市龙华区卫生健康局,50岁以下；具有2年以上相关工作经历。,
LX2025014E0007,2026-jizhong,深圳,深圳市龙华区慢性病防治中心,皮肤科医生,从事皮肤科门诊临床诊疗和皮肤性病防治等工作。,专业技术类 七级,1,不限,硕士研究生以上,硕士及以上,,,皮肤病与性病学（A100206）；皮肤病与性病学硕士（专业硕士）（A100224）,45岁以下,,具有2年以上相关工作经历,,副主任医师,,面试或直接业务考核,,,,,龙华区,深圳市龙华区卫生健康局,45岁以下；具有2年以上相关工作经历。,
LX2025014E0008,2026-jizhong,深圳,深圳市龙华区慢性病防治中心,精神卫生医生,从事精神卫生临床诊疗等工作。,专业技术类 七级,1,不限,硕士研究生以上,硕士及以上,,,精神病与精神卫生学（A100205）；精神病与精神卫生学硕士（专业硕士）（A100223）,45岁以下,,具有2年以上相关工作经历,,副主任医师,,面试或直接业务考核,,,,,龙华区,深圳市龙华区卫生健康局,45岁以下；具有2年以上相关工作经历。,
LX2025014E0009,2026-jizhong,深圳,深圳市龙华区人民医院,介入科学科带头人,从事介入临床诊疗等工作。,专业技术类 七级,1,不限,博士研究生,博士,,,临床医学（A1002）,45岁以下,,具有2年以上相关工作经历,,副主任医师,,面试或直接业务考核,,,近五年来连续在省部级以上医学类重点学科（专科）工作,,龙华区,深圳市龙华区卫生健康局,45岁以下；近五年来连续在省部级以上医学类重点学科（专科）工作；具有2年以上相关工作经历。,
LX2025014E0010,2026-jizhong,深圳,深圳市龙华区人民医院,呼吸与危重症医学科学科带头人,从事呼吸与危重症临床诊疗等工作。,专业技术类 四级,1,不限,博士研究生,博士,,,临床医学（A1002）,50岁以下,,具有2年以上相关工作经历,,主任医师,,面试或直接业务考核,,,近五年来连续在省部级以上医学类重点学科（专科）工作,,龙华区,深圳市龙华区卫生健康局,50岁以下；近五年来连续在省部级以上医学类重点学科（专科）工作；具有2年以上相关工作经历。,
LX2025014E0011,2026-jizhong,深圳,深圳市龙华区人民医院,心血管内科学科带头人,从事心血管临床诊疗等工作。,专业技术类 四级,1,不限,博士研究生,博士,,,临床医学（A1002）,50岁以下,,具有2年以上相关工作经历,,主任医师,,面试或直接业务考核,,,近五年来连续在省部级以上医学类重点学科（专科）工作,,龙华区,深圳市龙华区卫生健康局,50岁以下；近五年来连续在省部级以上医学类重点学科（专科）工作；具有2年以上相关工作经历。,
LX2025014E0012,2026-jizhong,深圳,深圳市龙华区人民医院,胃肠外科学科带头人,从事胃肠外科临床诊疗等工作。,专业技术类 七级,1,不限,博士研究生,博士,,,外科学（A100210）,45岁以下,,具有2年以上相关工作经历,,副主任医师,,面试或直接业务考核,,,近五年来连续在省部级以上医学类重点学科（专科）工作,,龙华区,深圳市龙华区卫生健康局,45岁以下；近五年来连续在省部级以上医学类重点学科（专科）工作；具有2年以上相关工作经历。,
LX2025014E0013,2026-jizhong,深圳,深圳市龙华区人民医院,神经外科骨干,从事神经外科临床诊疗等工作。,专业技术类 七级,1,不限,博士研究生,博士,,,外科学（A100210）,45岁以下,,具有2年以上相关工作经历,,副主任医师,,面试或直接业务考核,,,近五年来连续在省部级以上医学类重点学科（专科）工作,,龙华区,深圳市龙华区卫生健康局,45岁以下；近五年来连续在省部级以上医学类重点学科（专科）工作；具有2年以上相关工作经历。,
LX2025014E0014,2026-jizhong,深圳,深圳市龙华区人民医院,医学影像科学科带头人,从事医学影像临床诊疗等工作。,专业技术类 四级,1,不限,博士研究生,博士,,,临床医学（A1002）,50岁以下,,具有2年以上相关工作经历,,主任医师,,面试或直接业务考核,,,近五年来连续在省部级以上医学类重点学科（专科）工作,,龙华区,深圳市龙华区卫生健康局,50岁以下；近五年来连续在省部级以上医学类重点学科（专科）工作；具有2年以上相关工作经历。,
LX2025014E0015,2026-jizhong,深圳,深圳市龙华区人民医院,产科学科带头人,从事产科临床诊疗等工作。,专业技术类 七级,1,不限,博士研究生,博士,,,妇产科学（A100211）,45岁以下,,具有2年以上相关工作经历,,副主任医师,,面试或直接业务考核,,,近五年来连续在省部级以上医学类重点学科（专科）工作,,龙华区,深圳市龙华区卫生健康局,45岁以下；近五年来连续在省部级以上医学类重点学科（专科）工作；具有2年以上相关工作经历。,
LX2025014E0016,2026-jizhong,深圳,深圳市龙华区人民医院,皮肤科学科带头人,从事皮肤临床诊疗等工作。,专业技术类 七级,1,不限,博士研究生,博士,,,皮肤病与性病学（A100206）,45岁以下,,具有2年以上相关工作经历,,副主任医师,,面试或直接业务考核,,,近五年来连续在省部级以上医学类重点学科（专科）工作,,龙华区,深圳市龙华区卫生健康局,45岁以下；近五年来连续在省部级以上医学类重点学科（专科）工作；具有2年以上相关工作经历。,
LX2025014E0017,2026-jizhong,深圳,深圳市龙华区人民医院,重症医学科学科带头人,从事重症医学临床诊疗等工作。,专业技术类 四级,1,不限,博士研究生,博士,,,内科学（A100201）,50岁以下,,具有2年以上相关工作经历,,主任医师,,面试或直接业务考核,,,近五年来连续在省部级以上医学类重点学科（专科）工作,,龙华区,深圳市龙华区卫生健康局,50岁以下；近五年来连续在省部级以上医学类重点学科（专科）工作；具有2年以上相关工作经历。,
LX2025014E0018,2026-jizhong,深圳,深圳市龙华区人民医院,全科医学科学科带头人,从事全科临床诊疗等工作。,专业技术类 四级,1,不限,博士研究生,博士,,,临床医学（A1002）,50岁以下,,具有2年以上相关工作经历,,主任医师,,面试或直接业务考核,,,近五年来连续在省部级以上医学类重点学科（专科）工作,,龙华区,深圳市龙华区卫生健康局,50岁以下；近五年来连续在省部级以上医学类重点学科（专科）工作；具有2年以上相关工作经历。,
LX2025014E0019,2026-jizhong,深圳,深圳市龙华区妇幼保健院,产科医师,从事产科日常诊疗以及科研等工作。,专业技术类 十一级,1,不限,博士研究生,博士,,,妇产科学（A100211）,40岁以下,,,,医师,,面试或直接业务考核,,,,,龙华区,深圳市龙华区卫生健康局,40岁以下,
LX2025014E0020,2026-jizhong,深圳,深圳市龙华区妇幼保健院,儿童康复中心医师,从事儿童康复中心日常诊疗以及科研等工作。,专业技术类 十一级,1,不限,博士研究生,博士,,,康复医学与理疗学（A100215）,40岁以下,,,,医师,,面试或直接业务考核,,,,,龙华区,深圳市龙华区卫生健康局,40岁以下,
LX2025014E0021,2026-jizhong,深圳,深圳市龙华区妇幼保健院,口腔科学科带头人,从事口腔科日常诊疗以及科室管理等工作。,专业技术类 七级,1,不限,硕士研究生以上,硕士及以上,,,口腔医学（A1003）,50岁以下,,具有2年以上相关工作经历,,主任医师,,面试或直接业务考核,,,近五年来连续在省部级以上医学类重点学科（专科）工作,,龙华区,深圳市龙华区卫生健康局,50岁以下；近五年来连续在省部级以上医学类重点学科（专科）工作；具有2年以上相关工作经历。,
LX2025014E0022,2026-jizhong,深圳,深圳市龙华区妇幼保健院,儿科骨干,从事儿科日常诊疗等工作。,专业技术类 七级,1,不限,硕士研究生以上,硕士及以上,,,儿科学（A100202）,50岁以下,,具有2年以上相关工作经历,,主任医师,,面试或直接业务考核,,,,,龙华区,深圳市龙华区卫生健康局,50岁以下；具有2年以上相关工作经历。,
LX2025014E0023,2026-jizhong,深圳,深圳市龙华区妇幼保健院,研究员,从事医院科研等工作。,专业技术类 十一级,1,不限,博士研究生,博士,,,内科学（A100201）,45岁以下,,具有2年以上相关工作经历,,副研究员,,面试或直接业务考核,,,,,龙华区,深圳市龙华区卫生健康局,45岁以下；具有2年以上相关工作经历。,
LX2025014E0024,2026-jizhong,深圳,深圳市龙华区妇幼保健院,儿童保健科学科带头人,从事儿童保健科日常诊疗以及科室管理等工作。,专业技术类 四级,1,不限,本科以上,学士及以上,,临床医学类（B1003）,儿科学（A100202）,50岁以下,,具有2年以上相关工作经历,,主任医师,,面试或直接业务考核,,,近五年来连续在省部级以上医学类重点学科（专科）工作,,龙华区,深圳市龙华区卫生健康局,50岁以下；近五年来连续在省部级以上医学类重点学科（专科）工作；具有2年以上相关工作经历。,
PS2025014E0001,2026-jizhong,深圳,中共深圳市坪山区委政策研究室,改革创新部管理岗位九级,从事生物医药等领域政策研究及改革项目推进工作。,管理类 九级,1,不限,博士研究生,博士,,,哲学(A0101)；理论经济学(A0201)；应用经济学(A0202)；社会学(A0303)；中国语言文学(A0501)；生物学(A0710)；生物化工(A081703)；生物医学工程(A0831)；生物工程(A0836)；管理科学与工程(A1201)；工商管理(A1202)；公共管理(A1204),40岁以下,,,,,中共党员（含预备党员）,面试或直接业务考核,,,,,坪山区,中共深圳市坪山区委政策研究室,40岁以下；中共党员（含预备党员）,
PS2025014E0002,2026-jizhong,深圳,中共深圳市坪山区委政策研究室,政策研究部管理岗位九级,从事新能源等领域产业政策研究工作。,管理类 九级,1,不限,博士研究生,博士,,,哲学(A0101)；理论经济学(A0201)；应用经济学(A0202)；政治学(A0302)；马克思主义理论(A0305)；动力工程及工程热物理(A0807)；电气工程(A0808)；管理科学与工程(A1201)；工商管理(A1202)；公共管理(A1204),40岁以下,,,,,中共党员（含预备党员）,面试或直接业务考核,,,,,坪山区,中共深圳市坪山区委政策研究室,40岁以下；中共党员（含预备党员）,
PS2025014E0003,2026-jizhong,深圳,深圳市坪山区科技创新服务中心,生物产业服务部管理岗位九级,从事服务药物研究相关动物实验平台和机构等工作。,管理类 九级,1,不限,博士研究生,博士,,,动物学(A071002)；动物遗传育种与繁殖(A091001)；动物营养与饲料科学(A091002),40岁以下,,2年以上相关工作经历,,,,面试或直接业务考核,,,,,坪山区,深圳市坪山区科技创新局,40岁以下；2年以上相关工作经历,
